building_id,damage_grade
300051,3
99355,2
890251,3
745817,1
421793,3
871976,3
691228,1
896100,3
343471,3
766647,2
800548,1
652685,2
590834,2
612530,3
535718,1
269418,3
281421,2
797571,3
216579,3
81554,2
132785,2
976125,2
851237,3
322922,3
786774,1
922680,3
134349,3
551456,2
194812,1
520031,3
765502,3
517764,1
174470,2
395012,3
159776,3
62638,3
65760,2
761527,2
37201,2
853163,3
562505,3
349010,3
780817,2
179897,2
845103,2
171560,1
586661,3
84102,2
610806,3
269531,2
3781,3
127674,2
820462,3
955190,2
405557,1
143219,3
360041,1
378036,3
613583,2
992040,3
849585,2
491236,3
847580,3
229211,3
173624,1
642562,2
86467,2
684629,2
304627,1
255913,3
861624,3
367328,1
13216,3
838446,3
981040,3
335849,3
823769,3
666855,2
398783,1
829946,1
326177,3
359387,3
924578,1
712624,1
946541,2
373943,2
865274,1
522404,2
841632,3
649142,1
332157,1
722082,1
279597,2
107512,2
26477,2
138895,3
553866,3
157718,1
582842,3
123399,2
189875,2
70843,1
225218,1
703273,3
245176,2
760257,3
641933,2
76772,2
302226,2
535232,2
311900,2
859468,3
496582,3
970295,1
38184,2
533972,3
787930,1
706637,3
684359,2
744804,2
675284,2
900064,2
13833,2
483231,3
993785,2
91756,1
116435,3
27649,2
806119,2
527762,1
119879,2
521901,2
960588,2
150992,1
136949,1
681857,3
676342,2
85413,2
242230,3
46916,3
343837,3
693348,2
826208,2
639042,1
180348,2
997642,2
1014983,3
995476,3
599482,2
405738,3
209844,3
51119,1
1009242,2
260072,2
504317,2
678345,2
96671,1
738466,2
475174,1
767788,1
73477,1
140388,3
514634,3
59716,3
1038485,3
531485,3
666051,3
799813,1
420703,2
589536,3
661373,3
183074,3
875195,2
734876,3
988161,1
596967,3
370776,3
422000,1
829879,2
622400,2
789622,3
780895,1
14602,2
988846,3
1052375,3
101200,3
1005009,3
892887,3
582579,2
643663,2
420773,2
593771,2
678254,1
842277,3
797666,2
247831,3
987658,1
738804,3
803821,2
450829,3
490713,3
317799,2
260213,2
563507,2
890921,3
358475,2
877097,3
611331,3
140112,2
489116,1
751219,3
637592,1
363399,2
349807,2
1010213,2
274275,1
422044,2
635742,1
162240,2
380659,3
39235,2
594817,2
276267,2
622421,2
411651,3
528011,3
851293,2
669376,3
1753,1
638718,2
751101,3
559460,2
76515,2
80460,1
553776,2
312150,1
772309,3
437345,2
487537,2
393387,2
891125,1
1023631,2
107261,1
126191,2
137116,3
929006,2
222150,2
910002,2
86044,3
176074,3
153074,1
610702,1
856941,2
617478,2
485928,2
922208,1
306370,3
236678,2
419900,3
699568,3
771219,3
991482,2
211384,2
607193,2
911675,1
526435,3
303475,2
592882,3
715235,3
493169,3
981940,2
991842,2
942957,2
547080,2
636191,3
823756,3
151559,2
467575,1
17506,2
356258,3
235542,2
950690,3
715814,3
755888,3
550420,2
447977,1
490413,3
497546,2
975798,3
27136,2
705001,3
827358,3
812768,3
198545,3
69810,2
687284,3
169271,1
560991,3
89659,1
196494,3
978469,3
541401,1
762181,3
887981,2
974381,3
214827,3
14115,1
150603,2
236827,3
826290,2
1016586,3
417251,2
199989,3
41040,3
329865,3
446380,1
573543,2
79534,2
543998,3
675804,1
631605,1
715430,2
727165,3
453777,3
887410,3
808062,2
1953,3
540933,2
623996,3
352967,3
709290,1
68067,3
968956,3
1012455,2
774608,1
240334,2
696228,2
559784,2
769031,3
474176,3
507163,2
603898,2
759753,3
645053,1
847961,2
163437,2
205013,2
937195,2
817641,3
343929,3
734640,3
906212,3
1001446,3
42716,2
419453,3
340413,3
721995,2
652323,2
458622,3
1005075,2
331964,1
931599,2
180058,3
1035486,2
922921,1
691109,2
244922,2
124734,2
545585,2
51735,3
668804,2
817800,3
505387,1
927828,2
667734,2
71864,1
275425,1
253666,2
38136,3
1045388,1
834056,2
830675,3
172719,3
281148,1
940273,3
321838,3
486381,2
653205,3
835269,2
81648,1
172425,3
727971,1
928472,3
895215,3
1023647,2
997859,1
29304,1
57153,2
528607,2
749817,2
706544,3
760999,2
778465,2
987945,3
177903,1
639871,2
829665,2
823007,1
877761,2
960378,3
994124,2
461282,2
569582,2
474338,2
446462,3
489129,3
66319,3
639951,2
4119,1
359974,1
543191,3
595402,3
1022182,1
216000,3
938235,3
292853,3
904254,3
694129,2
63746,3
925788,3
1040364,2
231970,3
667627,2
24760,3
281116,2
628374,2
927502,3
917261,2
925061,3
754879,2
648017,3
1048403,1
345848,3
206436,3
163503,1
612314,2
319962,3
652056,2
1014522,3
13140,3
214595,3
766431,3
127828,3
762655,3
79942,2
531579,2
762192,2
517526,3
790207,2
403017,3
325920,3
707937,2
788206,2
139898,3
296391,2
142435,2
133505,3
869304,3
842457,1
202608,3
161175,1
405360,2
86071,2
367521,3
432450,3
673069,2
580987,3
165889,2
482079,2
258213,2
746545,3
807496,1
63435,2
929945,3
454423,2
125564,3
1039578,1
821925,3
611670,1
848791,1
315114,2
806337,3
885249,1
44495,3
822683,3
65363,2
479789,3
935930,1
1038670,3
591363,2
897543,1
1021192,3
432497,3
626116,3
802777,2
458484,2
1016345,3
414200,2
332952,3
720464,2
674703,3
1010825,3
321516,1
417928,3
333110,2
182263,3
393724,2
39202,2
908606,2
396017,3
304135,3
164793,1
482805,3
943235,2
748629,1
533604,3
987726,2
183332,2
919789,2
525426,3
492097,3
445632,3
135396,3
89664,2
74349,1
431439,3
86065,3
32461,3
682601,2
842096,3
880209,3
729985,2
376156,2
1037740,2
870218,2
1030997,2
483615,3
710508,2
313014,1
454847,3
671272,2
53161,2
506799,3
268052,3
876028,2
760509,3
861075,1
365895,1
1007691,3
274188,3
309808,3
209749,1
318976,2
918521,2
395641,1
749278,3
267894,3
640918,1
152525,3
343831,2
1001165,3
924792,3
367506,2
334478,2
339989,3
339923,3
539661,3
933154,3
592975,3
954433,3
277788,1
307330,3
705397,2
583334,2
693735,2
518430,2
978725,1
653594,2
329473,2
207762,3
712636,3
538475,3
880616,1
118979,3
737798,2
366420,2
982240,3
486292,3
126336,2
96487,2
59634,3
664938,3
177258,3
965004,1
126895,2
265161,3
842959,2
173423,3
620874,3
323367,2
532370,3
612947,1
175841,3
275722,1
368768,2
120903,2
572270,3
308404,2
205929,2
840774,3
486200,2
412846,2
632415,3
1040817,3
628648,2
708385,2
909863,3
233843,3
111109,2
4292,3
800414,2
528939,2
833874,3
755543,2
874881,1
158145,3
589873,1
818158,2
858851,3
424589,2
762852,2
870345,2
634026,3
1018649,3
520532,2
940151,2
749772,3
898810,3
704627,3
975015,1
356457,3
287647,3
942541,2
594747,1
741464,1
91322,3
318398,2
927932,1
570044,2
443801,3
287863,3
535407,2
1017768,3
704824,1
740522,2
715884,2
132334,2
563372,3
771983,2
532594,1
423153,3
71122,2
398223,2
366404,3
238434,2
401221,3
349631,2
584806,2
927035,2
680955,2
90234,2
316892,1
1047200,2
415823,2
720019,3
852047,2
429279,3
787250,3
292896,1
753758,3
520399,2
624468,3
901271,2
230481,3
315428,2
113116,3
571049,2
949230,3
215504,3
896543,2
554433,2
1038953,1
168925,1
458736,2
806870,3
760371,3
618714,3
318145,3
536583,2
259130,1
500582,2
925915,3
86077,2
273217,2
350688,3
888691,2
146226,2
820883,3
525863,2
317365,3
223739,1
413605,3
524136,3
816052,2
478700,3
392273,1
634265,3
412986,3
668012,2
542492,1
732332,2
594982,2
67682,3
727629,3
37736,3
828278,3
91944,2
39638,1
983758,1
546088,3
103063,2
166373,3
424619,1
734119,2
251749,2
287239,2
1032709,2
422001,3
617850,2
1032294,3
943078,2
764108,3
234124,3
752055,3
903784,3
575256,1
300171,1
616284,2
243056,1
211269,3
359377,2
1012900,3
603982,3
608052,3
313351,3
214283,3
11017,2
833642,2
379498,1
583312,2
427877,3
241390,2
935643,3
894875,3
738062,1
569988,3
897228,2
897742,3
802442,3
378934,1
434104,2
130131,3
917504,3
381221,2
842945,2
19464,1
782611,3
678886,1
181643,2
468227,3
22122,2
673126,3
251086,2
1011460,2
865409,2
161348,2
944349,1
703805,1
379057,2
1031958,1
939133,1
699842,3
911850,3
39094,3
1011128,2
692163,3
618447,3
408273,1
664557,3
685263,2
153823,3
946135,3
973862,3
147075,3
358849,3
657631,2
227355,2
259404,3
676019,2
112975,3
301498,1
697832,1
62130,3
103664,3
267310,3
714969,3
563223,3
318160,3
905730,3
224906,1
951251,3
674971,3
556501,2
190313,2
269967,3
93171,3
814381,3
914057,3
4331,1
314332,1
316847,2
750027,1
102105,2
887552,2
588392,2
1004091,3
660054,3
704125,2
612306,2
694889,2
412612,2
949659,2
801510,1
169955,3
642259,2
82044,3
877316,3
360857,3
833784,2
421265,1
471919,3
297701,3
869548,3
939321,3
620062,1
783029,3
51891,1
943158,2
853263,3
757894,3
324907,3
301015,3
34666,3
378699,3
104751,2
259680,3
477024,1
825292,3
125276,3
521704,3
458784,2
492045,2
55288,2
461718,1
463178,2
821733,3
640126,1
1027551,3
109429,2
741166,3
431261,3
336147,2
39964,3
82447,1
1044850,3
363165,2
477063,3
138024,2
1008103,2
889218,2
931531,1
2922,3
883493,2
442767,3
951395,3
314494,2
88036,3
705353,3
536090,2
642505,3
116454,1
243354,3
538164,3
818210,3
732326,1
1006654,2
130803,1
644770,3
605417,3
353537,1
488394,2
594096,3
391578,3
25760,2
369955,2
18976,3
988973,3
725241,3
383180,3
820491,2
868557,2
254588,3
929901,2
1011643,2
614702,3
781560,2
531699,2
678120,3
9583,2
504972,3
484828,2
370796,1
124489,1
893653,3
104152,1
5533,2
30085,3
802619,1
138430,3
40504,2
456354,1
690267,3
197692,2
770574,3
321893,1
361256,3
756641,1
86005,2
457486,2
50276,1
579407,2
485678,2
543332,3
238843,1
57574,2
948385,1
900533,3
590421,1
502113,3
961122,1
548568,2
37646,2
318413,3
248449,1
820987,3
628283,2
589164,1
265063,2
245121,1
771015,2
717511,1
225200,1
11451,2
1374,2
1030810,2
950432,3
852734,3
532154,3
116157,3
917555,2
866869,3
712043,2
178034,1
670046,3
782494,2
305942,3
925513,3
356148,3
279932,3
49257,3
452498,3
445656,1
475079,1
623887,3
291814,2
740676,1
440988,2
578059,3
349622,2
64403,2
587609,2
462019,1
884731,3
61093,3
595448,2
469550,3
498825,1
691069,2
300188,1
456642,2
985913,2
260374,3
479829,3
881296,2
90970,3
340415,1
779807,3
597432,2
912303,3
467447,3
368068,3
207086,2
53665,2
458054,1
364935,3
30690,1
355897,3
954123,1
730526,2
121546,1
87515,3
659412,2
80885,3
451318,3
684580,2
404916,3
426415,2
335986,3
872123,3
502783,2
814431,3
537980,1
541801,1
164926,3
174699,2
432699,3
673198,1
572582,2
636377,3
87215,3
200284,2
139355,1
815643,3
152343,1
509782,3
95131,2
603803,3
742884,2
5131,3
206466,2
509106,2
170483,3
646997,2
854151,3
865174,3
399351,3
315218,3
561266,2
914524,2
845565,3
1049713,3
777483,3
282804,1
781009,3
251417,2
416032,1
404068,3
281507,3
18115,2
981798,1
368464,3
125975,2
901872,1
834186,2
215356,3
706519,2
647632,3
378645,1
83896,3
992557,1
123359,1
201195,1
459457,3
470938,2
509680,2
869612,3
185016,2
106665,2
81728,3
982291,1
862637,3
170836,2
736534,1
343073,3
32973,2
993314,3
219142,3
614937,2
1039817,2
145301,3
729808,3
385399,3
807471,3
942411,1
800609,1
951343,3
310961,3
256931,3
411445,2
541725,1
338618,3
683701,1
696406,1
841711,2
38085,3
108810,1
807038,1
1048790,3
689491,2
278467,3
176110,2
1052818,2
378835,3
73832,1
317184,2
314336,3
962331,2
616593,2
622750,3
478613,3
65879,3
870445,3
496426,3
686071,3
104274,2
50095,3
711641,2
88854,2
759844,2
674817,3
948830,3
265657,1
705412,2
980066,3
629351,1
116790,3
877579,2
781403,3
236423,2
146774,2
716073,2
905669,1
847689,1
986474,2
403223,1
672514,3
535861,3
96757,2
758819,3
367120,3
319374,3
908274,3
995785,2
416047,3
728074,3
389014,2
22159,3
779969,1
848549,3
841982,2
993506,2
647786,2
453916,2
1026030,3
941094,2
231313,1
94633,2
403987,2
204938,2
623940,3
190958,2
920541,3
375277,2
861681,3
229447,3
712068,2
146702,3
462048,2
743166,3
214461,3
884218,2
917637,2
264752,3
459530,3
371072,1
635906,1
791708,1
476346,3
524002,1
189853,3
83387,3
805017,3
360426,3
21372,3
79924,1
555525,2
587601,2
560189,3
258517,3
857200,3
751622,2
811792,2
403064,2
883431,1
186504,3
46643,1
763052,2
17402,3
890177,3
520057,2
813124,2
825547,2
429240,3
978836,1
860940,2
537736,2
778584,2
795670,3
891973,3
329457,3
753523,1
153928,3
948754,2
197055,3
900423,3
402445,2
191347,2
669916,1
460534,2
489883,1
916388,1
954983,2
98375,1
764776,3
702629,1
212531,3
310398,2
154721,2
346534,2
172050,3
405923,2
428442,3
894676,1
295962,3
533977,3
368460,2
936472,2
835645,3
413294,3
939323,2
126349,2
680581,3
499119,2
881381,1
15677,3
51472,3
661107,2
140667,3
230371,1
795162,3
21348,3
400932,3
1047288,2
415304,2
169364,1
178074,3
281231,2
4060,1
188073,3
992564,2
86895,3
838669,2
251159,1
945382,2
167927,3
766390,3
71018,2
415893,3
382779,2
289031,2
264217,2
670913,1
591316,3
624757,2
250674,2
873161,1
962200,1
185545,2
396854,3
123061,1
379523,2
477138,3
613578,2
555909,2
840455,2
36950,1
939011,2
786018,2
302522,3
205157,3
495689,2
567330,3
480366,2
700664,2
848039,3
196348,3
383896,1
364173,3
310285,2
255879,3
23339,1
918573,3
296993,2
973609,3
511876,2
45623,1
561826,2
864934,3
11987,3
149129,2
98410,3
932515,3
421394,3
486836,3
548882,2
679405,2
118935,2
379784,3
943229,1
691862,1
175809,3
1017630,2
131394,2
669939,2
891922,3
514559,2
418829,2
834883,2
7493,3
39443,1
188267,2
792519,2
33497,2
384158,3
549823,3
553971,3
645982,1
833252,3
463392,3
702612,1
421297,2
828235,1
904154,2
181944,3
663903,1
590976,2
606755,2
309290,3
879039,2
319453,3
726870,1
435457,2
270822,3
988469,1
740879,2
521020,3
213793,3
276687,1
818046,2
456935,2
169453,1
1032424,2
838996,2
415969,3
832138,2
300515,3
352028,2
483993,2
136231,2
583178,1
238706,2
190064,3
789660,2
93752,1
849862,2
488452,2
316025,2
179036,2
649036,2
122755,2
84887,2
238742,3
609441,3
753985,2
940750,2
199646,1
694027,1
560090,2
630363,2
503468,3
483073,3
472189,3
112013,2
751566,3
989842,1
557415,3
869866,3
288584,2
1000239,3
885328,2
127626,2
160262,3
375487,2
749089,1
743196,2
762422,3
902995,2
742896,2
809318,3
555248,3
590206,3
57455,1
1015819,1
222747,2
402519,2
19999,3
939824,3
338453,2
227386,3
995994,2
895001,3
581433,3
518082,2
10087,1
474509,3
543482,3
156610,2
383203,2
157896,2
397412,3
640732,1
31360,3
877202,2
460248,3
791260,2
836303,2
1013859,3
281024,2
512657,3
888481,3
792049,2
707,2
562559,2
614067,3
344796,1
51990,2
39433,3
714259,2
906003,3
833401,2
350994,2
270586,2
489731,3
436102,2
907909,3
851285,3
467106,2
1029978,3
151245,2
5094,2
227819,3
806189,2
544796,1
768619,3
602353,2
580598,3
83535,1
263515,2
558060,3
654739,3
736020,3
231719,3
433368,3
686464,2
159064,1
105688,2
1031235,2
693774,1
416512,2
758723,2
213966,2
289978,2
121750,2
168371,3
433929,3
983866,2
89878,2
136835,2
558314,2
984346,1
363936,3
102237,3
973668,2
388851,2
398415,2
531252,3
796,1
763046,2
1005924,3
2406,3
228238,2
297740,1
284657,3
877332,2
529767,3
527886,1
942105,1
612426,3
408854,2
164821,2
810940,3
110310,3
212248,2
693821,2
417066,2
313317,2
877464,1
790350,3
963249,2
156288,2
159558,2
121691,1
398976,2
313329,3
244735,2
461314,3
708984,3
703484,1
415298,2
18864,2
831455,3
624550,3
1032305,1
372510,3
733736,2
895224,3
551208,2
810930,3
102973,3
107905,2
427853,2
383689,1
640297,3
83031,2
395653,2
230507,3
347204,2
1015591,3
602955,1
645802,1
654922,3
1020409,2
242526,3
429856,3
264338,2
446376,3
385120,2
349858,1
980362,2
277366,2
881087,3
476608,3
476096,2
199294,3
697327,2
340752,3
540676,3
146802,1
149414,3
795371,2
819555,2
315042,3
673388,2
820155,1
1001779,2
163347,1
951993,3
406816,2
924654,2
793420,3
795567,3
138176,3
882961,3
556734,3
279760,2
936844,1
604038,3
589520,2
846384,2
942326,2
198960,1
57377,2
582287,3
122553,2
110280,1
248550,3
82649,2
924718,2
278597,2
931830,2
537739,3
376497,2
156787,2
987218,3
227339,3
701871,2
72083,2
80615,3
809005,2
13872,3
377523,2
428761,1
281564,3
41749,1
997896,2
995259,2
131889,3
846133,3
110971,3
841050,2
905814,2
838915,3
507260,2
379517,3
852861,2
848422,2
1049426,3
833917,3
467895,2
150791,3
146946,1
61721,3
162656,3
501173,3
183711,3
444878,1
322117,2
970807,2
697610,2
869791,2
667150,2
634417,3
454992,3
833499,3
206449,2
103437,3
862620,3
819801,3
502820,3
230035,2
456852,3
364425,3
247996,3
324271,2
447731,3
988021,1
715801,3
471066,3
313,3
1042879,3
545936,2
271819,3
373928,1
344087,3
532507,1
93257,3
929211,3
85328,3
235813,3
1016972,3
199696,1
1802,2
677374,3
165326,3
707205,3
68853,3
786678,2
1026695,1
700035,1
83648,3
375861,3
697950,3
671009,2
813724,3
387109,2
207568,3
640061,3
204084,3
81560,3
433322,1
765326,3
732412,3
381818,2
63618,1
46655,2
710358,3
967485,3
747013,3
560844,3
795713,3
68835,1
378255,2
126981,3
442672,1
676863,2
851494,3
401326,2
590758,2
44909,3
237747,3
856401,2
522005,3
1035423,3
432188,2
1039527,1
467734,2
44286,3
139215,3
612373,3
593254,3
332216,3
927631,3
612651,3
412191,2
232483,3
619227,1
807310,3
66500,1
68419,1
771864,1
964198,2
880171,2
66333,3
365774,1
665443,1
735633,3
265814,1
658328,3
63909,3
811707,3
152440,1
1016341,3
618363,3
650308,3
457271,2
1032941,1
227805,2
479016,2
866410,1
531451,2
292337,2
1005484,2
73991,1
366821,3
908732,2
667333,2
215197,2
894897,3
459277,3
138365,2
1042378,2
390170,3
986842,1
497152,2
588246,1
313754,2
658879,2
270141,1
135167,3
801080,2
390241,2
679307,3
549638,2
653482,2
466081,2
441274,3
593654,2
171896,1
643490,2
879821,3
460259,3
859363,2
530025,3
770784,2
430211,2
90669,1
565982,1
375806,2
304069,1
136127,2
673173,3
701635,2
479984,3
180076,3
922568,3
454935,1
68771,1
946528,1
122092,1
862555,2
77489,2
893243,2
323623,3
133712,3
775022,2
558615,2
549207,1
976399,3
417058,1
512105,2
41100,3
524035,2
138158,3
637551,3
249895,1
397469,2
574600,3
25146,2
792901,2
73187,2
92057,3
722497,3
446675,3
741358,1
307823,3
564518,1
219391,2
107542,2
631000,2
803635,3
241183,2
801689,3
196675,3
607549,2
861774,2
609576,3
671192,3
802406,2
671833,1
243775,1
212868,2
99038,3
193881,3
271913,2
352247,2
975793,2
224922,3
519800,3
474464,3
582491,3
920676,3
900033,1
801329,2
473747,3
103098,2
784452,2
423863,2
55005,2
855372,1
138646,3
401286,1
471875,2
18254,3
647376,1
546538,3
301773,3
656468,3
619517,3
1020561,2
928875,3
73856,2
813200,3
748054,3
137373,2
112080,3
387751,2
527217,3
381149,3
450111,3
694678,2
216060,2
612429,2
221901,2
814799,3
52798,3
480940,1
623400,3
283567,2
182418,2
1001742,3
593374,3
1026251,2
171122,1
125957,3
648957,2
137776,2
395531,3
261167,3
105104,2
467818,1
100011,3
355125,3
296552,2
987485,2
93074,3
334480,1
1034545,3
1038222,2
896557,1
403377,2
1034856,3
532536,3
24458,2
875297,2
965816,2
720010,3
718606,3
9300,2
94857,3
783056,2
923497,2
746519,3
643449,3
528570,3
840397,2
604753,1
417285,3
572303,3
923522,3
942781,2
639953,1
1036420,3
990660,1
140012,2
814994,1
493143,2
711871,3
258017,3
1047210,3
337407,3
398586,2
88294,3
165840,3
685862,2
652811,1
939355,2
443070,1
767264,3
691552,2
317385,2
607699,3
709835,3
309048,2
640846,2
972006,3
488845,3
1000659,1
281171,2
379243,1
315298,1
54919,2
379067,2
367312,3
647683,3
813613,2
1044194,3
692558,3
17884,2
719688,2
20498,3
632667,3
469807,2
1042435,3
204039,3
1032237,3
941626,3
736668,2
151142,2
206637,2
839448,1
794283,3
513866,1
371599,1
966229,3
892217,1
1624,3
85464,3
374761,2
531495,2
595596,3
495177,2
834435,2
415265,2
373599,1
687199,3
140198,2
380176,3
88188,3
977505,1
625121,3
242681,2
718351,3
757401,3
600876,3
886025,2
381309,2
138580,3
1001569,2
87829,3
114463,2
165040,3
612960,2
790306,2
892111,2
48058,1
431401,3
374005,3
232064,1
320216,3
109738,3
48699,3
434684,3
827236,3
673094,3
1021143,3
93551,3
512285,3
864800,2
887570,3
972776,2
791208,2
914230,1
41666,2
212638,3
13967,1
574089,2
306843,3
629928,3
460344,2
661369,3
514735,3
443410,3
58645,2
425635,3
163672,1
29889,3
817179,3
681412,2
863958,3
834443,2
205027,3
507321,1
30568,2
827186,2
74726,3
134016,3
369370,2
919977,3
825988,3
289632,3
239238,2
343061,1
909978,1
552104,2
718958,2
697850,3
183829,2
123730,2
211209,3
157695,2
317276,3
861337,2
697097,2
623633,1
33731,2
800310,2
63595,3
499135,2
752615,2
225399,2
223953,2
197859,3
177295,2
393000,3
523605,2
997734,3
361513,2
90453,3
461652,1
530624,1
956410,1
206907,3
34825,3
880022,2
384416,2
402729,3
306489,2
978854,2
811801,3
66624,2
660321,3
462018,2
1357,1
636263,3
31508,2
339130,3
39260,3
156841,3
37820,3
701727,2
470806,2
1040878,3
242755,2
835922,3
950508,3
535888,1
530287,2
558903,1
366764,1
385025,2
150584,3
94389,2
93520,2
926604,2
947,1
84773,3
390877,2
123477,3
350775,2
797534,2
628827,2
307771,2
944267,3
584162,3
958913,2
113361,3
777277,2
694349,3
507263,3
55246,1
772508,2
794129,3
46668,3
687527,2
307632,1
700225,2
466327,1
950512,3
798943,2
384580,1
755617,2
167338,3
293955,3
69353,2
938360,1
410207,3
842709,1
963503,1
807128,3
729815,1
235734,3
937120,1
522934,2
316715,1
593824,3
497722,3
840642,2
309978,2
739109,1
92557,1
839260,3
36325,1
640695,3
542701,2
910365,2
634322,1
2205,2
858480,3
864982,1
359824,3
543413,3
371657,2
318787,2
439123,3
342769,2
916421,3
727227,2
592335,2
328858,1
1022552,3
742513,1
351010,3
203487,2
897348,2
53103,2
187149,3
900865,3
164233,2
337373,2
916195,2
880850,3
96580,3
760516,3
331056,3
50439,1
232463,1
393652,2
252809,1
106161,1
1000426,3
407907,1
361179,3
9886,2
411575,3
334714,3
512,2
907512,2
466870,1
468976,3
434278,2
48546,2
85819,2
805961,3
695852,1
1000494,2
653658,2
681011,1
522302,2
287762,2
845587,3
564937,3
406398,3
107223,2
649768,2
890625,3
148870,2
1040551,2
323747,2
841249,2
298092,2
741740,1
234015,2
724433,3
319817,3
367664,2
377310,2
657135,3
789462,2
864383,2
659187,2
580778,1
369173,2
107316,3
893051,2
605930,2
998669,3
524655,2
148443,3
922191,2
270890,2
342018,3
723433,1
549116,1
369987,3
654399,3
43609,3
1028011,2
319143,3
274418,3
505877,3
456454,2
341616,3
657223,1
190649,1
186297,2
328396,3
412827,3
950879,2
464989,3
1016321,3
625970,2
984386,2
789185,3
971700,1
516197,3
367782,1
253654,1
948566,2
126665,1
921902,2
291004,3
378713,3
198223,3
955452,3
798648,3
526193,1
273379,2
86298,2
804827,2
373939,3
808163,1
93053,3
858820,2
710054,2
243086,3
158064,3
278672,1
122179,3
596256,3
648241,1
237470,1
748175,2
1038851,2
411430,2
741329,3
641846,3
1038257,2
580941,2
520523,2
500705,3
959845,1
456456,3
502033,1
488313,3
789610,2
668356,3
656490,2
609973,2
416406,2
366591,3
853305,3
877398,2
731586,1
605920,1
457298,2
165246,3
499860,3
604892,2
239289,2
184075,2
304952,3
926428,3
885113,3
758002,3
713827,2
573955,2
576461,1
786976,2
601854,3
470813,3
787190,3
362161,2
963709,1
934808,2
930807,2
73933,3
505231,1
812416,3
434771,1
396275,3
437082,1
832282,3
447867,2
1021674,3
291851,1
646353,1
984801,3
32321,3
759054,3
998568,2
278512,1
451687,2
471675,3
876391,3
577668,3
928581,2
734159,3
849974,3
10368,2
653756,3
525527,2
494734,2
541132,2
282122,3
731811,1
294593,2
873644,1
341692,1
611658,3
819667,3
13860,2
76067,3
271153,3
50577,1
109947,3
436541,3
315657,3
813243,1
206381,2
214902,3
95776,1
841218,3
336244,3
607573,2
502418,2
685884,3
249246,2
81421,2
616670,2
184736,3
391800,2
755775,2
867073,3
658604,2
176477,2
827820,2
504865,2
330719,3
411166,1
922886,3
858432,3
746021,2
254597,2
75478,2
518168,2
614609,2
510682,3
1015252,2
419301,3
307434,2
723993,3
267891,3
534595,3
542242,3
239049,2
718655,3
365330,3
717818,3
12046,2
176501,3
523952,3
218484,2
583600,3
70730,2
813682,2
1035662,3
260335,2
580552,3
673120,2
734674,3
1023675,3
864532,1
359907,3
527630,2
699257,2
194837,3
270351,3
801791,3
515422,2
343353,3
664783,3
79422,2
525793,3
636447,2
60950,2
895753,1
496011,3
303547,3
390301,3
8153,3
40936,3
529629,2
595298,2
926705,1
121560,2
921186,2
72015,3
960466,2
712646,3
91974,2
890980,2
71771,2
951080,3
566336,3
1043805,2
35110,2
1023099,3
199481,3
106168,3
682044,2
723481,2
933900,1
447105,2
620154,3
933412,2
839503,3
123633,3
99919,1
147031,2
457647,2
796250,1
988099,2
125556,1
554734,1
759580,1
51655,2
193115,3
412636,3
154767,3
635557,2
1039294,3
248389,2
107036,3
151108,3
92912,3
559805,3
91871,1
899906,2
574426,2
683820,3
498887,2
502302,3
999992,3
91549,3
61303,2
387429,1
97527,3
1003604,3
1051069,2
620840,2
492678,2
47437,3
398187,3
48653,2
772631,2
61868,2
838802,3
609151,2
853982,1
316918,3
662928,1
4196,3
415715,2
553075,2
846524,1
811916,3
322683,2
631193,2
1009666,2
71768,2
1001212,3
381110,2
75473,3
101504,3
545050,1
862801,2
1043843,2
577889,2
364673,3
306608,1
550456,2
739512,3
934606,3
579997,2
883181,2
656945,2
747850,2
649188,3
166686,1
635147,3
720369,3
648137,3
901912,2
141878,1
199771,2
848248,3
882819,3
992044,1
418113,2
504976,2
182807,2
666448,2
932852,3
388273,1
644983,2
413176,1
211317,3
688474,3
772873,3
965431,2
474355,1
254497,2
372483,2
583822,3
974972,1
843385,3
159506,3
1035204,2
1007124,2
285917,3
551023,3
470351,2
341987,1
938366,3
817971,2
161899,2
402202,2
841105,3
485960,3
877206,3
429592,1
677402,2
647234,2
1020279,3
386200,1
754307,2
991303,3
922850,1
79620,2
587899,1
546509,2
754691,2
978164,3
202909,1
841698,2
852177,3
251999,3
699931,3
890433,2
173615,2
552592,1
725401,2
530765,3
473094,2
1030501,3
177444,3
804649,2
60658,1
675170,3
572557,2
554298,2
494923,3
180491,2
195285,2
465932,3
485347,1
777146,2
123027,1
41403,3
911474,2
303235,2
98873,2
358850,3
339114,2
403904,2
737648,1
207859,2
598296,1
801718,2
304660,3
531685,2
496896,3
713988,3
503341,2
619090,2
149089,3
694583,2
615248,1
125460,2
923829,3
929423,2
856264,3
727398,3
689158,2
182811,1
52619,2
682621,3
1014733,3
949691,3
222946,2
409823,3
989744,2
545991,2
199128,1
921820,3
165573,1
715873,3
473160,3
591568,3
138864,3
543430,3
354131,1
344307,2
195335,2
850235,3
1013844,2
868396,3
727523,3
906575,3
600043,2
430560,3
765403,2
140002,3
948486,3
974906,1
1024097,2
644465,3
942521,2
508105,3
86898,3
542110,1
763095,3
59704,3
248581,3
756935,2
894366,3
506694,2
550765,2
949222,3
715501,2
863155,3
436530,3
349716,1
1036705,1
803467,2
626880,2
788552,2
554564,2
305086,3
928934,2
511585,3
699036,3
627750,1
492495,3
799420,3
42341,1
650573,3
390644,2
386124,1
855004,3
137443,2
984201,1
724925,3
442604,1
391460,3
307465,3
888923,3
877099,3
992499,3
828016,3
279214,3
1029082,3
21367,3
587218,3
748884,3
962972,2
142495,1
865372,2
736673,3
843229,2
195316,2
334052,2
602999,2
665159,1
451653,1
561156,1
910756,3
62211,1
869366,1
432519,3
193170,3
736676,3
13741,3
1012164,2
780368,1
570798,3
959730,1
82945,2
12696,3
1016751,2
711779,1
607890,3
321139,2
404315,3
804545,2
628680,2
1025574,1
293049,3
610989,2
523008,2
87950,2
491830,3
322983,3
931705,1
1015220,1
638544,2
602413,3
132171,2
274504,3
514448,2
486262,2
626961,2
1026990,2
268842,1
59734,3
856589,2
258193,2
642072,2
859725,1
489461,2
371529,1
1025124,3
529996,2
131657,3
549174,3
117994,2
982124,2
685869,2
21655,3
83291,3
156230,3
497485,2
22706,3
372412,2
111725,3
996663,3
355468,3
1037785,1
693609,1
1011835,2
493015,2
981100,2
1021011,3
100313,2
584385,1
46745,3
441245,2
383882,3
102944,2
54598,1
489978,2
842536,3
862402,2
162345,2
580434,2
214004,2
658644,3
75722,3
451190,3
998908,2
531830,3
689566,2
829722,3
224856,3
383909,1
192009,3
495629,3
606216,2
206974,2
732569,2
562311,3
345227,2
85161,2
266023,3
358960,2
174884,2
924327,3
42529,2
728397,3
203832,1
587437,2
131142,2
10370,3
203573,2
203944,2
780489,1
886181,3
438689,3
40524,1
549843,2
302922,3
708285,2
703183,2
390027,2
710736,2
345932,2
459833,2
4563,2
938855,3
134429,3
938332,3
299811,3
443483,2
214788,2
842890,3
303814,3
888489,1
555391,3
76810,3
37870,2
1026847,3
705697,3
513229,3
243138,2
882920,3
416196,2
393500,3
880665,2
280389,2
189273,3
338882,3
921311,1
1040167,2
830300,2
80024,3
169489,3
1022302,1
267471,3
601298,3
541618,3
59675,2
177579,2
568066,2
181573,1
677343,2
797831,2
611696,3
484539,2
45166,3
821205,2
856242,3
990985,2
420067,1
419323,2
367771,2
567100,2
1044250,2
329626,3
790607,2
561005,2
570013,2
878058,3
885998,3
662115,3
234185,1
805007,2
259472,2
1010101,2
724751,3
881469,2
645147,2
653583,2
1031341,3
124483,2
57241,3
208358,2
999367,2
669874,3
657242,3
401691,1
522751,2
983246,3
522858,1
501620,1
952613,2
706696,3
540371,2
549863,1
186496,2
468820,1
1027512,3
1019217,3
390284,3
811367,2
937307,1
134901,3
354234,2
811641,3
1037587,3
41532,3
559213,2
198948,2
724864,3
751616,1
32232,3
921949,2
448454,3
289272,2
220395,2
678688,2
869842,2
854444,2
75574,1
206707,2
725438,3
588736,2
134921,2
588333,3
232022,2
257886,3
538161,3
658940,2
337372,1
249526,1
45212,2
10817,2
610423,1
460705,3
276222,2
1019727,3
213478,3
91041,3
287798,3
124507,2
596380,3
687316,3
61164,3
42477,1
187102,1
612812,2
619637,2
9665,1
326577,2
882513,3
655557,2
327572,2
611376,3
69602,3
670164,3
817602,2
381934,2
228488,3
381227,1
636604,3
260946,2
932534,2
1025198,3
119765,1
63775,1
580026,2
528587,3
364907,2
27466,3
123930,3
91203,1
20531,3
75866,2
213286,3
281651,2
618036,1
574051,3
809959,3
711409,2
781433,3
683571,2
440471,2
184706,1
793144,3
1032857,2
527820,2
634296,3
657772,3
99227,2
2832,3
383862,1
564800,3
432744,2
653115,1
835930,3
11192,1
520872,2
117329,3
458645,2
119270,3
930502,1
78949,2
560643,2
715688,1
1000146,3
781781,1
845708,2
227664,2
827571,3
600842,2
106014,2
595170,1
29987,1
929265,3
750497,1
719790,3
802803,2
612388,3
1039589,3
575506,1
422011,2
415370,2
997614,1
490927,1
408295,2
45476,1
284361,2
523536,1
897593,1
849320,2
1048355,2
419610,1
267236,3
497946,1
550110,2
526677,2
975856,3
975452,2
1049031,3
497298,2
40664,1
196694,1
431394,3
72983,3
49217,1
141908,1
352064,3
602917,3
1025878,3
6201,3
742682,3
68815,1
530375,1
507096,2
927037,3
676596,2
254177,2
9099,3
394584,3
391293,1
684070,2
983294,2
94569,3
87518,3
369642,2
839172,2
651034,2
574528,2
738107,2
484945,1
960746,3
132469,2
1036049,3
82850,1
938320,2
45128,3
362086,2
252597,3
19493,3
821508,2
707199,2
469256,1
751824,1
524391,2
746854,2
873821,2
8004,3
902819,2
506449,2
21676,1
949688,1
676262,1
344540,3
829570,2
507566,1
895267,1
638100,3
24778,3
804843,2
500139,3
912740,3
793925,2
552952,3
757166,3
426784,2
35578,1
553262,3
883671,2
922090,2
606675,3
25188,2
542801,3
501421,2
952238,2
388759,2
327224,3
339469,3
398481,3
218081,1
853780,2
472006,2
669857,1
291484,3
844896,2
1006290,1
103404,3
122139,3
393063,3
459014,1
478393,2
292777,3
940449,2
835478,3
471115,2
361900,2
599561,1
949352,3
313827,1
487876,3
717372,3
946383,2
205906,1
712439,2
840992,3
717299,2
711378,2
562754,3
196158,2
618526,3
658339,3
864091,3
871272,2
435857,3
386565,3
195234,3
543143,2
1048587,2
688381,1
776822,2
118130,3
316350,3
466695,2
504134,2
44797,2
634879,3
233096,1
926600,3
266428,3
492138,2
548980,2
778733,3
579033,1
349204,3
71105,1
445389,2
167595,3
732552,2
577822,1
998592,3
153648,2
97938,3
305509,3
176866,1
472668,3
37852,3
126847,2
370560,2
733939,3
579084,2
476110,2
182671,2
602044,2
256192,2
1017969,1
981611,2
985312,2
351154,2
347418,2
1000740,2
896183,2
832632,3
544879,3
145697,2
338009,3
411664,3
101578,2
161296,3
327008,3
682059,3
433328,2
753665,2
257012,2
986437,3
802908,3
674723,2
160686,2
176089,2
531448,2
342013,3
642365,2
737264,2
378552,3
221096,3
437931,1
177997,1
883703,1
749482,3
469963,1
592898,3
391521,3
622635,2
913090,2
779096,3
818505,3
730501,2
980713,2
944151,2
69572,1
890232,1
1044225,3
552285,2
109868,3
9032,1
99672,3
688524,1
1006912,3
849228,3
27168,3
472455,3
449627,2
622592,3
514633,2
596593,3
164115,2
196339,3
986210,2
160936,3
209557,3
879107,3
183990,2
883405,2
387453,2
715836,1
252451,2
100122,1
51724,1
993247,3
400177,2
934481,3
380898,3
579653,1
605853,3
817229,3
260196,2
612354,1
347142,1
271307,3
199808,2
540944,3
623962,3
59744,1
992263,2
652940,2
36455,2
25322,3
395699,3
92633,2
832144,2
544051,2
322421,1
641382,2
972095,2
54929,2
39066,3
677712,1
430893,2
352315,3
362414,3
813117,2
278098,3
560402,1
458899,3
707549,1
895228,2
713240,2
160565,3
929746,3
138006,1
866288,2
886289,3
420467,3
709384,3
649226,2
611710,1
904990,2
972994,1
660723,1
880988,3
564284,3
337279,2
416018,3
31682,2
322454,3
567557,3
872072,3
200717,2
191753,2
397010,2
1043363,2
839478,3
874348,3
600286,2
652212,3
509738,2
21126,3
607514,3
898746,1
333500,2
683587,2
472783,2
593737,2
848867,1
406438,3
284662,2
449915,3
816404,3
159894,1
615802,3
15157,3
841194,2
24370,3
22143,3
45062,3
1003057,3
992728,1
433496,3
624054,3
107616,2
86350,3
784569,3
9005,1
362392,3
251731,2
886731,2
697656,3
923285,3
221542,2
511178,2
361037,3
75450,2
856600,3
746564,1
186947,1
470530,3
776595,3
192255,3
26623,3
481927,1
25461,3
701986,3
1044986,3
451313,2
440747,2
170157,2
338550,3
532118,1
399399,2
298180,1
52435,3
393909,3
965468,3
656143,1
596943,2
213363,2
1028696,3
133114,1
311445,1
717131,2
741392,2
817445,3
237425,3
454985,2
635312,2
495089,3
271234,2
570588,2
296277,3
946412,3
613887,3
955379,1
282946,2
1007076,3
283749,1
237189,3
136582,3
662645,1
682896,2
44072,3
615165,3
345933,3
320261,3
245767,2
941716,2
761079,3
1035900,2
183788,2
392785,2
686943,2
820860,3
666340,2
395850,2
429153,2
483710,1
366139,3
252986,3
518578,2
455151,3
954189,1
581230,2
587980,2
898818,3
447952,1
541907,2
975660,2
145387,3
393226,1
193785,1
485832,1
588710,2
328388,2
923919,2
997597,3
335687,3
938399,2
219689,2
296766,2
200926,2
511939,3
946648,3
732275,3
636623,2
239014,2
852253,3
549029,3
938948,2
53870,2
827590,3
978644,2
967693,3
269890,1
433100,1
620624,2
347078,2
961964,1
1002012,3
193689,2
525161,2
33190,2
208390,1
918214,2
390929,1
1014612,3
124976,1
696126,2
373335,2
452871,2
50972,2
669245,3
406385,2
382672,1
527352,3
744041,3
1017876,3
260646,1
451679,2
266686,3
1040184,3
32362,1
577106,1
715593,3
888753,2
711291,3
985042,3
58734,2
340726,3
370124,2
284036,3
8433,3
344192,2
983220,3
6292,3
227936,3
486261,3
268203,1
135348,3
575709,3
575757,1
595910,3
487383,2
364309,3
872715,2
1003791,2
165857,3
130177,2
240044,1
189331,2
163868,2
927238,2
203915,1
98552,3
813965,2
317523,1
43911,1
1046319,3
1023511,2
537129,3
928646,2
366189,3
327595,3
61636,1
245451,3
329008,1
274158,3
726041,2
950540,2
337053,3
384749,2
320523,3
1008476,3
1045270,2
896422,1
719328,3
765829,3
95347,2
114211,3
596312,3
920663,2
1026197,1
564510,3
480701,3
714920,3
561769,2
689332,2
332135,3
274539,2
886479,3
702481,2
126641,1
472240,2
333839,2
166428,3
65904,2
493042,1
1034359,3
781813,3
181876,3
685460,1
468371,2
839714,2
1036058,1
51262,3
748091,3
96864,3
510943,2
955988,1
763416,3
823073,3
928223,2
850390,2
111123,2
437623,3
579139,3
817013,3
843767,2
829571,1
733245,3
797538,2
485802,3
47488,1
96279,1
570474,2
913781,2
400315,3
169075,1
548969,1
655604,3
548916,1
800144,1
794953,1
797807,1
893519,3
632252,3
1109,3
535973,3
652001,2
885223,3
720507,1
219084,3
851837,3
467238,3
713768,1
1004784,2
136222,1
743623,3
360635,2
924725,2
261041,3
227313,2
34495,3
176398,3
835770,2
356335,3
669335,1
166393,1
946923,2
490745,1
577278,3
143554,3
403577,1
902967,2
150147,2
772660,3
456504,1
174827,1
263374,2
367445,3
777766,2
168910,3
92746,3
1002390,3
193350,2
767273,3
592679,1
860377,2
242662,2
501988,3
972849,3
116609,3
514562,2
690399,1
701144,3
401709,2
102026,3
998553,2
19318,3
431031,2
512146,1
35695,3
209809,3
75403,3
360316,2
58031,3
139555,2
572193,3
655123,1
658341,2
411495,3
580227,2
357102,3
696878,3
912348,2
851895,3
865598,1
588171,3
337537,3
455843,3
863890,2
115937,2
724782,2
993903,2
735020,2
88960,3
74926,3
237671,2
159459,2
121886,3
502756,2
378814,2
146329,2
944133,3
499847,1
869216,2
445305,2
528851,3
193963,2
408511,3
64041,2
204280,2
894256,2
42472,2
446629,1
1011159,2
96317,3
948515,2
105549,1
328561,3
51792,3
843354,1
121882,3
743692,2
424486,2
972343,3
911035,2
196804,3
250168,3
166276,2
301580,3
312692,2
912315,2
871678,1
492128,2
257099,3
485037,3
496671,1
497582,2
338348,1
330857,2
389407,1
459789,3
102086,3
495260,2
757232,3
1017603,3
232327,1
110356,2
350313,2
281241,1
964531,1
499241,2
11756,3
421779,1
866580,3
152580,2
233641,3
201506,3
753543,2
233779,2
602686,3
407031,3
618102,3
131528,2
180885,3
780497,2
238971,2
268356,2
447377,3
762840,3
100209,2
640,1
341975,1
343501,2
139371,3
853610,3
361414,2
535991,3
592452,3
667912,2
87060,3
66935,2
674967,2
214962,2
748364,3
595501,3
360800,2
862315,1
753108,1
202591,2
271634,2
855286,1
270917,3
335810,3
1019486,3
436376,1
592857,2
334553,3
1004414,3
935193,2
726156,2
233788,3
104942,1
62733,3
312332,3
953442,3
855453,3
22557,3
91824,1
72881,3
258062,3
410674,2
412993,1
1043856,2
209995,1
437011,3
827598,1
549702,2
612008,2
578097,1
570760,2
178119,1
410263,2
180417,3
778754,2
180613,2
1024830,2
927831,3
839215,3
341566,2
355265,3
74443,3
549528,2
150062,2
507479,1
301167,2
239577,3
233764,3
197263,3
505447,2
227907,2
1011501,3
745288,1
555327,3
620536,1
6789,3
540798,3
747666,3
601543,2
728520,3
565487,1
293132,3
548621,2
169727,2
313106,1
135310,3
701456,2
476869,3
493538,3
216450,2
561392,3
578839,2
480609,2
201704,1
750951,2
161101,1
759531,2
164488,3
151601,1
506143,2
747422,2
514371,3
763792,3
275638,3
192029,1
960530,2
469754,3
23736,2
446189,1
621546,3
1034397,3
917824,3
313628,2
260261,2
40689,1
724558,3
50383,3
235410,2
1014300,3
272462,3
421164,1
667036,2
905723,2
198431,3
615726,2
747675,2
314304,3
364926,3
252355,3
404832,3
505610,2
920799,2
419266,2
274757,3
512358,1
609834,1
512773,2
232097,1
947218,2
665250,3
647076,2
543373,2
396951,2
884836,2
299246,3
237068,1
884737,1
49573,2
280007,3
210757,3
575982,3
838559,3
287381,3
708248,2
469312,3
461002,1
702375,2
714320,2
732291,2
423847,2
154,1
183536,2
854723,2
390731,1
419102,3
260574,3
986867,1
486348,3
216321,2
662088,1
240578,2
688945,3
474499,2
640871,1
970024,2
931242,2
302120,3
308033,1
753086,1
744367,3
722134,2
648931,2
919221,2
908294,2
107971,3
562486,1
995436,1
623385,3
774118,2
473804,2
789909,3
335725,2
499524,3
406573,3
909862,3
778391,1
304456,2
672134,2
482886,3
124851,1
571993,2
751902,1
913595,3
296681,3
94091,2
160127,3
83344,1
869769,2
1019314,2
7566,3
177048,3
542794,3
31209,1
53000,2
979128,2
40803,3
27261,2
522593,1
602849,2
808854,1
84046,1
386905,2
46714,3
851474,1
144490,1
620533,3
107322,2
773619,3
903659,2
559621,2
152940,2
325654,2
403282,2
405566,3
251869,3
826655,3
603835,3
124372,3
388704,1
948058,2
595278,2
557383,3
305519,1
875874,1
319479,2
43822,2
778153,3
678578,2
28923,3
290290,3
832222,3
667962,1
255622,2
290416,2
28391,3
801323,3
1024839,3
577375,3
128001,2
798892,3
36783,2
181092,2
71325,3
343053,1
501023,3
648407,2
832249,2
770206,3
776931,3
677467,1
476603,3
396431,3
60507,3
790026,2
106972,2
788703,2
786815,3
355964,1
62490,2
34554,1
450782,2
481105,2
179631,3
230090,3
310221,3
735200,1
273442,2
578308,2
18882,1
827653,3
500699,2
835943,2
254108,2
34652,1
695870,2
718813,2
360658,2
345788,2
121409,2
518584,2
500713,2
278729,2
500065,3
995368,3
549741,3
4895,1
503050,3
302727,3
627435,3
46797,2
616472,3
234056,3
88395,3
940350,3
204251,2
738025,3
878034,2
397985,3
972267,3
869130,1
747431,2
1043586,2
286793,3
961137,3
547447,1
38301,3
38233,2
814813,2
868663,2
602610,3
1032209,2
50820,3
505335,1
439953,1
294132,3
509834,2
984834,3
380971,3
1748,2
74391,1
946627,2
218961,2
149774,3
599469,3
283262,3
779944,3
881824,1
592824,2
570159,3
378662,3
1052091,3
634541,3
560685,3
496478,3
601910,2
415051,2
12394,1
875736,2
18653,2
814193,2
577405,1
32849,1
621198,2
104191,2
701075,3
24049,1
96464,2
77446,3
716081,3
569442,2
237342,3
516966,3
431151,3
752464,3
913642,3
119717,2
652636,1
493895,3
380216,2
617574,1
582433,2
438285,3
571920,1
124401,3
329005,3
339775,2
935013,3
825110,3
992806,1
759683,3
134317,2
755399,1
10760,3
922640,2
633752,1
573680,1
656061,2
23323,2
421260,3
320169,3
667124,2
1010088,3
96083,2
801367,2
83743,1
374794,1
207154,3
846795,2
13815,2
480842,2
927294,3
500599,3
978760,2
265880,2
695065,2
17326,3
527450,3
1003605,3
431355,2
49064,3
570771,2
501467,3
143118,2
745068,1
932020,2
427005,3
563126,3
767552,3
99040,1
721249,3
897614,3
584777,2
254842,2
765293,3
181765,3
637489,1
664485,2
178208,3
893889,2
409464,3
133896,3
958423,3
1009145,3
251309,2
954257,1
999660,3
873702,2
718982,3
375101,1
572021,2
727916,2
110654,3
269691,2
823541,1
472537,1
1023519,3
367127,2
659544,3
467887,3
335292,1
1022473,1
756246,3
566475,3
320542,3
2150,1
1009889,2
1001348,3
934113,2
125321,3
356108,3
3306,2
997971,3
318082,2
890440,2
409573,3
117343,2
568831,3
538119,3
545469,1
685724,1
121719,3
944453,2
361023,3
697332,2
616904,2
632690,3
193450,3
221448,2
880330,2
924411,1
380107,3
374600,2
978509,3
167267,3
184458,2
780698,1
1012353,3
113306,2
455999,2
938279,3
65568,2
999432,3
651653,3
426950,3
129195,3
441689,2
647093,2
320001,2
429063,3
516832,3
561473,3
154117,3
864559,1
908765,1
352224,2
897916,2
82064,2
985952,2
129923,2
751818,3
646092,2
288606,2
394012,3
474480,2
198072,3
390783,2
79300,2
782178,3
140887,3
258336,2
308218,2
973573,2
130616,3
861121,3
792031,2
448461,3
466746,2
858442,2
542036,2
560631,3
318716,3
1049317,3
231127,2
570745,1
930108,1
153137,2
464734,2
1044737,2
28833,3
817571,2
264938,3
71476,3
103776,3
794966,3
969910,3
442550,2
204253,1
872043,2
62247,2
962909,3
27906,2
292576,3
953472,2
413942,2
611546,3
976548,1
793280,2
679495,3
724714,1
776173,2
971802,2
362376,3
101624,3
626164,1
167647,2
852449,2
984397,3
807618,2
9297,3
76237,3
515203,2
289357,1
447295,2
147310,3
274412,3
709038,2
746405,2
746654,1
775742,3
372434,1
193326,3
599626,2
289655,2
766552,2
853525,3
729601,3
241784,3
629472,3
243807,3
557950,3
1030403,1
864108,1
706860,2
643969,2
259656,2
958228,3
382923,1
850216,1
243118,1
867256,3
666228,3
408663,1
84256,3
98950,3
475600,2
400164,2
444415,2
333147,3
1049466,3
613728,2
661446,3
485785,2
603479,3
778077,3
5916,1
246801,3
553666,3
238597,3
1039991,1
181710,3
919794,2
541567,2
546895,2
824026,2
34498,3
623930,3
583487,2
544401,3
368135,1
760970,3
429371,2
245681,3
984796,1
887415,2
864017,1
293396,3
63287,2
178763,1
1018692,2
381248,2
463245,1
59105,2
709839,2
931949,1
985883,2
597287,3
512047,3
552403,2
148956,2
811693,2
364884,2
559027,2
530385,2
899273,3
579965,3
668872,3
111010,2
1013981,2
245962,3
612333,3
352904,1
694485,2
917972,3
809696,3
302824,3
296775,1
675085,1
137915,1
736414,1
219153,3
258597,3
772371,3
617543,2
819056,3
1045744,2
571764,3
426240,3
818942,3
696292,2
870605,3
807400,2
197310,2
72625,3
177711,3
377475,3
590750,3
339349,3
60072,3
784457,3
556085,2
643582,3
824502,2
444115,3
902391,2
748934,3
597937,3
571516,3
745715,1
51107,1
783822,3
226490,3
843537,2
59890,1
1014000,3
39312,3
639974,3
106780,2
780666,2
697458,3
100289,3
431075,1
918561,1
279536,2
268208,3
265200,2
86482,3
782856,2
119998,2
580411,3
663117,3
488647,3
209619,3
999643,2
424997,3
936286,3
121953,2
157957,2
616688,2
711148,3
184418,3
199100,3
658407,1
297544,2
320654,3
94195,2
837436,3
61265,3
162820,3
442435,2
173156,2
437564,3
489294,3
860979,2
460022,1
237200,1
1034308,3
1051439,1
563363,2
171756,3
35318,2
712556,3
825643,3
603672,1
171659,3
224133,2
195026,1
316677,2
344781,3
278734,3
501621,3
598298,3
869337,1
111980,3
120332,1
1027439,2
782805,2
18521,2
970884,1
112084,2
438931,3
31850,2
172863,3
805706,3
984493,3
838292,3
811853,2
933370,2
338750,3
147157,3
122437,3
174254,3
35861,3
388849,3
22474,2
526183,3
807944,3
350158,3
772564,1
1045599,2
741563,2
321037,3
636023,2
609551,3
486855,3
411447,3
45704,3
171907,2
549994,3
1048198,2
217514,3
85631,2
123387,1
716713,2
183539,3
705586,3
846725,3
202927,2
307856,1
877224,2
184916,2
956144,3
501469,3
504226,1
759690,1
731163,3
482978,3
615816,1
120242,1
723441,2
187245,3
753430,2
240203,2
826792,2
933513,3
869094,1
675286,2
734405,3
906958,2
861483,3
368418,2
143235,3
578338,3
222026,1
468685,3
116421,3
92583,3
361020,2
749491,2
124678,3
521238,3
135946,2
792982,3
947643,2
722513,1
713052,3
836227,1
593697,3
1045947,1
674440,2
943547,3
821345,3
91934,3
417635,3
690617,3
646068,2
871212,2
1010249,2
797162,2
353144,3
730537,2
76685,1
500631,2
785857,3
718779,3
525709,3
765411,1
317934,1
624196,3
41328,2
848520,3
327828,2
724563,3
991935,3
405163,3
702521,1
757013,2
247109,2
127427,1
512527,3
660,2
902403,2
217643,1
901185,2
862280,3
404240,1
42253,3
431755,1
284741,2
677581,3
993899,2
229069,2
115412,3
1047319,3
437023,3
1048112,3
204055,2
238803,2
509691,3
421857,3
468922,3
479677,3
595738,2
779286,3
352101,2
721706,2
506404,1
637305,2
995870,3
755047,2
219820,2
894747,2
219352,2
152304,2
141311,2
593095,3
424496,2
12699,1
883018,3
20282,2
197806,1
546345,3
766465,3
369793,1
569556,3
1051283,2
610214,2
776044,3
769234,1
937563,2
52494,2
282860,2
35315,2
292806,2
61999,2
1000111,3
187192,1
946509,1
477904,2
127203,3
824766,1
1050268,1
728665,3
539540,3
1011768,2
712207,1
150818,2
925598,2
468205,3
810054,3
245051,3
823833,3
494227,3
336332,3
127210,3
685956,1
35258,2
833520,2
908831,3
202483,2
56795,3
857478,1
160276,1
383833,3
639472,2
911213,3
317943,2
537780,1
505663,1
862524,3
336982,1
667550,3
700906,3
253556,2
801898,3
603236,2
314661,3
324597,2
73153,2
322565,3
187721,2
217156,3
1007923,3
880889,2
397099,3
824723,1
759114,2
766062,2
809038,3
890269,2
867884,2
312431,3
391330,2
912045,1
73508,3
169168,3
591641,2
597753,3
200612,2
761794,3
209858,3
594338,3
985354,3
114360,3
281180,2
593007,1
998588,2
960726,3
270117,3
102304,2
592429,2
619111,3
11549,3
818368,2
312925,2
404270,3
119952,2
635940,2
167209,2
683139,2
824366,2
663530,3
971252,1
726184,1
606280,3
312439,3
403632,3
773530,3
197735,2
90293,2
274523,2
313474,2
350768,2
669436,1
217304,3
937523,2
679178,3
765893,2
271625,2
774374,2
184021,3
822913,3
764044,3
483087,2
282762,2
183454,3
753247,3
160065,3
401271,3
222220,3
600003,1
57397,3
173485,2
540496,2
270313,1
485407,1
517306,2
201414,3
966380,1
42653,3
588579,2
494516,2
465290,3
821413,2
42664,1
618906,2
229785,1
22628,2
112,1
535742,1
1030643,2
374493,3
291401,2
712959,2
427424,3
290038,3
113841,2
656894,2
230050,3
401092,2
794864,2
627451,2
110543,2
315216,3
284269,2
888265,3
885816,2
220850,3
615662,2
825305,2
674368,3
682947,1
607272,2
695952,3
411831,1
112765,3
368535,2
481160,3
11401,2
129162,3
931240,3
183613,3
530622,2
977823,3
604540,3
236645,1
666353,3
378792,3
223941,3
570804,3
874102,2
650056,3
677184,2
1036234,3
523525,1
1019663,3
1020609,2
943052,3
86413,2
120762,2
485075,3
1020362,2
922687,2
485304,3
861647,2
348207,3
326041,3
442287,2
855071,3
475917,3
579304,1
174085,3
779647,2
620163,3
836356,2
577584,2
705883,1
614571,3
1052395,2
791937,2
977998,3
979668,1
475792,2
363966,3
567384,1
910314,3
403308,3
731892,2
153110,3
179870,2
832745,3
622633,3
577189,2
868328,2
836517,2
935023,2
32793,3
931629,3
603963,3
589201,3
426957,2
309171,3
292963,3
685822,1
229355,2
1026587,1
853688,2
355708,3
976158,2
956858,3
276208,2
390155,2
22148,1
1045972,3
394874,2
782804,3
274648,3
996247,3
186248,1
503591,3
407625,2
356257,3
69973,3
856812,2
181444,3
952743,1
898141,3
99671,3
543491,3
888092,3
479304,3
772713,3
962145,2
920025,2
258638,2
121326,3
666917,2
862688,1
908669,1
8632,3
280,3
1038068,2
75643,2
793935,2
136816,2
44887,3
726970,1
811315,3
959517,3
15619,2
908017,3
542140,3
344179,1
46735,3
854400,3
282808,3
258747,3
837009,3
336780,2
74338,2
424819,3
115439,2
890898,3
680659,3
774157,2
407234,3
202124,3
458855,2
600261,3
853254,3
563194,2
200211,2
225905,2
422315,3
785732,3
326372,2
868263,2
991757,2
353228,2
1043428,2
468909,3
506947,3
519403,3
1039241,2
205371,1
571323,3
262888,2
122896,2
115116,3
141503,3
654104,3
819970,2
552329,3
1033565,2
782347,2
81148,2
500614,3
1014884,2
142516,3
674402,2
74491,3
645123,1
391416,3
181332,3
811772,2
629067,3
831317,3
220970,2
176207,2
303965,2
1016191,3
235206,1
459571,2
448439,3
260311,3
531932,2
649999,2
103572,3
9744,2
764069,3
469806,2
350227,2
312774,3
178928,1
376281,1
883063,3
599236,3
110673,2
329354,3
566131,2
670259,2
934882,2
280756,3
586921,2
981760,2
109602,2
1026942,1
822824,3
835382,2
572408,2
387942,2
677757,2
624795,3
899283,1
559755,1
740859,3
61497,2
1034637,3
659708,1
1015289,3
864700,2
322130,3
547220,1
469995,3
288454,2
686992,1
716623,3
218522,3
117641,3
380886,1
644139,3
762491,2
1034036,1
567193,3
195784,2
596071,2
362141,2
242620,3
765392,2
524454,3
402509,3
477699,3
413191,3
329260,3
126397,1
615844,3
506474,3
694411,2
224617,3
306919,2
611293,2
290373,3
589431,2
934031,3
30044,2
266349,2
710602,1
287462,2
119421,3
791924,2
1003226,3
414949,2
566124,1
1049269,3
744760,1
372879,1
690312,2
647159,3
985134,3
923632,1
371263,3
318592,2
671782,2
96460,2
901919,2
643694,3
904334,2
578279,1
594371,3
163488,1
1028416,3
599093,3
666843,3
144364,2
890793,3
614584,2
299079,1
105786,3
1022270,3
479102,2
346761,2
226714,2
14230,3
355646,1
581567,1
429363,1
442970,2
890093,2
212542,3
389942,2
609540,3
247979,2
573152,1
607391,2
539414,3
627573,1
362633,2
224591,2
210944,3
137211,1
427087,2
152455,2
111136,3
1000889,3
132879,2
20852,2
206248,1
1050796,2
191654,2
260768,3
311758,3
369077,3
506239,2
244301,3
1039726,2
700979,2
396912,2
631018,3
245361,2
652243,3
470736,3
765197,1
102241,3
350504,3
894915,1
5377,1
547856,1
876001,2
386047,2
10526,2
364656,2
179613,1
658513,3
93406,3
538150,3
608893,2
467425,2
605378,2
718185,2
703768,2
403497,2
184150,2
788456,2
132568,2
808024,2
22373,3
366650,3
148013,3
268474,1
976315,1
991751,3
599699,3
785035,2
844557,1
743731,2
380038,2
429555,2
236577,1
285389,2
138928,2
995283,2
1007393,2
201892,3
88550,2
137027,2
458769,2
658319,1
49127,3
773342,2
378754,2
812799,1
539636,3
95911,1
726567,2
291378,3
269621,3
1036163,2
227140,1
708088,3
683182,3
454114,2
766705,2
780921,2
250263,2
556715,2
206294,3
892647,3
283703,3
127854,2
716487,2
974699,3
704209,2
1019915,3
740394,3
980036,3
955601,3
954284,2
179560,1
416344,3
774154,2
727777,1
25874,3
159024,3
916639,2
971089,3
872982,2
872923,2
892321,2
199053,1
129008,2
215811,1
724140,2
32315,2
890074,2
2577,2
867340,1
888203,3
610019,3
718798,1
548410,3
1032774,2
526469,2
561556,1
618246,3
619141,1
417704,2
94532,3
124983,2
254372,3
710595,2
851578,3
283344,2
249074,3
463744,2
883042,2
972960,1
393658,3
809725,1
770100,2
192260,3
355641,1
468298,1
381355,1
253451,3
534846,3
634724,2
927458,3
400432,2
1000698,1
59295,3
508722,3
671035,2
301472,3
942900,1
757755,3
436922,3
57882,3
749134,3
200268,2
153129,3
802179,1
848407,2
448118,3
735259,3
385802,2
1039483,2
752840,1
555169,2
99993,3
558275,3
471365,3
836059,3
143387,3
622195,3
941899,1
588362,3
817783,2
825153,2
896825,2
517946,3
212341,2
980284,2
1015737,2
18658,1
1007668,1
958501,2
177816,3
191514,3
882472,1
531245,3
1047049,3
689014,1
76523,1
126477,2
941799,3
249854,1
601465,3
558469,3
478943,2
551157,1
618910,3
197814,1
676217,2
9900,2
136368,3
191001,2
1011696,3
13957,3
686282,1
718021,3
848362,2
629108,3
212275,2
594530,2
705328,3
1040269,1
863960,1
515905,2
373995,1
581530,3
182714,3
123260,2
787453,2
273007,1
550127,3
43161,1
814260,3
425989,1
298554,3
583673,2
294378,3
227476,3
83937,3
729119,1
135437,2
125790,1
789857,2
136533,3
380923,1
273589,1
445228,3
1044510,2
820959,2
1036023,2
330359,1
230301,2
161916,2
695161,2
176507,3
610356,1
658334,2
909033,1
1015611,2
320645,2
639581,1
369266,3
1017684,3
193004,3
216582,2
53698,2
832450,2
900255,1
890992,3
648680,3
55397,2
146836,3
898964,2
412411,3
158790,2
973048,2
389314,2
571657,2
391286,2
272613,2
880134,3
980081,3
659066,3
275423,2
77418,2
318025,3
538406,2
792782,2
258301,2
862211,3
977354,3
834415,2
652489,2
545217,3
157698,1
1032888,2
215970,3
517789,1
42546,2
67941,3
772450,3
534479,3
371013,2
538818,2
436275,2
482427,3
643014,2
84557,2
345321,3
85855,2
395603,3
767076,3
962134,2
378725,2
981397,3
896959,2
720456,1
502942,3
354094,2
428432,3
1040868,1
520297,3
573085,3
67518,3
137979,3
65083,2
780035,3
999879,2
162583,2
580830,3
381874,2
696080,2
80096,1
322667,3
162277,3
466804,2
391954,3
1045377,3
30623,3
252114,3
54097,1
386716,3
850571,2
601868,3
282780,3
450651,2
57379,2
593353,3
350299,2
236298,2
500239,3
82184,2
51221,1
319349,2
961354,3
869999,1
932152,1
552571,1
433972,3
71681,3
319067,2
571087,2
106915,2
901227,2
268197,1
335429,2
708413,1
1020309,1
277828,2
479454,3
946794,3
1012711,2
6942,3
503703,3
580121,3
92219,2
850944,3
457152,3
546872,3
324956,1
726831,3
173792,2
481836,2
52487,2
1051983,3
14633,2
570962,2
254550,2
474761,2
116909,1
615134,2
255734,3
493104,3
774301,3
741635,3
311255,3
538392,3
352372,3
753101,1
226209,2
947969,3
434721,2
68228,2
925809,2
323764,3
975080,3
326476,3
11394,1
161271,1
400139,2
1012447,2
382856,1
118783,1
967484,2
237799,3
983147,1
629384,2
272155,3
961870,2
477982,1
173932,2
250467,3
584572,2
299896,2
605684,1
511529,3
1050213,2
979006,2
501016,2
453854,1
592474,3
794135,2
994430,3
706831,2
752410,2
646080,3
878520,3
114867,2
43902,3
371717,2
70277,2
290967,3
39926,2
852612,3
803407,1
603307,3
805615,2
687846,2
18200,1
146709,3
980126,3
114269,2
543946,2
131140,1
927019,2
787838,3
782270,1
393334,2
74925,1
585888,1
1009286,3
209548,3
599947,2
513473,3
558328,1
475286,3
957593,2
909345,2
768640,3
252652,2
875962,2
828829,2
756215,2
334776,2
697070,2
422934,3
693591,2
611080,2
664105,2
1025718,1
348094,1
439042,2
201276,2
120894,3
579778,2
584164,2
779527,3
928873,1
457846,3
798142,3
792112,1
997728,2
944308,2
795321,3
502235,1
59458,3
926264,3
453778,2
438227,2
109448,2
421697,3
584403,2
768796,3
152675,2
931595,1
921905,2
268530,1
429447,1
910643,2
1001834,3
603603,3
77046,3
912777,3
222007,2
793818,1
418766,2
265972,1
253785,3
158628,2
163033,2
205960,2
891497,3
297990,2
935621,2
353704,2
547790,3
102709,2
967256,3
524385,1
38307,2
743339,2
812800,3
949393,3
182937,2
506113,3
97783,3
1010194,2
848433,3
1033402,2
956138,1
590084,1
703064,3
712049,3
448320,2
463684,2
858578,1
334257,3
829356,3
10329,1
1040070,1
441814,2
489033,2
705769,2
359983,1
289024,2
749554,2
269460,2
61300,3
846554,3
206513,3
493426,3
232607,1
558624,3
470873,2
1024420,2
395797,3
195336,1
748514,3
602530,2
908592,2
920904,2
672494,1
785852,3
75190,3
488240,2
241504,1
1041209,3
785999,3
78628,2
297624,3
177441,1
496446,2
1049477,1
236743,2
34576,3
235003,1
661006,1
1043476,1
708544,2
877069,3
528991,2
818249,2
328193,1
240843,3
121891,2
364205,3
228032,2
266286,3
438557,2
543584,1
145817,1
456530,3
790275,2
548308,3
436969,3
296321,1
424764,1
889642,1
153897,3
322066,1
612448,2
970443,1
872124,3
845865,2
656633,1
750451,2
600644,1
342035,3
614529,2
137826,2
62781,1
152988,2
947187,2
157637,2
933169,3
139926,3
437366,1
103791,2
802263,3
1006335,2
393797,2
956745,1
154657,3
826046,1
761783,3
269277,3
706971,2
922035,1
329230,3
8691,2
163618,3
690586,3
472838,3
711267,1
482538,1
1048431,1
705483,3
968797,3
1029147,2
578555,3
389774,3
201707,2
558617,2
1023793,3
306269,3
15460,3
366859,3
960634,2
123368,3
682616,1
3250,2
617193,2
575485,3
568914,3
816717,1
69865,1
829774,3
591870,3
145943,2
976452,1
374815,3
715532,3
740212,2
103778,3
500846,3
208758,2
1026123,2
588025,2
50929,3
487604,2
97012,3
1037037,1
82951,3
13292,2
88193,2
641822,3
218051,2
343529,3
1033737,2
943662,2
346798,3
862601,3
795872,3
413805,3
433695,2
975742,3
379983,2
514257,2
856532,3
808963,2
185608,2
538940,3
6660,3
635359,2
405239,1
200098,3
898540,2
973711,1
405262,1
240830,3
999061,2
932716,2
682310,2
647354,2
308513,2
654345,1
598977,2
455386,3
176848,2
580282,3
302050,3
399675,1
886889,1
209982,1
694564,1
853695,3
125885,2
790075,3
14808,1
582050,3
1008163,1
483423,2
596196,3
1002993,3
499864,3
871064,3
876612,2
544781,1
704195,2
415349,3
967054,2
49057,2
759184,3
755979,3
716826,3
214568,1
62316,2
447159,2
956634,1
1039297,2
441738,2
299915,3
953060,3
150413,1
65402,3
455661,2
148759,1
340559,2
85388,1
836255,3
31946,1
589539,3
680815,2
766167,1
581723,3
132856,3
601160,2
551354,2
406261,2
19654,2
377450,1
109485,3
324952,2
729067,2
559665,2
288805,3
263902,1
162867,3
842489,2
147907,3
1029683,2
550729,1
324403,3
906839,1
1018743,2
26602,3
384297,2
790865,2
932743,2
1042990,3
1027637,3
296036,2
842407,3
256611,3
102961,2
452446,2
28501,3
299686,3
381108,2
594201,2
234219,2
467549,2
783020,3
368994,3
269746,3
339889,2
946933,3
309595,2
806255,3
142270,3
924780,2
290880,3
343536,3
660632,3
560851,1
759254,2
175873,3
616313,2
426505,3
845218,3
913120,3
21663,3
499651,1
671800,3
645575,2
473575,3
757851,3
280521,2
113280,2
155044,3
330933,3
303652,2
765387,2
854602,2
501172,2
592383,2
340093,3
584667,2
592000,3
102048,1
447660,3
173018,1
596067,2
457435,2
534347,3
393955,2
842007,3
232266,2
479374,2
193954,2
63675,2
939854,1
848214,2
256158,2
626356,1
793120,3
168387,2
880558,2
919407,3
356572,3
618618,2
927056,1
932344,1
1052648,2
728288,2
715272,3
202466,3
470019,1
42316,1
168853,2
339641,3
764898,2
890315,1
177401,2
171719,3
676796,2
131258,3
958985,3
721257,2
340779,3
179029,2
887141,2
598340,3
65158,2
936535,2
528698,1
572089,2
949559,3
307457,2
932930,3
1032325,1
513978,2
723827,2
185106,2
832820,2
978687,3
1033710,2
705271,3
670203,2
413760,3
397680,2
637831,1
558299,1
754934,3
330054,2
1008997,2
539587,2
955510,2
781932,1
632155,2
820179,2
724027,2
419016,1
159646,2
657833,3
975272,3
577862,3
742374,3
360404,2
87790,3
884170,1
378095,3
314036,3
4970,3
873775,3
378186,2
220293,1
82690,3
653476,3
1046700,3
390063,1
582998,3
25287,3
913163,3
716444,1
489285,3
514223,2
221075,3
504999,3
433890,2
268061,2
448306,3
225153,1
243878,3
967955,2
1041521,3
542189,2
925316,2
564501,1
745117,3
887258,1
776619,1
82239,2
184997,2
383034,2
584135,2
583295,2
542347,3
697588,1
655313,3
850314,2
191785,3
518780,3
832463,3
583217,3
334606,2
608519,2
1022706,3
538195,2
279154,3
607957,1
578134,1
185827,3
388176,1
620426,3
322299,3
514150,3
917651,1
570512,3
689028,1
231062,2
929911,3
666146,2
844272,3
452360,2
820669,2
33439,2
129830,3
536519,2
373692,2
713888,3
604122,2
602803,3
874604,1
208676,2
931901,3
724583,3
362026,3
696040,3
139794,3
319444,2
456884,2
68777,2
197827,3
578892,2
269183,2
544425,2
142717,3
15574,3
605888,3
846937,1
368589,3
795939,2
914998,1
865728,1
1028591,2
831999,2
464951,2
306322,2
499387,2
583753,3
119328,1
1016520,3
202802,3
366632,1
775257,3
130828,3
1041956,3
850194,3
910983,1
605151,1
294566,3
283213,2
805549,2
581677,2
650122,2
15604,2
566405,3
684551,2
420286,2
309217,2
114047,3
393551,2
124771,1
478096,2
17893,2
647218,2
1005798,2
138911,2
802119,3
713496,3
509905,3
297023,3
600316,1
109229,3
398109,2
499484,1
816572,3
21517,1
208384,2
671726,1
770856,1
342790,1
33883,3
906853,3
703305,2
721117,3
746345,2
457997,2
656740,2
665241,2
37960,3
782685,2
947186,2
1033722,1
607350,2
944690,2
877653,2
476731,3
731721,3
436221,1
788380,3
310061,1
879878,2
597392,1
175401,3
428050,3
284415,3
127946,2
394365,3
1049727,2
107352,1
456475,2
647764,2
728080,2
379152,1
509664,3
176449,3
1030240,2
532667,2
291228,2
868725,2
512790,2
113548,2
601440,1
1011845,3
29707,3
219783,3
318924,2
61058,3
52289,3
359807,1
531742,3
650921,3
589842,1
271873,2
224606,3
390270,3
748621,2
360767,3
145404,1
160494,1
89925,2
1030895,3
478690,3
347210,1
661643,1
64418,3
915736,3
515033,2
667219,3
213408,2
63661,2
361554,3
417501,1
298257,2
342094,2
783879,3
765711,3
15614,3
634609,3
1019743,3
534099,1
336653,2
785874,1
406254,2
869970,2
434015,2
769716,3
88531,2
235082,3
1039837,2
363061,2
941826,3
511711,1
242031,2
1037055,3
260502,3
663285,3
788761,3
563269,1
551454,1
623165,2
863712,2
679338,3
810718,2
997952,3
1021515,2
76801,2
440402,2
383969,3
863713,2
724675,3
103188,3
1036131,2
41215,2
868672,2
363480,3
185399,2
905325,3
932012,2
30633,3
692327,2
418860,2
373213,2
253985,2
327718,2
500194,1
110660,3
505271,1
836240,2
658781,2
243499,3
597854,3
1025777,2
396173,2
598870,3
777527,2
786492,3
53530,1
265868,1
913570,3
422754,3
1008536,1
689921,1
288703,3
115080,3
819017,1
435782,1
375213,1
508739,2
550966,3
138905,2
52210,1
670950,3
1018181,2
225468,3
345500,1
771259,2
480369,2
871877,2
79551,1
514937,3
727710,1
570734,3
684161,2
1007511,1
216740,3
869819,3
742522,2
114413,3
982968,3
159476,3
553133,1
946880,2
523479,1
211202,2
425566,2
883929,2
862040,2
423489,3
437708,2
927131,2
256918,2
318217,2
231769,2
368938,3
304433,1
8465,3
239952,2
685934,2
488379,3
496790,3
540387,2
464595,3
220414,3
583689,2
6803,3
68994,3
799020,3
938356,1
367480,3
950487,3
621040,3
853804,2
449033,3
583904,1
188241,3
740024,1
573795,1
541170,2
943424,3
265716,2
700626,3
858584,3
379255,3
991959,3
844244,3
750499,3
1042057,3
236335,2
728367,2
116732,3
204831,3
654861,3
1052849,3
666548,1
371329,1
634346,1
573899,3
759101,2
510147,3
973258,3
612202,3
874476,3
177516,2
306997,1
544990,1
17823,3
346387,2
872371,2
35618,2
1038551,3
191551,1
1011362,3
596415,2
612967,2
704413,2
911782,1
759072,3
144678,2
374142,1
232197,3
475346,2
176069,3
646740,2
162650,3
499244,3
516878,1
877756,1
31517,2
623338,1
7711,2
374086,1
414533,3
668174,3
100854,1
150132,3
199165,2
406974,3
922784,1
725245,2
496122,3
11763,3
999289,2
54825,3
857345,1
467143,2
954154,3
199148,3
764450,3
171104,2
412459,2
475354,3
606624,3
571816,1
684229,2
528995,2
789800,3
193876,3
382130,2
832011,3
122095,1
266104,2
580142,3
366433,2
608320,3
204337,3
19097,3
157470,2
908986,3
414803,1
497019,1
178262,2
280487,3
892750,2
539864,3
370226,2
446152,2
926317,2
213713,3
305624,3
344685,2
11133,2
374601,3
73684,2
50469,2
815896,3
107268,2
953494,3
410312,2
934478,3
1035817,2
341332,3
171799,2
278992,2
978063,3
859813,3
306021,2
351575,3
770250,1
919501,2
683521,2
375936,2
173341,1
335679,2
215759,3
958236,2
863142,1
294402,3
90114,3
375088,2
1008492,2
660843,3
238885,3
366153,2
231406,3
68175,2
577512,1
90770,3
138215,2
620140,2
379316,2
1018044,2
345105,2
157678,2
58992,1
564745,3
456321,2
747212,1
543338,3
548716,2
1015031,3
134217,3
806933,3
104648,2
693032,1
495396,2
814735,3
12659,3
589183,2
827872,3
671111,3
194996,2
265696,3
632127,3
1035406,2
25344,3
858106,3
523467,3
657846,2
965947,3
447649,2
835973,3
751058,2
720070,3
32145,2
340914,3
734699,1
891701,3
923255,3
469323,2
828808,3
789298,2
825246,2
979727,3
354839,3
511516,2
1032971,3
302862,2
335324,2
876080,3
12321,3
612869,2
917841,3
174663,3
231256,2
267937,2
337519,2
790196,1
139344,2
572757,3
71220,1
216400,3
711200,1
516606,2
485620,2
379758,2
747938,1
423300,2
424255,2
544042,3
243094,3
340506,3
524735,2
514528,2
227510,2
146552,2
301147,2
112279,1
510790,2
776543,2
962811,2
251427,3
931931,3
1006828,3
195678,1
894480,2
674822,3
665329,3
136517,3
289007,2
317892,2
602034,2
203574,3
185043,2
392818,3
380491,2
886268,3
217985,2
575026,2
683858,2
857724,1
831500,3
603729,3
2657,2
1030251,3
1051558,3
816612,2
506649,3
651616,3
285909,2
204949,2
264230,1
24382,3
85168,2
311454,3
883819,3
388148,2
180824,3
879213,3
624877,3
709800,2
861229,2
642620,2
787610,3
86693,1
776415,3
1040579,2
872313,2
377275,3
514002,2
208829,2
529273,2
767247,3
661139,3
34731,2
572848,3
211204,2
190033,2
304740,3
935114,2
137147,1
555856,1
218315,1
538123,2
198013,1
57242,2
92186,2
559073,3
739153,2
563788,2
368036,3
451093,3
702507,3
48547,2
407225,2
890186,2
107981,3
784715,1
770766,2
352023,3
853797,3
277269,3
699782,3
709511,1
409685,1
211858,2
913786,1
304073,1
787244,2
342637,3
696470,2
612376,2
458535,2
940370,3
106333,3
694116,3
812443,3
824609,1
829751,2
793195,2
641085,2
304250,3
439343,3
736441,1
641528,2
1029062,2
464342,3
12895,3
937162,1
685820,3
220840,3
748841,3
957519,1
594186,1
275146,2
1046379,2
264491,1
173667,3
169813,1
378562,2
740710,2
192220,1
907874,1
83327,1
272812,3
664575,3
625815,2
235798,3
451089,2
960650,2
1024112,3
99354,2
431236,2
882597,2
781937,2
442375,3
285238,2
376178,2
989960,2
396363,3
764318,2
556157,2
867613,3
296756,3
703158,2
840949,1
81966,3
1027378,2
958008,2
531638,3
80294,3
703635,2
290832,2
66975,2
595709,2
843586,3
984141,2
991932,2
691059,2
139079,3
879360,2
687985,3
501974,2
558277,2
1039249,1
684198,3
700643,2
81348,1
320038,1
633579,2
64381,1
1012608,2
552778,3
272112,3
464079,3
340039,1
661113,2
944454,1
382707,2
121699,2
905898,2
110627,3
494899,2
989392,1
148943,1
198553,2
126333,3
406218,3
26711,2
145737,2
1030336,2
78066,2
491406,1
195982,3
847454,2
252097,2
350455,2
200024,3
914955,2
739476,3
1030008,2
247315,3
32761,3
947063,2
741644,2
847501,3
792201,3
890995,3
8635,3
787402,1
124637,2
512113,2
348930,1
83138,3
138988,1
329220,3
960803,2
132823,1
12933,2
849741,3
459991,2
875618,2
559683,2
18525,2
423151,3
964174,3
18008,3
15424,2
910454,2
635265,3
1006787,1
129880,3
469293,1
361498,2
285811,3
392687,3
1049006,3
320537,3
377352,2
299281,2
280012,2
146192,3
487453,3
823095,1
662671,2
391846,3
650895,2
222019,3
645768,3
624603,3
49110,2
657040,3
1041603,3
292431,2
123134,3
417243,3
198734,3
139996,3
1025101,1
835609,2
55917,1
720063,1
593355,2
661860,1
965907,1
513729,1
597046,1
978446,2
387798,2
519891,3
360210,2
998732,2
1039316,3
287566,3
470170,3
39564,3
724539,3
223520,1
926654,3
766766,3
627528,3
697037,3
153949,3
414143,3
313198,2
1020483,3
255365,3
917124,1
419727,3
711452,2
408335,3
767052,2
730119,2
158016,3
611178,3
925423,3
17335,2
1000318,2
314818,3
949194,2
951173,3
544101,2
835188,1
64472,3
18304,3
726599,3
676899,3
84358,2
616790,2
461415,1
592401,1
187513,3
584257,2
470471,3
346659,1
906322,3
166067,1
271745,3
769354,2
612147,2
899954,2
801751,2
784529,2
318306,2
672993,1
776323,1
400515,1
425961,3
496493,2
108646,2
957938,2
608839,3
950816,2
353084,2
75309,2
427973,1
342113,2
179687,2
61633,3
1018965,2
526532,3
581292,2
1040204,2
121898,2
809635,3
35714,3
675839,2
282510,3
257805,3
324569,2
457528,2
463186,2
773412,2
222881,2
223871,2
988942,2
861940,1
409493,2
833099,1
253952,2
427639,3
384298,3
689,2
964921,2
883712,3
621000,2
55594,2
938219,1
479591,2
143582,3
921825,3
893841,3
936518,1
476222,1
557272,3
684625,3
797798,1
778534,3
416579,3
315345,3
536134,1
335042,3
119593,2
893080,3
499525,3
37554,2
519681,1
173626,1
932242,2
580337,2
584375,2
888551,2
907123,2
245721,2
434462,2
52418,2
698607,2
184660,3
941670,2
1027728,1
890116,2
730361,2
982065,3
442612,3
652536,1
271573,2
682314,2
311841,3
729146,3
166664,3
860451,2
740238,3
122273,1
273931,2
240161,1
862267,1
778770,2
404075,2
166737,3
920725,3
766914,2
159449,3
154959,2
549058,3
630522,1
907212,3
424238,2
506895,2
874016,2
905509,3
163124,2
918497,2
163241,3
238564,3
720031,2
148023,2
1012502,1
81857,3
161898,2
283133,2
637701,3
279952,3
939640,3
182696,2
790651,2
899435,3
246563,3
1014181,3
329209,1
388624,3
174163,3
100138,3
441131,3
306526,1
49827,2
660345,3
776271,3
392466,2
314589,3
329725,3
310830,2
336785,3
838870,1
124774,3
811821,2
244545,3
339662,3
414946,2
158450,1
611189,3
29346,1
160619,1
969543,2
299608,3
750861,3
1026680,2
1010658,1
36925,2
188324,2
17618,3
627213,2
130669,1
649638,2
805649,2
548075,2
333795,3
575228,3
238585,2
576682,2
918691,3
255591,2
274505,1
429313,3
603314,3
831830,2
110933,1
900934,2
173076,3
939843,2
505519,2
388122,2
107202,3
625010,3
555888,3
565083,2
945456,3
638374,1
631490,3
1049878,3
180006,1
141249,2
547157,2
921236,2
991618,3
971944,1
249218,2
520019,2
63726,2
685938,2
655338,3
777078,3
298840,1
132694,3
600473,1
290632,3
496117,2
1005561,1
76512,2
293088,2
675399,2
795331,3
537157,3
354438,3
92052,3
912223,3
900728,2
7027,2
642510,3
397939,1
305711,2
409987,2
115444,3
925925,3
554270,3
650967,2
910507,3
1010661,3
288642,3
830235,3
86306,2
237207,1
994699,3
675889,3
360561,3
653491,2
888418,2
654544,3
747939,3
667334,3
782177,2
992279,1
195246,3
960490,3
171070,2
312159,3
335997,1
248718,1
13775,2
428990,1
248754,3
85390,2
1034018,2
969042,2
2449,3
255400,2
499627,3
87574,2
596768,2
778384,2
659015,3
309258,2
450143,3
220025,2
677807,2
557458,2
522815,2
497054,2
1001420,3
134426,1
593808,2
145782,3
981862,3
874869,3
688265,2
648740,3
225223,2
188963,2
437854,3
274773,3
964406,3
245305,2
204917,3
118918,3
744741,3
849728,2
676553,2
617145,3
38482,2
490241,3
689174,1
660227,2
75125,3
214930,2
136327,3
301917,2
343378,2
578263,2
323064,3
967447,1
470887,2
232600,3
294142,2
435454,3
338065,2
865634,2
573581,3
392665,1
889399,3
539093,2
453870,3
221132,2
1051642,3
140553,1
230545,3
670562,2
236730,1
1019647,2
233869,2
695234,2
796712,2
551772,3
432979,3
221405,2
911100,3
241689,3
904072,3
658946,1
153737,3
738541,2
15235,2
285127,3
808403,2
658907,1
586949,2
318904,3
175402,3
460469,3
940190,2
307458,1
458627,3
557767,3
304943,3
291721,2
235402,3
858593,1
438660,3
814736,2
756748,2
639695,2
770254,2
716432,3
302033,3
544806,2
1004567,3
282009,1
556924,2
819816,2
920761,2
532045,3
657087,1
917593,3
24363,2
601091,2
623065,3
1049549,1
891370,3
337062,3
303789,3
164618,2
722266,3
809723,3
309744,3
269265,3
815826,1
329599,2
988073,3
879958,2
508834,2
803417,1
701623,3
433764,2
162211,2
309562,3
791238,3
324769,3
436600,3
659186,3
45340,3
571148,2
119863,2
1016708,3
714153,2
1046277,3
293355,3
604237,3
138649,3
604639,2
107410,3
565154,3
864937,2
449620,3
862621,2
402036,3
89155,2
603273,2
305173,1
151154,1
811482,2
491653,3
574688,2
855528,1
525375,2
217417,2
737811,3
851015,3
319106,3
478505,2
937107,1
999194,3
640555,2
834231,3
883254,2
671593,3
632466,3
378289,2
373240,3
514291,2
318887,3
827492,2
605330,2
962103,2
147942,3
1049629,2
42723,2
480534,2
515042,2
461385,1
481883,2
1045476,3
771920,1
445273,1
68704,3
680978,2
51852,1
1025077,3
555004,1
607669,2
172794,3
291072,3
58158,2
416569,3
422312,3
918472,3
687795,3
520361,1
489667,3
385618,3
22040,2
129915,1
99630,3
55079,3
294634,3
557481,3
405701,2
417332,2
129202,2
492917,2
1018475,3
32386,3
865012,3
18620,3
79021,3
38701,1
736359,2
307806,2
80489,3
731497,2
177001,1
920158,3
996024,3
561933,3
865435,2
766530,1
1472,2
515126,1
479751,3
472320,1
704933,3
533345,2
366452,3
445373,1
358021,2
864988,3
53788,1
481063,2
508271,3
406154,1
226642,1
1007133,2
762932,1
619378,1
757278,1
450596,2
57322,2
618609,1
208624,3
871743,3
820870,2
46117,3
147980,3
865919,1
663946,3
642392,2
106941,2
305150,2
172791,3
534064,2
95378,3
207242,1
690722,2
248426,1
483850,2
912530,1
209718,3
731136,2
490528,2
290008,3
1015883,3
563017,1
709373,3
432032,3
250557,3
198149,3
252487,2
303857,3
256106,3
1031883,3
120998,3
501926,3
861204,3
114529,3
768716,2
495334,2
263115,2
624951,1
434171,2
729139,3
396088,3
394980,3
384103,2
699295,1
111561,3
49316,3
50602,3
528188,1
40262,3
810996,2
186847,1
591158,1
227595,2
364418,2
643919,1
803937,3
81193,2
771316,2
897668,3
429362,2
309655,3
527121,2
369972,2
572612,2
530618,2
794473,2
774928,3
315100,1
104534,1
690328,3
768695,2
1011087,1
884600,3
379817,2
211468,3
836642,2
976186,1
849391,3
1044186,1
805155,1
238660,3
708722,2
1039466,3
599979,3
492234,3
686531,2
875446,1
708779,3
440911,3
858268,3
955697,2
542724,1
711019,2
816127,2
966902,3
240760,2
14488,1
644527,3
693606,3
872067,1
363282,2
22505,1
556535,2
757328,2
734363,1
744398,3
896499,2
335417,2
307871,2
625991,2
66026,3
800498,3
765535,2
432589,2
461896,3
16592,2
374206,2
807963,2
434596,1
167588,2
604506,3
549955,3
460623,2
544983,3
376887,3
479418,1
365983,2
690972,1
633156,3
344675,2
459197,3
533592,3
880696,2
215708,1
26603,1
1033459,2
331655,3
817190,2
429202,2
263109,1
661654,2
814948,2
727572,1
524159,3
349369,2
489596,2
500314,3
871887,2
434802,2
410019,2
980571,2
190851,3
621880,3
62505,3
257067,1
40850,2
352826,3
654975,3
649751,2
381805,2
335170,3
705156,1
66468,3
528765,1
754274,3
764273,2
293807,1
701899,2
1036103,3
672094,3
258280,3
717099,2
219135,3
605654,2
91366,2
28790,1
620834,3
98786,1
7792,2
474703,3
868363,1
473670,2
425719,1
1000979,2
569651,1
149154,3
799653,1
488486,3
842298,2
326953,3
159640,1
194063,3
313761,1
1038776,1
241184,2
826365,3
82326,3
563370,3
37027,3
323655,1
401742,2
679112,2
141686,3
635014,3
215242,3
1025566,1
285743,1
727185,1
738380,2
182849,3
306829,2
557323,3
288598,1
254178,2
1017139,3
471945,3
756667,3
587368,2
234199,1
222636,3
260057,3
790332,1
419747,3
989680,2
751468,2
986832,3
494026,2
315285,2
518384,3
740481,2
673350,2
623439,2
348947,2
51986,2
539718,2
868882,2
626474,2
343899,2
926101,1
611367,2
590944,2
508554,3
515834,3
1039873,1
483788,1
828340,3
688625,3
229498,2
989084,2
270428,2
677383,3
491024,2
400383,2
101207,3
807953,3
263111,2
420644,2
1034787,2
539995,3
302232,2
654852,3
605474,3
445270,2
5341,1
1037484,2
562789,2
568139,3
764941,3
1025627,3
99611,2
521101,3
492266,2
735237,2
381144,2
853106,2
943224,1
775070,3
1038208,1
906196,2
574376,1
609241,3
869519,2
139396,1
472935,3
703111,3
676671,3
193394,3
223718,1
211170,3
251344,1
934363,2
597031,1
197413,1
730895,2
341723,3
188935,2
563785,3
697543,2
442449,1
50804,2
637836,3
336124,3
552033,3
493623,2
880030,3
903855,2
712888,3
228110,3
475304,1
301772,3
385219,3
789881,2
757362,3
979025,2
903475,1
986442,1
229856,2
997995,3
853035,3
245439,2
297736,3
137269,2
576186,2
1002337,3
631375,1
663300,1
193178,1
64078,1
919410,3
901212,3
833428,1
615482,2
342174,3
956314,3
901214,2
313917,3
202507,2
443324,2
563167,2
801272,1
620727,2
69773,3
87384,3
892905,2
928283,3
889613,2
978809,2
277960,3
1020781,1
129600,3
861491,1
843464,2
196422,3
596691,2
575471,3
39319,3
1001170,3
1037047,2
390984,3
373311,2
552467,1
231883,2
248259,2
231052,2
902710,3
759345,3
924032,2
730311,2
261989,3
711494,1
1000004,1
961816,2
861348,2
1029329,3
152985,2
954198,3
614933,2
1045063,3
160699,2
1757,3
808259,2
634906,3
816393,2
75962,3
263432,3
284074,2
944050,2
599855,3
526141,3
948880,3
61330,3
654117,2
831662,3
162397,2
401728,1
27446,3
878093,3
417354,2
393025,1
273660,2
237948,1
498760,2
503384,2
721010,3
29689,1
751285,3
780220,2
408574,2
157089,1
952540,1
72012,3
310215,1
249209,2
587055,3
920925,1
716941,2
125742,1
320,3
630555,3
795473,1
157808,1
614205,3
848339,2
511275,1
840216,2
389215,2
678109,2
171123,2
717076,1
6070,2
738198,3
792474,3
38160,3
108513,3
248911,3
62861,2
159530,1
1022001,3
693873,3
522199,2
179151,3
7400,2
230628,2
531040,3
782310,1
289208,3
468975,3
417063,2
40140,3
1006504,3
247724,3
248410,2
735951,1
16071,3
45437,3
291750,3
416589,2
271647,1
447217,3
351008,2
899049,2
673971,3
1012512,1
164966,3
609195,1
548958,2
451944,1
1003621,3
843557,3
934629,2
520849,2
349435,1
541407,3
966568,3
294945,3
1046302,3
426702,1
359606,2
984498,1
617670,2
288651,2
115179,2
554345,1
445710,3
633067,2
754524,3
141372,1
258749,2
356558,3
782790,2
305252,2
894729,1
760486,3
495894,3
723104,3
910243,3
938798,2
1051916,1
836048,3
304284,2
420781,3
834879,3
629187,3
781025,2
501205,2
878358,3
252382,3
38927,2
272445,2
327518,3
252185,3
309214,1
161238,1
99214,3
323360,1
376886,1
29288,3
976833,3
502290,3
172011,3
847909,2
678874,2
437357,3
965238,3
577725,2
471495,2
1043238,3
305067,3
451285,3
272561,3
1016818,2
508714,3
623479,2
560257,3
892491,2
143867,3
38070,1
148349,1
380834,3
786059,2
636746,3
864101,3
359478,2
812710,3
194010,1
306625,3
1040157,3
673442,3
658209,3
269795,2
520463,1
132462,2
820986,2
778591,3
826897,2
1045923,3
281808,2
876417,1
122338,2
610586,1
180741,3
184440,3
4519,1
235868,2
271607,2
778945,2
64025,2
549143,1
808167,2
214642,3
265394,2
228022,2
491632,2
389437,3
650448,3
232583,3
599401,3
227505,2
778460,2
61564,3
161021,1
378920,3
742500,1
438351,3
1026101,1
737142,1
926427,3
212393,1
248007,3
443255,2
773711,2
229090,1
693071,1
553941,1
736129,2
200004,2
405618,2
291048,3
530544,1
315577,3
454793,3
645591,2
672181,2
377399,3
579223,3
850067,3
964588,2
714926,3
872692,3
890410,1
849017,3
539167,2
927203,2
821775,3
2508,3
744043,2
656359,3
793527,2
916482,2
836201,3
995496,3
45198,1
582279,2
505099,1
941404,2
944451,3
667800,3
59827,2
348989,2
88774,2
723266,2
76872,3
638959,3
793986,3
876928,2
395672,2
384718,2
114460,2
629122,2
544710,2
568725,3
961024,3
271217,2
181526,2
76602,2
834568,2
201130,2
722685,3
651926,1
141370,3
1050402,2
193665,1
995783,3
348759,3
768278,1
176430,3
309679,2
806248,3
287456,3
890097,2
291705,3
23170,2
937163,3
38715,2
218773,3
690421,1
930606,1
847050,2
951976,2
769057,2
329020,3
100182,3
179742,3
388318,2
328910,3
404747,2
1017910,2
199900,2
97567,3
626510,3
276837,2
454039,1
188043,1
438139,2
515376,2
548254,2
143188,1
119370,1
732213,3
923179,1
21282,3
573829,3
592693,2
445185,3
140244,3
219681,1
262591,3
772722,2
390147,2
397862,2
835892,2
577604,3
83834,1
769205,2
89443,3
487022,2
416708,1
777556,3
571637,3
427461,2
750669,2
441652,2
779684,1
604039,2
161765,3
412503,3
796851,1
813300,3
512336,2
220392,2
922165,3
865509,2
286802,3
451889,1
188846,3
658938,2
371171,2
828164,3
741905,3
694476,3
681157,1
194640,2
613890,2
1024290,2
223225,3
963563,3
703671,1
607440,2
876089,2
364385,3
53248,1
623548,3
1020361,1
808731,3
823170,2
714742,2
814258,3
785791,2
860749,3
281220,3
886516,2
571162,3
665057,3
411992,3
930403,3
414697,2
926609,2
495811,3
994892,1
861158,3
791335,2
735509,2
792645,1
522189,1
454703,3
1007394,2
658136,2
448478,2
988299,2
793314,3
241333,2
862067,3
86225,1
376002,3
317911,1
454798,3
1009752,3
549060,1
144674,3
293392,3
112036,2
47244,1
241432,2
519947,2
50345,1
170350,2
485825,3
1046895,2
27546,1
995117,3
537340,1
406210,2
462771,3
460221,2
555552,1
851322,3
32209,3
1026960,3
674616,2
470522,2
324148,3
952813,2
510842,1
730522,1
150262,2
221717,2
671602,2
417741,2
609566,2
930346,2
245783,3
656228,3
37841,3
352454,1
39671,3
656522,3
634788,2
404247,1
530189,3
509114,3
709957,1
188351,3
255736,3
531183,2
568005,3
939029,2
1032894,2
295978,3
24047,2
808791,2
128580,3
32948,3
472178,2
519424,2
994279,3
99083,2
419765,3
317443,3
170075,3
718198,3
255005,2
778503,2
284064,3
998107,3
770548,3
325560,3
914770,3
17459,3
46236,3
383897,1
544197,3
14225,1
49932,2
202438,3
423491,2
1574,3
967223,2
306321,3
343578,3
1024432,3
872113,1
727891,3
355529,2
797309,3
976858,2
72773,3
267808,2
568319,2
190074,2
519356,2
341853,1
403678,2
106546,2
367617,1
782824,3
316769,2
502364,2
782687,3
350216,3
1017081,2
765243,1
961674,3
613494,2
723173,3
562957,2
118722,2
421206,3
675942,3
802229,2
434325,3
404067,3
404092,3
194481,3
804333,1
326942,2
854495,2
698715,2
743140,3
627426,2
922627,3
665269,3
357247,2
628490,2
134961,2
16896,2
758197,3
925585,3
793212,3
436936,3
85530,2
55170,2
943696,3
157884,3
167248,3
621391,1
464311,3
241630,1
680918,3
192592,2
107628,3
740456,3
627847,2
61374,2
661805,2
529490,2
342285,1
467707,3
964750,2
1029384,2
636436,3
247826,2
727469,3
79664,2
876646,2
1012250,2
866932,2
703019,1
382696,2
393248,2
465797,1
38896,3
498768,3
144404,2
866242,3
697507,1
720179,3
780432,3
785567,2
348535,3
137291,1
455414,1
524895,2
744955,2
389300,3
388485,2
557126,2
148296,3
990980,2
483117,3
795031,1
366264,3
685441,2
306163,3
81850,2
565751,3
1044412,3
494435,1
676067,2
687927,3
216328,2
58717,3
606481,2
177531,3
321304,2
832831,1
700171,2
112737,1
1029952,2
202601,2
406807,3
686179,2
730746,3
634608,3
703790,3
806974,2
984541,3
542621,1
75626,3
743376,1
256112,2
865805,3
597192,1
35247,2
551704,3
453772,3
580172,3
700410,2
191175,2
95463,2
357221,2
674556,2
312413,2
698817,1
690345,2
711944,1
343003,1
901074,1
657627,3
506693,1
942599,2
314789,3
425366,1
698374,2
624103,2
344038,2
191539,2
523145,2
1048317,3
527996,3
434212,2
426182,3
629365,2
622817,2
157043,2
849697,3
216686,3
925626,3
745518,3
740570,2
698482,3
158269,3
538027,3
1051994,3
346120,3
230133,3
680380,3
590648,3
766047,3
929415,3
999867,3
675123,3
8434,3
984909,3
966844,3
481207,2
603081,2
658472,2
12811,3
121846,2
440878,3
328438,3
947938,3
713262,2
406932,3
628174,1
514885,3
1030658,2
181704,2
428070,2
720372,3
882080,3
604857,1
48855,3
1023594,3
632257,1
363347,1
908899,3
400365,3
802321,3
402179,3
912776,3
767292,3
1007138,3
847737,3
804191,2
577900,2
181852,2
915489,2
143684,2
798976,2
910968,3
54135,1
174196,2
455723,2
365909,2
557819,3
484101,2
218398,1
328346,2
325264,2
604592,2
962162,1
172857,2
890330,3
838383,2
919064,3
925449,3
78203,3
399395,3
473627,3
448042,3
963173,2
284659,1
893068,1
567085,3
756498,2
59812,2
509807,3
264825,1
1013402,3
986882,3
387629,2
530450,2
143950,2
1028101,2
477160,3
504275,2
737314,3
781623,3
954817,3
915574,2
344764,2
442124,3
79820,2
595162,3
428490,1
342802,3
253927,3
595727,1
1028538,2
946552,2
121,2
173135,3
445996,2
812902,2
736061,2
266435,2
991147,1
822644,1
24377,3
270781,3
661093,2
414184,2
810633,3
1030051,2
837702,3
612820,1
95405,2
1008423,2
116624,2
763137,2
189413,3
571796,3
268854,2
440468,3
28686,3
415039,1
607539,1
484966,3
244005,3
248082,2
1035949,1
965084,1
558600,2
81576,2
299777,2
471300,1
1017200,3
944671,3
832130,3
439213,1
649733,2
1030088,3
223427,2
764029,3
699864,1
609127,3
299804,3
74686,1
6927,1
867177,2
1031886,3
109955,3
473599,3
297622,3
687561,3
172150,1
518047,2
180369,2
427927,2
119326,3
242302,1
947004,2
457795,2
197013,3
747298,1
907268,1
983916,3
814647,2
804373,2
993,2
26323,1
776940,3
39965,3
173313,2
150851,3
468990,1
712072,2
227468,3
720771,2
1016160,3
831133,1
418002,3
867764,3
1018653,1
816363,2
103000,2
241409,1
738799,3
498801,3
962598,3
117331,1
716778,1
421520,3
688797,3
542587,3
785306,2
305788,2
576719,3
680981,3
1020182,3
1023786,2
734306,1
291177,2
718248,3
91723,1
525344,3
362167,2
141569,3
892166,3
153211,2
561150,3
785310,1
664311,3
211419,3
55901,1
746796,1
755986,2
809127,1
419950,1
288523,3
865856,1
281602,3
55284,2
933578,3
765042,2
229203,1
836235,3
103023,3
234385,3
65315,3
812844,2
150279,3
154101,1
16041,2
495953,3
782724,3
127019,3
974706,2
399378,3
289553,2
603036,1
618118,3
185220,1
188396,3
540649,2
743170,2
371175,3
822914,3
412440,1
25585,3
583969,2
649051,3
827279,2
502456,3
621741,2
288665,1
719719,2
956872,2
50503,2
697591,3
157982,1
38721,3
900971,1
530768,2
935746,2
863256,2
864551,2
832754,2
35471,3
937664,3
880019,2
149007,2
714817,2
341251,2
188508,2
594637,1
458632,3
274071,1
741923,3
112801,2
709399,3
228615,3
222488,3
547646,3
707419,3
938655,2
940391,1
87654,1
569683,1
879567,3
85728,3
517628,3
226387,3
49289,3
722911,3
825021,1
1026894,2
91983,2
299273,3
473017,1
314866,2
416788,2
411212,2
502425,3
169529,3
215728,3
532794,1
880523,2
716204,3
849104,3
915296,3
931556,3
112879,1
1006904,2
930886,3
832916,3
96441,1
132790,1
879017,3
367457,1
219270,2
1033433,3
452045,3
791693,3
137129,2
310465,3
528788,3
160825,3
37548,2
729217,3
271667,2
813338,3
490681,3
134248,3
327729,2
404787,2
428323,2
802029,2
643183,3
398742,2
242706,3
201659,2
654181,2
110156,1
561754,2
940955,3
903651,3
577432,2
326246,3
178492,3
319807,1
752988,3
967111,2
41182,2
699625,2
63047,2
462500,3
226104,3
502062,3
759333,3
710826,2
554870,2
711500,2
731827,2
656850,2
925491,1
650032,2
653245,1
486462,1
847161,1
238609,2
592738,3
613807,1
954143,3
1018162,3
990698,2
279151,2
488114,1
917462,3
317067,3
159752,2
652104,2
203060,3
1023337,3
456724,1
240887,2
749952,3
266253,2
837584,2
735184,2
719483,3
543120,2
48361,2
485006,3
913963,2
1019240,2
772886,2
837402,3
177923,2
249076,1
89125,3
474946,2
123751,2
796485,3
893176,3
419079,3
782825,3
470161,3
593962,2
794508,2
27400,3
801032,2
813302,3
900003,2
442002,2
683200,1
199593,2
51417,3
813744,3
131137,3
787213,3
32625,1
993114,2
328220,2
645003,3
163775,2
118124,2
324692,1
965119,1
1018794,3
854389,3
423911,3
86303,2
901081,1
868506,3
941471,3
960700,3
30258,2
768086,1
247207,3
880763,2
476602,3
719931,3
314639,2
905470,3
689695,1
367877,2
179879,3
756078,1
343681,2
302850,1
291888,3
1041493,2
687653,2
377401,3
423398,2
1021085,3
300819,1
453185,3
11580,2
869086,3
303588,3
743709,3
950522,2
597893,3
436141,3
308664,3
550978,3
485989,2
859302,2
907563,1
802833,3
641037,3
835123,1
886604,3
429549,1
43358,2
616725,2
268639,1
985051,3
575585,1
788796,2
697944,2
578833,3
518250,3
746200,3
269806,1
404656,2
911255,3
113540,3
399969,2
576324,1
138121,1
1016512,2
350333,2
654142,3
13255,2
831227,2
1027584,3
794803,2
419264,3
1007596,2
527574,1
133,3
965499,2
928676,3
11818,2
663434,3
411091,3
956161,3
585109,3
669521,2
517229,2
929782,3
834794,2
880781,1
199699,3
736813,3
1005089,1
372641,1
985610,3
935283,3
502561,2
140588,1
610845,3
718852,3
486745,3
950647,3
100701,1
819739,1
383991,2
492303,1
981247,3
162113,3
905990,2
659636,3
689202,2
85551,2
481839,2
824904,1
350330,2
197411,2
889625,3
562924,2
251511,3
588501,3
164517,1
1018915,2
98875,3
1047847,3
453988,1
292300,2
843628,3
598695,2
544965,3
997956,2
28182,2
231525,2
481699,2
1029673,2
861395,2
110846,3
968240,3
372678,1
74681,3
916419,1
583318,2
236760,3
543844,2
1013414,3
111678,2
816663,1
949875,3
767938,3
103339,3
99124,3
143186,1
237772,3
346637,3
86892,3
338298,1
297886,2
456710,1
674887,1
850,3
241319,2
610649,1
40474,1
866896,3
617343,1
553386,2
182578,2
524069,3
788334,3
40377,3
818525,3
556337,2
331744,2
819188,3
343430,3
974993,3
430234,1
910768,2
594790,1
374469,2
172362,3
629529,3
364228,1
904024,2
179716,1
611228,2
590664,3
1006467,2
527645,2
762356,2
458905,3
414723,3
255206,2
375199,3
516875,3
614605,2
632896,1
722795,1
602911,1
408991,3
420249,3
688908,2
751864,2
309146,3
151541,1
92606,2
583574,2
334863,3
326414,3
149735,1
122825,1
268656,1
38651,2
683175,1
1052440,2
688938,2
492951,3
919961,1
444777,1
119161,2
170588,3
534996,2
816770,1
112700,3
926074,1
219590,3
923224,2
975274,3
69870,2
86196,2
795226,3
827370,2
168108,3
705180,2
320368,3
1034278,2
261529,3
626391,1
645077,2
433129,2
77373,2
563237,2
214236,1
252699,1
782154,1
908482,1
556592,2
796436,3
128285,1
937361,3
91030,2
137940,3
377244,2
483472,2
912464,1
571079,3
139708,1
8300,3
902808,3
348076,2
270652,3
739014,3
965328,2
481367,3
119802,2
509299,3
696176,3
47058,3
188617,3
452983,2
230535,3
282024,3
130194,2
484426,2
546408,3
413582,3
216517,3
284721,2
202218,2
576632,3
657210,2
97245,1
236070,2
971104,1
112871,2
840994,1
698425,2
276081,3
151434,1
645826,3
18621,3
443464,1
643765,1
376294,2
613674,2
874646,1
223221,1
279213,3
266124,2
254468,2
1052423,1
762078,1
745729,1
554420,3
212367,2
747586,2
950850,3
483240,2
746951,1
189024,3
590161,1
671689,1
491306,1
208126,2
317338,2
742622,2
167421,1
254058,1
913834,1
870002,3
389442,2
1018999,2
428270,1
674288,2
359534,3
640534,3
10900,2
157747,3
729890,1
991167,2
539700,2
943464,2
526349,2
782345,2
27205,2
182585,1
235168,3
258527,3
811351,2
464107,1
279776,3
747928,3
107317,3
706583,2
1036069,1
1038957,3
634737,2
581877,3
337942,3
140006,3
23718,2
811255,3
719666,3
583713,3
238030,3
1699,3
836050,3
551982,1
134757,1
687404,1
869102,1
124040,3
400487,3
1803,1
252078,3
328564,2
516116,3
38926,2
930377,3
61141,3
589720,3
932903,2
731804,2
679884,3
669800,3
763625,2
341695,3
393599,1
491742,1
379734,2
163450,3
242238,2
562227,2
168783,3
951107,3
617195,3
370997,2
227939,1
251646,3
715453,2
378380,3
708316,1
262760,3
884349,3
268705,2
2694,2
355027,2
342049,1
570295,2
800733,2
1035534,2
842070,3
837282,3
639847,1
308675,1
784071,1
376042,3
243860,3
84941,3
265816,1
191583,3
85430,3
908457,1
825073,3
258392,2
936199,2
754120,3
441022,1
487861,3
450637,3
359389,3
335913,3
681283,2
597077,1
969388,2
228138,1
104387,3
78508,3
565833,2
493943,3
654375,3
204349,2
706251,2
1023146,2
239659,2
836831,3
813260,3
744193,1
245984,3
21357,1
605786,3
1025462,2
641068,3
705668,3
168978,2
787911,2
1051030,2
136230,2
951701,3
300563,2
362738,2
537775,2
1015217,3
969900,1
456841,3
606077,1
467197,1
134149,1
747711,3
121450,2
420935,1
2751,2
104913,2
29537,3
77171,3
390032,1
936734,2
898916,2
982587,3
128385,2
212042,3
242181,2
658027,2
510742,2
921847,1
1031577,2
149515,3
1008865,1
843448,3
218210,2
269155,3
139262,2
251413,1
173845,2
220283,2
975528,3
651765,1
336171,3
672924,3
78698,1
881892,3
9212,2
310441,1
981619,1
378297,3
380323,3
857342,3
259929,2
874320,3
889016,3
169704,2
332068,1
571926,2
525033,3
829524,1
739588,2
6622,1
303943,1
722343,2
882453,3
427079,2
261814,2
894578,2
621859,2
171336,3
198924,3
275519,2
30275,2
257033,2
210589,3
471446,3
513610,3
584568,2
18863,2
121534,3
369962,3
832234,2
121160,2
885107,2
207117,3
749125,1
616456,1
226181,3
636969,3
1045787,2
900424,3
717591,3
694628,3
213042,2
56182,3
496996,3
649375,1
637820,3
445142,2
917369,2
154011,2
446760,2
714489,1
605001,1
292980,2
939180,2
901639,3
816806,3
546929,1
321567,3
844537,3
123459,2
308791,1
97336,3
16443,3
716786,2
981016,2
280424,2
512393,1
588481,1
818351,3
364879,3
977534,1
350663,3
198376,3
833025,3
872199,2
839819,3
763931,2
12006,3
430655,3
553181,2
298088,3
608779,2
746749,2
819300,2
826718,3
289034,2
423329,1
631343,3
603523,2
989551,1
1551,2
523831,2
1012284,2
937370,2
71882,3
893618,2
690530,2
972961,2
299410,1
917729,2
57340,2
750363,2
423733,1
188136,1
801784,3
691998,2
698011,3
735347,1
849386,2
239801,1
179494,2
873018,2
546554,3
473741,2
375614,2
731997,2
999083,3
510125,3
180500,1
643707,3
575755,1
120389,3
815204,2
123754,2
227119,3
976070,3
520199,1
251354,3
685916,2
901658,1
758415,1
409347,2
968784,3
394390,3
189952,3
445437,1
376605,3
1050157,3
274387,3
266015,2
968396,1
635374,1
1003493,3
676225,2
840307,2
721645,2
456769,3
318020,2
862644,2
680804,1
205883,3
389867,3
856029,1
94071,3
29862,2
903394,3
1012147,1
670685,2
457930,2
468386,3
676077,2
392763,2
785600,3
952165,2
404452,1
158652,3
554456,3
987084,3
535302,2
1042406,1
131395,3
377849,3
719030,3
148438,2
913578,3
11211,3
336154,3
905433,1
482811,3
882522,1
650354,2
867365,3
244898,3
844924,3
814330,2
428119,2
214219,1
595515,3
183864,2
707180,2
250176,2
1050695,3
622275,1
686158,3
237382,3
87706,2
794186,3
644864,3
638419,2
795457,3
261526,2
843734,3
734688,3
651436,3
553896,3
324596,3
816377,2
258383,3
419060,3
779880,2
685740,2
460188,3
860838,2
320960,2
869247,2
695737,3
114267,3
923453,3
647022,1
697942,2
58467,3
401613,3
903312,1
450254,1
245018,1
270729,1
728841,2
680614,2
762384,2
607170,2
651200,2
189258,3
905421,2
89749,1
244317,3
526977,3
344871,2
895372,3
343624,3
563141,2
112811,3
814833,3
818427,3
142870,3
148991,1
874449,3
976999,2
34779,3
403646,2
684927,2
854176,2
774625,3
8030,2
343924,2
955606,3
417322,3
928701,3
384666,2
221976,2
959305,3
665240,2
1018901,3
267729,2
70854,1
212405,2
481782,2
446704,3
238123,3
63990,3
982308,2
805447,3
811282,3
520435,2
691716,3
31255,3
19928,2
415386,2
862273,2
576029,1
664206,1
679152,2
518425,2
360399,3
215741,2
802526,3
16721,1
326948,3
355017,2
55465,3
607185,3
950606,3
784822,2
546585,2
432943,3
429507,3
634959,3
950926,3
443329,2
599696,2
447173,3
36389,3
428339,2
785309,3
211841,1
798972,2
822743,3
247500,3
488686,2
435759,2
933665,2
103966,3
560492,2
210119,3
925348,3
998429,3
797652,3
988520,2
629600,2
960936,1
630611,1
195639,3
193366,2
29370,3
344862,3
470115,3
253379,1
890413,3
827401,3
859384,1
750355,2
145423,1
192454,2
318187,2
9219,3
270911,3
907011,3
1016866,3
759228,3
67104,2
107995,1
512766,2
484431,2
936643,3
667840,2
670734,2
326676,3
476511,2
710287,2
238668,2
789441,2
524782,2
865008,3
990239,3
973923,3
87597,2
285660,3
210731,3
999296,1
549993,2
652101,2
1043998,1
564437,2
302404,2
604075,2
1050575,2
724635,3
143575,3
964784,3
444456,3
316256,2
650954,2
448353,3
456429,1
897311,2
112901,2
293471,2
132589,1
998278,2
125294,3
909411,3
538112,2
96450,3
109109,2
964058,3
374752,3
427353,3
421760,2
72206,1
646063,2
777261,3
365924,2
857620,3
491283,2
806686,2
600521,3
584222,2
239152,2
398903,2
455507,3
842461,3
982290,3
155548,2
298155,3
722602,3
40957,3
783527,2
337948,2
19371,3
937490,3
37404,2
444618,3
395191,3
764444,2
519556,2
1008091,2
931303,1
170962,3
590459,1
729810,2
109574,1
472315,3
764639,1
905938,2
1050947,1
368315,3
288374,1
190590,1
180037,3
637515,2
251788,3
256101,2
808411,3
84767,2
531573,3
699605,3
279285,1
906019,3
662479,1
722790,2
28814,2
578681,3
812258,3
122679,3
54821,1
653629,3
1045903,3
454559,2
122349,3
887499,2
877409,2
465259,1
912436,1
850112,2
819878,3
59755,1
927812,3
966214,2
988025,2
685296,2
291494,3
768210,3
665272,3
81293,3
86208,2
991180,2
325902,3
656349,1
639675,3
778862,2
583830,2
642944,2
175261,2
630112,3
174071,3
935675,2
149637,2
725703,2
174169,2
407536,3
121455,3
476519,3
789167,2
220830,2
831771,2
701120,2
364183,3
962623,1
406629,3
852936,2
713104,2
916187,2
115341,2
851950,2
258812,2
1043920,2
540292,3
840108,2
60580,2
697069,3
525732,3
423041,1
243883,3
326851,1
918458,2
864636,1
1049757,1
812206,2
388203,2
838204,3
659040,3
670157,3
172789,2
910705,3
964138,3
826847,3
602656,3
953821,2
691171,3
890648,1
757162,2
74658,3
931274,3
441121,2
721792,1
241712,3
80317,3
813445,2
976682,2
658697,3
468819,3
409587,2
640678,2
915712,2
252502,2
524591,2
731368,3
766842,3
127872,2
359394,2
319508,2
452782,2
463175,2
308328,2
859626,2
716128,2
79555,3
164006,3
776379,2
390672,2
330769,2
925188,3
79118,2
330568,2
487769,2
14961,1
179985,2
863191,3
358486,2
731700,2
977034,3
251927,3
1037803,3
549084,1
386782,3
551792,3
630539,2
600854,3
509687,3
947992,2
604332,2
53732,2
143004,3
574521,2
383654,3
440260,3
994044,1
359110,3
58759,2
1001310,1
915259,3
703529,3
1044459,3
1011572,2
953261,2
873507,3
7661,2
872765,3
419931,2
768535,1
615076,3
371654,3
530699,2
934398,3
511781,3
740478,3
625460,3
380798,2
270515,2
13,3
921550,3
597145,3
464223,2
275792,1
826413,2
570240,3
699184,3
472468,3
407430,3
397559,1
1027240,1
701894,3
165161,1
101596,1
278143,1
1008439,2
827536,2
891794,1
419300,2
801427,3
737835,1
725025,3
829740,1
677997,1
476384,2
69327,3
571740,2
274215,2
795307,3
568339,3
745285,1
269597,1
228252,3
316927,1
464960,1
83381,2
349545,1
170742,3
927690,3
681079,3
306818,2
18801,3
549635,2
723881,2
788390,2
862310,2
189957,3
432411,3
65643,2
659085,2
539087,3
469881,1
468029,3
761419,3
38407,3
385333,1
1006458,2
424378,3
999307,2
587995,2
180466,1
275199,3
524833,3
314537,3
730986,1
87511,2
906484,2
310614,3
551096,2
451567,1
791787,2
590889,2
676949,2
451666,1
481115,1
483445,3
315427,3
701000,2
534068,3
367168,2
1044625,3
1031343,1
930979,2
304828,3
926239,2
771818,2
489526,1
227397,2
993052,3
571402,2
276247,2
409114,2
629226,3
922566,2
1007590,2
981366,3
415381,1
985214,3
977245,1
645388,2
768169,2
437086,2
623690,2
467574,2
855228,3
1037944,3
173014,2
431104,2
393627,1
793064,1
372746,2
20622,2
493137,2
902535,1
269712,3
124651,3
493445,3
506901,2
225532,1
271520,3
332175,3
113549,3
469850,3
26352,2
1044971,2
824632,1
31623,2
746475,2
828057,3
606729,3
270741,2
66250,3
712173,1
447193,1
113568,2
950116,1
397116,1
255908,3
426781,2
888728,2
668659,1
485201,3
164419,2
136532,3
78693,2
225593,3
215271,1
687077,2
363516,1
30852,3
299432,3
894364,2
952417,3
422876,1
647244,3
1020330,3
161826,2
837441,3
787102,2
270121,2
617440,2
57151,3
867798,3
646012,3
1023254,1
1040455,3
901381,2
823398,1
123166,2
193997,1
171986,3
42858,3
472695,1
1001080,3
786062,3
1044773,1
5643,2
793567,1
251576,3
1034252,3
1019091,2
603381,2
839576,3
319309,2
50206,3
408287,3
727617,2
593045,3
133108,3
936262,1
989763,3
486764,2
211016,3
772127,1
91918,2
757982,3
169854,2
400977,2
738831,1
264402,1
64088,2
1034598,2
299870,1
942456,2
264506,2
1015681,3
212967,3
368237,2
485742,3
228502,2
200797,3
889063,1
33204,1
912004,2
249625,2
117983,2
237957,2
602810,3
748912,3
149380,3
458700,2
39523,2
946214,1
40714,2
101388,2
462538,3
1043549,2
410832,1
27936,2
192103,3
152047,2
127285,3
527917,2
19525,2
429462,3
219412,2
175289,3
610665,2
437847,1
758080,3
819244,2
416475,2
87741,1
713550,2
304557,3
503750,1
102349,3
248515,1
926658,2
900796,1
521285,3
662978,3
563739,1
709832,2
957286,3
274295,2
1029230,3
596995,2
590155,2
234915,3
319525,1
348678,2
783286,3
713906,2
332215,2
670040,2
721968,3
931227,1
841821,2
584024,3
610337,3
685218,2
839727,2
139907,3
521988,3
739955,3
336891,3
1016123,2
256680,2
829293,3
1250,3
143884,1
309767,2
152909,3
767287,3
542315,3
547938,3
152058,3
919480,2
859213,2
788371,1
905472,2
863413,2
38499,3
262313,2
838000,1
551548,3
296516,1
204083,2
771223,3
585706,2
446904,1
174905,3
455896,3
308928,3
168490,1
455210,2
525993,1
459269,1
453743,2
465484,3
927120,3
127205,2
767138,2
644364,3
179411,3
757860,2
565930,3
362220,2
453265,2
853615,2
147198,1
170769,3
738820,2
360263,3
979846,2
944403,3
555368,2
132472,3
224708,2
24081,3
792304,2
896826,3
321278,3
1014914,3
309661,2
635345,3
117140,3
363759,2
447743,1
403438,3
175416,3
69513,2
915481,2
927156,1
1007761,1
150254,3
342265,1
139729,2
58776,2
100159,2
557487,3
502261,1
313341,2
809264,2
1025728,2
12744,3
1045564,2
527813,2
269164,2
623369,3
561765,1
760026,1
20955,2
79002,3
437963,1
148210,2
152591,2
1020689,3
865559,2
737139,3
362546,2
194339,3
260130,3
722407,2
914912,2
571530,2
181650,2
525186,2
369639,2
64174,1
70540,2
893539,1
783123,1
192290,2
342489,2
396346,3
155317,2
794587,1
356204,1
447382,2
94253,2
625162,3
128132,2
433529,2
280952,2
162062,3
127923,2
801140,3
984268,1
594697,3
650402,2
1009025,3
627289,1
505718,1
317296,1
436020,2
413779,3
204252,3
98079,3
666476,2
274932,2
358259,2
20991,3
506336,3
554689,1
711128,2
1037969,1
54574,1
819690,2
482618,1
346209,3
216137,2
475392,2
274328,1
1040964,2
46360,3
50415,2
692432,2
106364,3
910777,1
911982,2
569953,2
974180,2
480465,3
287394,2
103439,3
54570,2
906221,3
349794,2
64316,2
496380,1
8532,2
295374,3
612838,3
1043066,3
660234,3
294568,1
883430,2
1045169,2
580010,3
114085,3
401045,3
75170,2
446902,2
316207,3
120454,2
832502,3
198887,3
971395,2
887959,2
210600,3
303212,2
578133,2
778242,2
601477,2
1052344,3
155080,2
770965,3
1019546,3
565151,2
847299,3
737538,1
827458,2
736239,1
462383,3
821035,2
599242,3
736580,2
978744,3
319197,2
106443,3
88556,3
702884,3
859539,2
624120,2
377423,1
320432,1
703710,2
259897,2
175070,1
665812,2
653905,3
1028047,3
306703,2
661534,2
946696,3
757369,2
687754,3
984408,2
535590,1
732949,2
211216,1
718133,2
352598,3
919667,2
253833,1
887636,3
793157,3
206141,3
816614,3
992717,2
536395,3
626726,2
152394,2
705804,3
624287,3
366309,2
250171,3
654998,3
338945,3
698910,3
641600,1
1004142,2
338844,1
500432,3
93782,2
218033,2
528624,1
632692,3
297050,3
824543,1
727664,2
617443,2
788910,3
181684,3
576466,2
18000,3
919428,3
342890,2
105883,2
1065,3
1030584,2
630928,3
750342,3
825303,3
635841,3
173312,2
800048,3
385511,2
671158,3
372826,3
490157,2
719339,3
316039,3
311617,2
850138,3
15036,3
899588,2
891614,3
983231,2
486195,1
382868,2
419059,3
37745,3
776303,2
97237,2
563978,2
563220,2
979864,1
109783,3
419854,3
186225,2
482095,2
20292,3
584795,1
313481,3
301117,3
772448,2
952127,2
258870,3
437383,2
830786,2
884770,2
928370,3
806758,2
581886,2
656944,1
297630,2
1012518,1
391393,1
66273,3
898139,2
355196,3
769449,2
313513,1
316435,3
97791,1
600925,3
750853,2
804769,1
835045,2
852730,2
298127,3
838206,1
787615,1
1031390,2
318563,2
467921,3
333408,3
180809,3
321610,3
623136,2
350927,2
667813,2
906405,3
408007,2
371022,3
734871,3
942335,3
3824,3
861992,2
826099,3
902108,2
953213,2
310750,2
335721,3
142556,1
440347,3
293375,3
963603,2
54296,3
428997,3
770977,3
405273,2
894901,2
330691,3
123602,1
826573,3
237506,2
264398,2
90716,1
995681,2
662605,1
358057,3
208372,3
312932,3
78765,3
64476,2
161142,3
322694,3
623099,3
649184,2
413892,3
1004255,3
986827,2
310271,3
663419,3
103666,2
694825,2
571492,2
158995,2
294523,2
349964,3
325882,2
729898,3
32087,2
1018482,3
8784,3
1005123,2
237280,1
827069,2
214898,3
557653,2
949039,1
38680,2
145564,2
770955,3
1018714,3
828208,2
251879,3
513249,1
942638,3
213021,1
21413,3
245207,2
358976,2
702828,1
177594,3
1007060,3
234835,2
166560,3
926941,3
453674,3
102303,2
447374,2
573593,1
955837,3
215227,2
604424,3
825730,1
103037,3
1051780,2
861878,1
103570,3
532895,3
1010591,2
534901,3
321343,1
455427,2
586586,1
986062,3
369122,2
383740,2
10873,2
501590,3
437932,2
782023,3
744538,1
724462,2
475452,2
682999,3
632789,1
602101,1
865921,3
1050426,2
209715,3
728070,2
962303,3
703558,3
987993,3
120900,3
454828,2
902875,3
679063,3
613579,3
284140,3
541489,3
553913,2
185314,1
822330,1
961976,3
101537,1
977031,3
842416,2
456845,1
659275,2
270016,3
125187,3
1049821,2
81691,3
288273,2
289610,2
551065,3
883653,3
509501,2
37165,2
359485,1
886796,3
168973,2
785612,2
765082,3
920894,2
163716,1
359165,2
1017586,3
1017891,3
971408,2
88393,2
557204,3
669848,2
93113,2
535703,3
999104,2
45201,3
974183,3
433162,1
218667,3
615732,3
407235,2
178676,3
957298,2
117334,3
551214,2
519773,2
899515,3
431350,3
599252,3
815399,1
942715,3
297211,1
181251,2
397458,3
276045,3
928285,2
305185,2
617788,3
554751,1
834357,1
117909,1
648796,2
683456,3
118774,2
444392,2
561190,3
57799,2
1046262,2
759178,1
583496,3
715250,3
317493,2
163415,2
1018192,2
400120,3
508882,3
756436,2
957117,1
599677,3
757892,3
565972,3
664050,2
238613,2
914196,2
404503,2
66800,2
124089,2
378991,2
860510,3
215757,1
615479,2
206100,3
808892,2
352273,3
835702,2
571019,2
84476,3
171622,3
641180,3
233230,3
732946,3
947586,3
210309,1
678623,1
812681,3
765578,1
636045,3
342494,2
587109,3
165437,3
557058,3
633375,2
478016,3
713584,2
144596,3
741130,2
1051884,2
766874,1
796616,2
357077,2
341721,2
483541,2
218654,2
796165,1
801666,1
21284,3
696697,3
932482,1
711388,3
471976,1
873139,2
958570,2
342007,3
90730,1
106413,2
685728,1
56720,1
82585,2
508797,2
290291,3
662655,3
421368,3
403790,2
350024,2
13678,2
253988,1
862221,3
631862,1
127187,3
405926,3
921135,1
612151,2
737230,2
423152,2
285900,3
195940,2
30829,2
257632,2
424712,3
473426,3
307858,3
190363,1
1029447,2
28825,2
190704,2
861763,3
529775,3
686621,2
98361,2
279345,3
896187,1
28780,1
635261,3
544977,2
181398,2
833868,3
866545,2
920253,3
1002303,2
834656,2
776634,3
99837,2
581525,3
480858,3
976456,2
551304,2
139474,3
842649,1
87288,3
92955,3
698976,1
1002005,2
373023,2
280054,3
635961,3
116380,3
478467,3
190017,2
411125,2
222998,2
649553,2
391964,3
1039531,3
781627,3
565875,2
909593,2
528219,2
27187,1
366791,2
90572,3
347098,2
416372,2
779316,2
431931,2
190920,3
357524,1
405873,1
139382,2
806585,2
504294,2
311859,3
947449,3
312475,1
518036,3
610951,3
614241,3
454620,2
9536,2
154219,3
91950,2
888208,3
383225,3
317609,2
428173,1
446723,3
79365,2
94688,2
176992,3
775623,2
217568,2
598039,1
311737,1
295985,1
701657,1
339021,1
577066,3
397579,1
553132,2
63328,2
1032784,3
608164,3
113785,3
182010,2
883101,1
376211,2
338092,2
858934,1
131198,3
825787,2
499055,2
721012,3
737031,2
1025370,2
446202,2
525470,2
8993,1
141239,1
182201,3
53394,2
195694,2
350083,3
56119,2
1036864,3
700865,3
193279,2
771432,3
468720,3
300272,3
695015,2
889875,3
648257,3
520090,1
862147,1
202948,3
782787,3
43164,3
214195,3
1021305,3
952692,1
810605,2
134571,3
444251,3
708181,3
455945,1
139535,2
1034621,3
72927,2
305683,2
567943,2
646826,3
59049,2
270284,2
345429,3
906780,2
110200,2
468524,3
551113,3
194899,1
415525,2
866202,2
1050318,3
1045474,2
704001,3
80634,2
5337,2
611276,3
654393,3
121598,2
333932,3
378257,2
352716,2
707425,1
858021,3
148526,3
27985,3
829786,3
434176,3
41036,2
718658,3
60298,3
946504,2
932967,3
72777,1
507020,2
499921,3
30438,3
309131,3
453954,3
138262,3
828974,3
309017,3
693969,3
689047,1
254804,1
298268,1
699264,1
207601,3
1014428,3
318879,3
185074,3
49688,1
29343,3
871355,1
704372,3
592013,3
720295,1
259783,3
497151,2
1031414,3
949000,2
945292,2
92307,3
1028857,2
412587,1
721636,3
27425,2
187290,3
202778,1
762701,2
884403,3
399784,2
953582,3
395006,3
924731,1
572555,3
499846,3
507248,1
156360,1
740432,3
311318,1
832323,3
12299,1
552128,3
1000155,2
117716,3
890065,3
990877,2
419822,3
870950,2
428138,2
690709,2
324661,3
728938,2
788940,2
588285,1
544724,3
433680,2
262819,2
210373,2
978708,2
315861,1
996155,2
156900,2
791312,2
764373,2
479486,3
173178,3
968308,2
564752,2
737464,3
908885,3
357683,2
585876,3
933532,3
185342,2
97673,1
543803,1
908541,1
902663,3
827583,2
734349,2
482638,2
682843,2
406797,2
175815,1
312211,2
344344,2
158989,3
909832,3
9158,1
882673,3
491247,3
397889,2
228567,2
934788,3
257683,2
961939,2
1042068,3
695338,2
940398,2
42692,1
1047846,3
195503,2
533652,2
1005580,2
529311,1
751365,2
37463,3
161462,1
34402,2
66210,3
885453,1
366306,2
879591,1
20954,3
336070,1
2519,1
29736,2
447640,1
246411,3
457897,3
471697,2
907762,2
713724,3
742325,3
596173,3
95502,1
337754,3
583275,3
487709,2
618689,2
891275,2
924716,1
410949,3
1045727,2
926953,2
410074,1
53416,1
927166,3
806772,3
1036370,3
703973,2
637126,1
957422,3
980563,2
287908,3
1000985,2
355805,2
232646,3
717350,2
108450,2
336853,3
668718,2
696888,1
666614,2
807627,3
587015,2
355490,3
99578,3
942560,3
578845,2
391198,2
487282,3
466634,1
450466,3
1036568,2
718612,2
377236,1
604229,2
791760,3
469591,3
927507,3
518904,1
589816,1
942138,2
518638,3
582345,3
796995,1
520234,3
767772,3
824650,3
354742,2
990620,3
871013,3
515828,1
507490,3
35796,3
162618,3
282208,1
734213,3
285134,3
339623,3
719168,3
96007,2
822588,2
152091,3
413790,1
891697,3
23710,2
225569,3
511107,3
655777,3
217820,1
232244,2
595767,1
181146,3
872032,3
705079,3
636627,1
497247,1
328121,2
738132,2
39388,2
154091,1
980569,1
590075,1
690332,2
677905,1
1048607,3
946796,3
609765,2
878431,3
98860,1
172585,3
182606,3
383635,2
158212,3
963641,3
79830,1
411267,3
953377,3
811679,3
144422,1
896439,2
949855,3
1009023,2
366200,1
853332,3
418502,2
507355,2
453838,3
357675,3
906545,3
70488,2
1003749,3
321,1
10745,3
994116,3
322057,3
463948,2
801859,2
448101,3
269471,2
36854,3
739009,3
553917,3
93195,3
296156,2
1010694,2
572651,2
61336,3
637447,1
431598,1
148254,2
438242,2
269075,3
968202,2
467508,3
987126,2
12367,2
1019050,1
104624,2
557529,3
789624,3
924764,2
857725,3
856385,1
1029534,2
976953,2
423282,2
592288,3
380530,2
126808,3
487131,3
639767,3
1032743,2
226476,3
1048422,1
608653,2
578442,3
204515,2
935228,2
805776,3
944034,2
855732,2
803729,2
360684,2
101076,1
702439,1
790568,2
694999,2
580512,3
981832,3
388503,3
527296,2
505075,2
442842,3
800834,3
27055,3
341623,3
422692,3
936076,3
977796,2
659057,3
680922,2
416608,3
618350,3
302164,3
560879,1
756415,1
923998,3
527477,3
449180,2
845670,3
987892,2
603737,3
219310,2
1029649,3
626050,2
258582,2
559316,3
581931,1
506598,2
287441,3
321374,2
486944,3
223810,2
350678,2
797659,1
619290,3
196919,3
973317,2
179630,3
5542,1
959127,2
274066,3
306781,3
354508,3
323933,3
726587,2
887700,3
62935,3
263491,2
551950,3
270615,2
229089,2
965914,3
335407,2
682464,2
549154,2
453058,3
850612,2
484887,3
225819,3
378096,2
686554,1
531696,3
106562,1
13305,2
113279,2
665256,3
21015,3
264560,2
347393,2
413954,3
655895,3
16705,2
516795,3
325402,3
702179,3
323637,3
828832,3
698468,3
244262,2
567068,3
597044,3
602938,3
135781,2
695978,3
737229,2
480104,3
627443,3
205125,3
125610,3
370733,3
779258,3
981015,2
640567,1
992056,2
740345,2
637855,2
280511,2
162185,3
5869,1
659213,3
790524,3
222523,3
919020,2
391944,3
431354,3
141888,3
124784,3
619465,3
175695,2
327063,2
882403,3
543093,2
274224,3
115612,3
866040,1
622430,3
35874,3
649136,1
650113,1
645206,2
781650,3
607251,3
119383,3
56280,2
1048069,3
740949,1
984675,3
476440,3
849711,1
775425,3
96522,2
999094,3
667261,2
464333,3
950234,2
687310,3
624266,3
20093,2
356553,2
922207,3
411116,3
914478,2
89524,2
1001751,3
202517,3
864597,1
136584,2
596117,3
595476,3
123257,1
90922,3
91281,1
984319,1
249645,2
595356,2
275575,3
557474,3
705075,1
995572,3
481929,2
518608,2
873624,1
276622,2
765996,3
911727,1
361599,2
104647,2
456027,2
1032921,2
291565,2
703269,3
369367,1
1040315,3
824508,2
145288,3
425154,2
189699,1
553329,3
731213,2
58385,3
493930,3
360948,3
770649,3
635700,2
886049,3
348484,3
192507,2
528474,2
847895,3
679811,3
853129,2
799090,2
353205,2
565093,1
154162,3
331121,2
191963,3
246664,2
854730,3
597596,3
435147,2
588795,3
513563,2
272575,3
478192,1
779557,3
54324,3
869786,3
1001686,1
751906,3
343712,2
29052,3
712825,3
13621,1
44769,2
339477,3
605309,3
648635,2
558513,3
265834,3
644961,3
94507,2
119217,1
924775,3
534375,1
135337,3
566917,3
795198,2
638874,3
235144,3
1037844,3
786885,1
138039,1
755078,2
689810,2
186158,2
72388,2
428559,2
864356,2
456113,3
757558,1
90038,2
5870,2
284518,1
498831,1
426003,2
536356,3
483358,1
255413,3
948730,2
189278,2
893438,1
960987,3
453206,3
519718,1
529073,2
807030,2
509215,1
352039,2
20718,3
162812,3
85768,1
228472,2
340304,3
774095,3
383255,3
820859,2
726426,3
847908,2
823845,2
684619,3
151877,2
769160,3
406666,2
879795,3
223017,2
605432,3
165432,2
328313,2
828826,1
942197,2
966618,2
807121,1
950838,1
491756,2
917467,3
67156,1
327498,1
896237,2
84140,2
403636,2
1043919,2
459103,3
113571,1
538957,2
817021,3
294939,1
690777,3
63849,1
590119,2
200502,1
897324,3
485509,1
720994,2
190829,2
739764,3
456165,1
686633,2
374763,2
1035058,3
704417,3
704182,1
806373,3
418697,3
120701,3
321584,3
853349,3
493718,2
62687,3
606676,2
593552,1
799599,3
595260,2
848186,1
970711,1
979257,3
332769,1
800268,2
94046,3
285284,2
463424,2
245902,2
648451,2
163117,2
979597,1
20496,2
163491,1
327463,3
868781,2
873117,3
545017,2
32872,3
424905,3
865206,2
214042,1
399913,3
164323,1
648067,3
707213,2
283836,3
979369,3
854702,3
1036344,3
269798,2
165344,2
109374,2
389822,2
165882,2
677225,3
487859,3
593677,2
371884,3
806560,3
269930,3
224638,2
1009972,3
547001,2
883572,3
589190,3
298878,1
201717,2
553711,3
494913,3
435331,2
1034129,3
92994,3
748502,2
796254,2
904949,2
616508,3
458863,3
647553,3
488388,2
141003,2
639386,3
550324,2
806953,3
522533,2
765756,3
815834,3
376250,3
487037,2
698398,2
1037673,2
310448,2
544056,3
28931,2
370565,2
208411,3
585175,2
525294,3
44925,2
111994,3
399080,1
289168,3
289498,2
579057,3
549295,2
176995,2
942727,3
338637,3
277123,1
261048,3
436308,3
345988,1
254462,3
465126,2
303167,2
54705,3
266977,2
609886,2
784770,2
459508,2
1031618,2
19094,2
570338,2
616846,2
894752,1
253172,2
416263,2
428032,1
703310,2
187026,2
457331,2
949530,2
912847,3
643083,3
948268,3
801650,3
1042492,3
381321,3
181854,3
705455,3
875875,2
200689,3
28369,2
995226,1
817789,2
528590,1
759659,2
137709,3
172616,2
883239,2
131116,2
414883,3
989994,2
666848,3
395612,3
14561,3
840322,1
724463,3
237745,2
751542,2
180924,1
360723,3
971274,2
178127,2
570116,2
857270,2
295630,2
423845,2
813626,2
886207,3
308516,1
179233,3
60125,3
939847,2
8244,2
345244,1
566959,3
374112,3
842034,1
956868,1
331212,3
20982,3
916124,2
34807,2
469722,3
361996,2
377483,2
1032932,3
843575,3
269048,1
1027705,2
248348,2
82368,2
547365,1
241879,2
152022,3
658948,3
462726,3
879328,1
139991,3
14213,3
391306,2
246990,1
528792,3
932025,2
49527,2
140706,2
977904,3
1023237,2
55492,3
234481,3
819068,1
859210,1
621132,2
583975,2
538984,2
414580,3
769586,3
702290,3
1030313,2
316699,2
345672,2
402260,3
595739,2
594582,2
893547,2
54250,3
306459,3
778595,3
385087,2
870791,3
445429,3
823714,2
969134,3
601767,3
696913,2
206641,3
37587,1
926587,3
996496,2
685768,1
812722,3
734031,1
213534,3
733724,3
324972,1
548307,2
215963,3
699378,2
605517,3
821688,1
607920,1
453342,2
738791,3
740119,3
893101,3
690460,3
192902,2
927359,2
824192,1
869022,1
246701,3
926248,2
399382,3
474197,1
950484,3
961231,2
9202,3
671275,3
397033,3
873131,1
156887,3
258124,3
280536,3
763117,3
752893,2
885932,2
327056,3
105177,3
511510,3
1030247,3
63901,2
986194,2
436107,2
733655,3
1028252,2
444721,2
386880,2
939662,1
289104,2
568369,2
379032,1
536435,3
861210,2
464704,1
35995,2
950742,2
459915,2
606265,2
74855,3
806597,3
237403,2
158352,2
296342,3
907354,2
515775,3
745706,2
852355,3
744156,3
260831,3
225948,1
763965,2
948086,1
529916,2
230937,1
110988,1
375560,3
613409,1
862220,2
316198,2
410497,3
409992,2
693083,1
569109,3
147713,2
43657,1
316103,3
43043,1
743054,1
98400,3
502832,1
474673,2
439001,1
525025,2
854821,1
329452,1
968020,2
137517,2
684177,2
67155,1
987924,2
608539,2
849642,3
307148,3
675444,2
918040,1
219474,2
36251,3
392563,2
382024,3
982162,3
657819,2
1038983,1
594273,3
834123,2
927094,2
728978,3
140617,2
161993,2
372129,3
279884,2
916895,2
453052,3
508902,3
719528,2
943604,2
829581,1
615355,3
607163,2
303031,2
867737,3
890194,2
797635,1
235173,3
687334,3
475261,3
621381,3
229091,3
150345,1
413785,3
329259,3
1021123,1
38597,1
23252,1
924026,3
891597,1
224448,3
222490,1
469136,2
803197,1
417892,3
923460,2
77932,2
487723,1
475069,2
696810,2
57408,2
217898,3
132085,1
827111,3
354282,1
136384,2
1042838,2
133904,2
455379,1
66362,3
961620,2
273356,3
244554,3
631213,3
1022656,2
64389,3
736861,3
215532,2
992757,2
674469,2
195014,3
764046,3
79762,2
657505,2
727354,3
387035,3
1011382,3
531491,3
557824,3
260320,1
451295,3
217433,2
709502,3
1890,2
443529,3
234907,3
981105,3
687013,2
1016096,2
662398,2
373487,1
571722,3
428223,3
1015302,3
1039452,2
826447,3
62759,3
288661,1
380117,1
399441,2
784623,3
522103,2
328191,1
304031,3
389084,2
722634,2
984953,1
582655,1
1011388,3
141579,2
67903,3
422357,3
631220,2
1001890,1
331660,2
514187,3
481982,2
95679,3
138417,2
362497,3
882485,2
125092,2
494002,3
516870,1
476267,2
1027678,1
412806,3
106502,3
659993,2
1011891,3
348521,2
805513,3
794002,3
586787,2
784097,2
650592,2
906842,2
765555,3
833678,3
40735,2
992821,1
842314,3
823787,3
897455,3
153993,2
7499,1
542108,2
792177,2
267303,3
793915,2
293651,1
41413,1
486357,3
226846,1
563532,2
578777,2
381230,3
412367,2
354509,3
344738,1
962759,2
226540,1
419316,1
433598,3
516115,3
53578,3
40217,3
92174,1
569412,2
118651,1
685101,1
103625,2
320743,2
603028,2
920066,2
940011,3
1042626,1
853116,3
834690,1
256685,1
920061,3
606858,2
545024,3
925365,2
928382,1
162670,3
789734,3
72649,2
809369,1
532110,3
880361,3
489705,2
1019330,3
866722,2
159662,3
295439,2
569193,1
45107,2
934107,2
647592,2
87365,3
894978,1
440011,3
1026518,2
1014705,1
728402,3
479921,2
64696,3
382762,2
835183,3
761373,2
280454,3
234218,3
276826,3
30713,3
621956,3
846708,3
868770,3
507489,3
348791,3
827032,3
588344,3
684928,2
896285,3
997102,3
43253,3
619638,2
682288,3
869140,2
222167,2
485235,3
666572,1
599838,1
103544,3
379079,1
186207,3
92436,3
638378,3
575492,3
917500,3
227352,3
706584,3
879699,2
71216,1
822975,3
996836,3
978659,3
431917,1
773519,1
1032441,3
201146,3
351413,2
535108,3
764230,2
302378,2
496183,3
214067,3
23771,1
923736,3
543907,3
573541,3
666993,2
718656,3
133805,1
772076,2
58766,2
285486,2
231279,3
24219,2
283572,3
30971,2
882255,2
684405,3
510941,3
96386,2
17559,2
972073,2
230368,2
301171,3
669901,3
622859,3
577886,3
17785,2
1030220,3
182702,3
302382,3
247425,2
207449,2
434530,2
142967,2
498736,3
635054,3
758288,3
997251,3
743300,2
458557,2
93936,1
307444,3
786844,2
248619,2
214065,3
323827,2
396341,3
188624,2
627221,2
762605,1
591923,2
69595,1
38075,3
180904,3
363506,3
1006921,1
532474,1
600403,2
940114,2
716923,2
966766,1
921520,1
697874,3
566557,2
557773,3
73697,3
543462,3
362587,2
103885,1
190461,2
588703,2
679711,2
1001981,2
927702,2
309604,3
924182,3
81601,1
190385,2
23554,2
113597,1
133427,3
262243,1
513572,2
309843,3
275387,2
835235,2
90059,3
1010120,1
91189,1
307071,3
596520,2
984355,1
95457,2
658318,2
136955,2
737323,3
31124,1
570360,2
636174,3
1028911,3
494838,2
266102,2
742428,3
637213,3
777562,3
630496,3
915964,2
668360,3
127784,2
764655,1
610255,2
385898,2
863720,2
617638,2
1033903,3
469276,2
657712,1
1001225,2
392107,3
938506,2
293666,2
223616,1
1017107,3
902338,2
139275,2
78458,2
616302,1
1032632,3
25561,3
616526,3
690525,3
29454,1
602545,2
808545,3
29549,3
826369,3
235128,2
639004,1
720745,3
64227,2
181264,2
461738,3
23490,2
330084,3
450485,3
474301,2
547454,2
1005834,2
428838,3
275246,2
592227,3
840482,3
54200,1
259976,3
420961,3
440806,2
415616,1
54476,2
152860,1
812542,2
532270,2
578766,2
149215,3
821425,3
625202,2
1018253,3
181088,2
627535,2
71676,3
257822,3
249284,3
1000749,2
297387,2
594160,2
697496,2
608097,3
602329,3
942853,2
316055,2
508869,3
288749,1
829933,3
54748,2
243442,2
431650,2
476377,1
748906,2
210022,3
72980,3
941914,3
164169,2
1049068,3
837006,2
180966,2
291719,1
969526,2
608507,1
654920,3
695407,3
71551,3
217771,3
102549,2
288397,2
34500,2
841037,3
885922,2
826294,3
995834,2
497369,1
857349,3
889564,3
846358,3
654232,3
199089,3
614856,2
1044034,3
299848,2
4520,2
975107,2
574185,1
10262,3
931296,1
102990,3
623052,2
589522,1
202768,2
232977,2
735575,3
695930,1
1011709,3
933548,2
624704,2
397994,2
871043,1
247435,3
755697,2
375978,2
1028087,3
260267,3
409129,2
491794,3
14802,3
519614,1
234707,2
968780,2
243559,2
666094,1
478957,3
469113,2
118262,1
828612,2
634090,3
1033607,3
28690,3
5248,1
422854,2
957309,3
606976,2
207612,2
958084,2
907880,3
309326,2
327292,3
950639,2
520475,2
234128,3
500961,1
982104,3
407567,1
45484,3
219215,1
434843,3
957109,2
788711,1
984395,2
432382,3
933778,1
906311,2
643352,2
749013,3
536398,2
1035553,1
220454,3
400782,3
665455,1
177600,3
673910,2
23936,1
876782,3
724069,1
597138,2
639222,1
79055,1
581833,2
481679,3
842318,3
360737,2
585781,2
368031,3
780117,2
504462,3
530638,1
526936,2
513269,3
930154,2
723536,3
27862,2
356345,3
508843,2
754706,3
380892,1
299919,3
945289,1
156898,2
979642,2
901870,3
900207,3
426140,3
422877,3
74334,3
166228,1
399392,3
978495,2
705525,2
311027,3
666403,3
37508,3
915061,3
791636,3
946317,1
19964,3
1029491,3
826002,1
456256,3
750880,2
593695,2
635169,1
493011,3
719099,3
833662,1
320309,1
487888,2
719206,1
627655,1
601898,2
123462,3
539021,2
999161,3
64207,1
427708,1
831829,3
348170,2
994180,1
1009877,1
976942,1
738124,3
381030,3
81686,2
776648,2
354785,1
284578,1
668880,1
468268,1
652131,2
106843,3
425335,2
134297,3
683257,3
713592,1
52542,2
855508,2
152012,2
365507,3
958014,3
911291,3
840956,3
545933,3
750852,1
918356,3
926798,1
989362,2
822961,3
471039,3
928712,3
8325,2
532139,1
282839,2
562450,3
445118,2
331634,3
70734,3
882203,3
601674,2
88404,1
906585,3
418201,3
447444,2
481777,2
608483,3
805605,3
143737,1
776229,2
137721,3
990776,1
361922,2
451968,3
1042475,1
754031,3
794599,1
160987,3
485436,3
402474,1
674014,1
868858,2
831605,3
734727,3
579147,2
112320,2
331159,2
369746,2
972251,2
508350,2
318863,3
425558,3
327042,2
258263,3
533307,3
123983,3
502219,2
942377,2
919172,2
386107,1
490368,3
141279,2
474081,1
426734,3
879008,3
816628,2
874131,1
693226,3
877340,1
823956,3
993205,2
406284,2
199851,3
503001,2
1011199,2
558804,3
557724,3
129871,3
291184,3
185880,3
538067,3
281697,2
992478,2
851831,2
114597,3
220550,3
785326,2
925847,3
651529,2
519876,2
494620,2
941825,3
487489,1
451225,3
328536,1
665915,1
169317,1
834505,3
484756,2
63062,2
133514,3
563392,2
1008591,3
125746,2
668583,3
772343,1
178517,2
1051389,2
679969,3
232086,3
47742,1
104619,2
699800,3
714532,3
424144,3
593688,3
704977,2
706508,1
707356,2
7922,2
539321,3
576289,2
661518,1
96240,1
50552,3
1016587,3
359284,2
841924,2
72166,2
491493,2
205069,2
118156,2
404591,2
422925,2
236924,2
29005,2
25876,2
940254,2
441745,1
75168,3
684254,2
921879,2
144511,2
883948,2
966001,2
894716,2
57872,2
440015,1
939607,3
847975,2
409658,3
290403,3
846753,1
235981,3
448559,2
314562,1
299863,2
473666,3
248522,3
393567,3
978590,3
592315,3
178132,3
431898,3
496816,2
560340,2
83303,3
989868,2
172178,3
653538,1
392364,1
192360,3
90429,3
286279,3
454759,2
19691,2
267701,3
815975,2
378346,3
283143,1
848271,1
19855,2
540422,1
782909,3
158683,2
1033090,1
721708,3
266677,3
360832,2
538749,3
729540,3
647403,2
726168,3
393454,2
582525,3
247337,3
530223,2
11255,2
602809,3
724354,2
453978,2
291369,2
89844,3
211182,2
700025,3
333211,3
423454,2
31781,3
960164,2
508548,3
880078,2
552348,1
2823,1
330348,1
26756,1
599300,1
888121,3
221582,3
163467,3
453813,3
550445,3
631,2
935975,3
513820,3
288366,3
514690,2
204802,3
1013565,3
776052,3
718693,3
699180,3
1008573,2
859998,3
74328,2
135477,3
14378,1
195618,2
597959,2
810871,3
781668,3
1017361,3
780274,1
376564,2
43789,2
5613,1
671238,3
290013,2
189827,2
87788,2
1008588,2
824145,2
77575,3
117775,2
469158,2
172849,3
7770,2
545510,1
302911,1
886982,3
904069,2
730904,2
223617,3
933666,2
490457,3
731595,3
626836,3
92,1
361661,3
440845,1
454766,3
186724,3
814197,1
452693,1
341486,2
889228,2
541867,2
106955,3
732766,2
577179,2
259126,2
212261,3
200207,1
143620,2
82182,2
945519,2
865821,3
219507,2
71180,2
402051,1
435531,3
983168,2
643023,2
939968,3
451100,1
461193,1
73358,2
577629,2
982345,2
410210,2
542090,2
406685,2
399510,3
307517,2
395359,2
429850,1
711941,2
265077,3
118265,1
423609,2
1005536,3
262491,3
269375,2
820204,3
684431,2
328411,2
832762,2
627970,1
505684,3
190883,3
446260,3
569474,2
173225,1
197191,3
113037,2
350735,3
529084,2
400525,3
164967,3
713341,2
903841,2
511844,2
20388,3
974831,1
231652,3
877719,2
839669,2
620445,3
197522,3
767621,1
1010444,3
248182,2
992048,3
248931,2
565643,1
128818,3
863129,3
1050084,3
763647,3
138237,2
930594,2
526698,1
395271,2
776244,3
421196,2
927968,2
1290,3
1025528,3
334015,2
767199,2
155552,2
907795,2
850317,3
422420,2
767039,2
491512,3
373483,3
978131,1
387683,1
294941,2
892358,3
873647,2
819584,3
451967,2
116202,3
1002439,1
434116,3
386379,1
537989,3
105255,3
452533,1
175591,2
616890,1
993165,2
343467,2
650265,3
1032004,1
1010613,3
488544,3
147537,3
512582,3
482131,3
605351,2
498342,3
273126,3
814677,3
478457,3
420707,2
887847,1
803633,1
239419,2
748653,3
851635,3
239232,3
705352,3
109023,2
868941,1
829349,2
509046,3
891694,2
1024032,3
217252,3
798815,3
303445,2
490537,2
36586,2
172837,3
963695,2
723561,3
520566,3
645137,3
769865,3
662004,3
391943,2
485465,1
380521,3
739115,3
906349,3
464367,2
28675,3
601311,3
462439,1
265883,3
585500,1
904357,3
894925,2
87181,1
157239,2
892828,2
34172,2
125590,3
631283,1
445951,3
106205,3
654795,3
883041,3
1030482,3
166612,2
299957,1
1012281,2
214407,2
462026,3
56933,2
741067,3
413025,2
519867,2
104135,3
1037720,3
171967,2
324991,1
503114,3
73610,2
53318,2
50173,1
924501,2
988065,2
403675,1
448031,3
573403,3
875787,2
84262,1
959981,2
905092,2
608755,3
67315,3
969337,2
389997,3
267295,3
913297,2
1028493,2
181682,2
681548,2
745167,3
812658,2
841292,3
915638,3
612190,3
215711,3
176905,1
132757,3
952997,3
561699,2
761056,3
490492,2
970674,2
52801,2
169241,3
132370,2
366238,2
767518,3
918379,2
1847,2
408459,3
737800,2
221184,3
607775,3
742516,3
426143,3
389993,3
104881,1
403583,3
601645,2
132067,2
184892,2
108534,3
805964,3
275149,3
819391,1
501436,3
675337,2
74735,1
13109,1
869355,2
131685,3
232750,2
652552,1
9448,1
232504,2
120140,1
796175,2
636642,1
565808,2
304420,3
874716,2
188933,2
576720,1
207695,3
52722,3
967907,2
461510,3
174946,2
702805,3
1045957,2
15006,3
136896,2
944650,3
243646,3
555314,2
847316,3
1044357,3
701961,3
843110,3
293368,2
915474,3
809978,1
1011241,2
455053,1
87593,2
960369,2
1011976,3
197176,3
935127,1
337256,3
605466,3
583432,1
884716,2
154603,3
186340,3
840772,1
357920,1
508678,3
645395,2
313375,3
565552,2
281610,2
639446,2
136984,2
79965,3
172331,3
60533,2
17503,2
853019,3
761654,3
555499,3
923465,2
777606,3
85964,1
481530,1
265860,2
288197,1
695876,2
467918,3
23569,3
235845,3
700604,2
677254,3
308650,3
376285,1
942656,3
133079,3
329245,3
160386,2
19532,3
917704,3
53153,2
27777,2
79009,2
655161,3
775128,3
339593,3
174692,2
721994,3
350048,3
1038993,3
227215,3
357389,1
248616,2
91051,2
239470,3
434976,2
898009,3
1013385,2
533324,1
367297,3
854476,2
777064,1
765485,2
223295,3
608134,2
237239,2
7223,3
831902,2
134450,2
120719,2
630899,1
358120,1
932582,2
642783,1
971593,3
636209,1
977377,3
979872,1
215409,2
962894,3
960390,2
591937,2
328602,3
366292,3
796148,2
892365,3
42666,2
199783,3
393174,3
743712,3
459090,2
947287,2
264536,2
994955,2
828138,2
306260,3
18349,1
533131,2
1033583,2
60510,2
506553,3
314871,2
777422,3
737808,2
596897,3
404,2
799230,2
205197,1
706229,3
24466,2
747798,3
280380,3
801919,2
356444,3
720671,1
665958,2
920602,3
59217,2
965443,3
632657,3
231320,3
297785,2
163364,3
517075,3
587541,3
94167,1
188022,3
39161,3
929198,3
414974,1
737853,2
289262,3
984786,1
861712,2
320655,3
866452,3
925411,3
933582,2
714476,2
133799,3
69079,1
744276,3
395306,2
656399,3
442247,2
655214,1
179946,1
823669,3
799943,1
555158,3
419985,3
110970,2
304342,3
759530,1
731617,2
552974,3
892014,3
757785,2
494437,3
903960,3
769967,3
567711,3
339123,2
788739,2
990384,3
889446,3
184638,1
110020,3
191675,2
322763,3
828549,3
385540,3
666415,3
266397,3
914332,3
16567,2
716105,2
836706,3
966196,3
849806,2
666186,3
823355,1
148761,2
739455,3
946379,2
780660,1
566192,2
499875,3
263998,3
530652,1
110851,3
944411,1
475352,3
390766,3
493407,2
323737,3
854238,1
332736,1
170020,1
515592,3
764513,3
327929,2
865520,3
922756,1
746636,3
538104,2
98647,3
668963,2
742477,2
358907,3
1019604,3
1012287,3
323960,3
649156,1
14059,1
647258,2
879849,3
699166,2
760975,2
339375,2
503451,1
751676,3
874691,3
94861,2
715770,3
801743,2
911267,2
278273,3
689590,2
739400,2
424058,2
244581,3
740923,1
160904,3
156186,2
617000,3
249199,1
1044754,1
904667,3
115615,1
198466,1
659719,3
819800,2
564128,3
183248,3
135459,3
586986,3
599159,1
899776,3
128893,3
703210,3
487268,3
36844,2
950641,1
16980,1
819591,3
231569,1
715616,2
968053,3
881893,3
805196,3
898007,2
648889,3
1045430,2
874981,3
876633,3
553673,1
259651,2
206844,3
758886,1
399878,3
758054,3
501214,3
533799,2
755879,3
964252,3
867068,1
106021,3
681105,1
89703,2
153132,3
526012,3
234085,3
798279,3
730014,2
406354,2
742399,2
1031234,1
582359,1
1005254,2
34822,2
982176,3
1001345,2
944170,1
600072,1
685243,2
804705,3
66123,2
495998,1
884633,3
478722,1
626350,1
22836,1
1044235,3
13414,1
976839,3
112227,1
330740,2
529183,3
520873,1
1044457,3
876834,2
591395,3
1036312,2
968894,2
687861,2
387231,1
13773,2
214984,3
472264,3
231210,1
195012,3
764428,3
772885,1
869191,2
224615,3
227315,3
247708,3
744120,2
965912,3
20493,3
96297,2
711443,2
286654,1
782950,3
56130,1
517802,3
581999,3
157493,3
938771,3
690878,2
714970,2
559477,2
1035001,3
191284,2
993974,1
309522,2
390058,2
465793,2
314260,3
108716,2
383963,3
808585,2
824320,3
298186,3
404801,1
785301,2
625719,2
766471,3
50091,2
874991,2
1045246,2
313148,2
1003011,3
980257,2
616397,3
395572,2
945157,1
713928,2
137046,3
73681,1
25237,1
1028968,2
675092,3
173634,3
928804,3
72884,3
914473,2
437793,2
647480,1
393170,1
841015,1
202099,2
147652,2
192624,1
726814,2
532585,2
850150,3
390365,2
675494,2
654939,1
599136,1
1005468,3
472526,1
57947,3
737296,2
739002,3
357206,3
448973,3
720511,3
809426,2
1014632,3
156347,2
645119,1
446523,3
68961,3
57703,3
211973,2
468310,3
1035765,3
820666,3
623267,3
405936,3
416609,3
737022,2
377506,3
805618,3
586337,3
773849,2
741140,3
820667,2
1043550,2
311657,3
542152,2
1025182,2
962373,2
405794,1
670703,3
503623,2
476850,1
597236,2
209076,1
168514,2
446944,2
241354,2
831901,3
409099,3
202202,1
857447,3
23650,1
295452,2
730660,3
124406,1
338045,2
886231,1
547516,2
877199,3
193054,2
580808,3
122664,1
18832,3
759590,2
795480,3
923588,2
96893,2
694228,3
34454,3
950166,3
319734,1
941632,2
43707,1
642127,2
513840,3
314357,3
874753,1
428659,2
997600,3
436239,2
18990,2
47200,3
282061,3
442208,2
715872,2
402631,1
773354,3
337553,3
813977,2
991486,3
1017770,2
175565,2
866923,2
857186,3
684242,2
1033669,3
910568,1
581495,1
241447,3
653386,1
321419,3
901707,3
781222,3
40790,3
918083,2
189695,3
874617,2
700183,3
96510,3
278376,2
711099,2
640588,3
135599,3
160031,1
402732,3
110258,3
1008361,2
692490,3
8445,3
580956,1
469165,3
958947,3
683486,3
730006,3
659358,3
282460,3
167243,1
822367,3
121805,3
948559,3
658677,2
93961,2
478800,3
432803,3
875060,3
511817,1
303637,2
1047240,3
622192,1
785948,2
867753,2
1004487,3
975558,3
643341,3
392408,3
869380,2
220587,1
994333,1
372570,2
766158,3
437347,2
789061,3
1040377,3
63009,1
848092,3
544599,3
871963,3
973995,2
637211,2
652218,3
1049673,1
26500,1
209958,3
966722,1
19195,3
592998,2
118951,3
561188,1
26318,3
404836,3
676926,2
691796,3
894518,2
131369,2
364088,3
352072,1
193553,3
729393,2
895881,3
157691,1
135248,2
874311,2
257308,3
245992,3
261754,2
85332,2
448637,3
1048493,3
457645,1
575288,3
265613,3
945773,3
464093,2
700864,2
545188,3
1021696,1
291062,3
82902,2
104091,1
629283,2
639262,3
981222,2
885513,2
800488,1
559233,2
689676,3
623701,1
725846,2
749703,2
300402,1
116471,2
334611,3
208217,3
333976,2
792944,1
690483,1
748012,1
796053,3
1042743,2
883342,2
948358,1
854211,1
325582,3
1028110,3
103445,2
122133,3
480150,2
681464,1
63574,2
724519,1
108017,3
165720,2
953259,3
691549,3
530676,1
432367,1
146154,1
191391,1
985481,3
657683,2
704356,3
731198,2
584941,2
996974,2
257340,3
811562,1
467281,3
722812,3
815033,3
956488,1
166619,3
932829,2
802726,2
751113,3
1035275,3
1050996,1
1047085,1
511826,3
987735,1
232257,1
418533,2
764723,2
772931,1
370869,2
560107,3
169368,2
337575,3
36424,2
969978,3
1042943,3
258278,2
688936,2
52835,1
934995,2
724254,3
846158,3
60912,3
951716,1
1033349,3
677668,3
909,1
931164,2
690006,1
798632,1
482806,3
233102,2
32911,3
691403,3
637361,3
937637,2
585082,2
607787,1
121845,2
1026588,2
590772,2
1005853,3
552185,2
924820,3
1033507,2
529153,2
418355,2
764250,1
706436,3
408149,2
935736,3
545644,1
116827,3
310252,1
315985,3
420147,1
99279,3
766301,3
375911,3
59341,3
434825,3
160113,2
29494,1
601529,2
354730,3
321153,3
637460,3
291131,2
242150,2
579609,1
800343,1
961061,2
5722,2
850089,3
779670,3
365717,1
199586,3
1033835,2
906766,2
573951,2
157910,3
109053,3
1036981,1
327129,3
144560,3
237885,2
631971,2
885410,3
564489,1
143133,1
549538,3
377801,3
541599,3
1029816,2
884320,3
193310,3
647919,3
897855,2
737947,3
667596,2
866420,3
261658,3
50607,3
147299,2
161835,1
789077,3
244252,1
109102,2
871622,3
357232,1
70046,3
552905,2
463262,2
27213,3
70213,3
107862,3
226223,2
333751,2
336556,2
881207,2
492250,2
109726,3
288145,2
362880,2
643974,2
1024522,3
80128,2
894142,2
684484,2
87755,2
553504,3
769948,3
764538,3
546555,3
604826,1
89900,2
1025268,3
897591,2
968704,3
863228,3
629711,3
250365,3
449661,3
962597,3
419385,3
719511,2
311297,3
1043180,1
401374,2
1021664,1
963104,2
456945,2
811208,2
428998,2
36893,3
833950,2
481365,3
707708,3
263921,3
395382,1
599037,2
668699,3
329662,2
910176,2
261871,2
81591,3
595351,2
50834,3
365091,2
713364,2
972763,2
974442,1
418825,2
671985,2
105085,2
236597,2
633228,1
431162,3
856305,1
1008932,2
793576,2
793740,1
787232,2
813125,2
575632,2
336685,2
278411,2
285275,2
520411,2
838785,3
314188,2
131422,3
684936,3
666237,3
819565,3
438105,3
312642,3
1027820,1
861931,2
225683,3
726090,3
804103,2
402132,1
1006788,1
13334,3
734627,2
935702,3
651399,2
1022760,2
752330,2
755585,3
304193,3
296809,3
958708,2
961235,2
563041,3
443374,1
188005,2
80619,1
500498,2
404653,1
856521,3
84748,2
16694,2
471572,2
316274,3
433359,2
617273,3
1038451,2
659454,1
945114,2
274293,1
458630,2
819182,2
45006,3
284668,3
908195,2
606302,3
498153,2
1026720,3
834721,3
417899,3
648033,2
956478,2
779050,2
16224,1
551559,1
825365,1
347107,2
234417,3
1006080,3
13189,2
518901,1
182047,2
614729,3
368128,2
429118,3
262242,2
295433,3
35309,3
432875,3
968799,2
874911,3
559474,3
311721,3
459392,3
589394,3
340466,3
176485,3
837970,1
854607,3
362631,3
351278,2
529300,3
684975,1
460005,2
806028,3
655750,2
239566,3
935642,3
219500,2
834208,1
380917,1
556721,3
700807,3
582134,2
289522,3
823920,3
835141,2
663074,3
571990,2
766461,2
813437,2
775996,3
262839,2
40268,3
416639,2
1015441,3
155209,1
229257,1
1036223,1
249005,1
600333,3
231754,2
445644,2
377213,3
733376,1
780355,3
480992,3
1045710,3
793223,2
327694,3
745956,3
113346,3
708364,3
327266,2
62688,1
595246,1
742545,1
896217,3
321780,2
200681,2
86122,3
522551,3
631118,3
367967,2
224775,2
354879,1
361379,3
626473,1
604350,3
805962,3
416880,2
162804,3
292973,3
862611,3
424093,2
696373,3
141264,1
821679,2
611379,3
568034,3
928434,2
683762,2
318186,3
81008,1
622187,2
412618,3
428306,2
378749,2
806500,3
536674,1
718024,3
526159,1
1035177,2
995449,3
1010669,3
124116,3
767528,3
1051038,3
648013,3
676806,2
626814,3
698475,3
798011,3
729542,3
419569,2
921044,3
870510,2
12611,1
482301,2
215620,3
1030606,2
19635,1
316226,2
924876,2
825831,1
381625,3
1333,3
805454,3
25468,2
1040883,2
696016,2
867259,1
624702,3
680282,2
165645,3
100030,2
183038,2
314483,2
494783,3
355507,3
636860,2
451990,3
705747,2
662581,3
525703,3
473241,2
661100,2
1028994,2
674499,3
656877,2
942618,2
407276,3
717403,2
48211,3
1039312,2
872532,1
664832,1
752425,1
306222,2
878042,3
935241,3
411093,1
46412,3
306213,3
440544,2
9458,1
186888,3
728336,3
1016895,2
258044,3
613234,3
451580,3
920782,2
674821,2
734841,1
667343,3
225903,1
72180,2
785950,3
488335,2
653626,1
303620,2
795227,1
909836,2
999973,3
767747,3
989789,2
936035,2
950555,2
485717,1
981088,3
474222,3
563356,1
228182,1
202367,3
839860,2
319164,3
341284,2
557138,2
330821,2
499458,3
64976,3
550493,3
275287,3
816996,2
418984,3
249932,2
352572,3
750387,2
831400,2
602788,1
154777,3
948753,2
120225,1
693076,3
793730,3
671151,3
335527,3
222085,3
389406,3
450895,3
288241,3
269775,3
157822,2
732392,2
535569,1
151644,3
116978,3
889124,3
789720,3
967020,3
238177,3
28344,3
966498,3
429869,3
742822,3
589860,3
107891,2
859325,3
1011800,3
358596,3
802940,2
639132,2
956035,3
605260,3
819341,2
400219,3
906623,3
179259,2
992836,3
768123,2
233286,2
177621,3
600624,1
1010077,3
729866,3
733132,3
990164,2
366617,1
149411,2
471599,2
123571,2
112103,2
151642,3
619172,3
838210,3
750494,3
952068,2
329362,3
262624,3
536547,2
276805,1
249033,3
811696,2
320291,1
350915,3
107793,3
938426,2
668096,1
204177,2
363125,3
952995,2
1011394,2
469390,3
831853,1
423446,2
503026,2
516562,3
818727,2
404603,3
518880,3
935384,3
237748,3
793258,2
604127,1
319927,2
684646,2
1006864,2
488180,3
774825,2
575075,2
869410,3
457564,3
721748,3
186262,2
854759,2
164109,3
203709,3
402591,3
117094,1
942331,2
630417,2
430705,3
327719,2
110228,3
558561,3
81789,3
544835,1
444240,2
726370,3
764813,3
1037368,3
653034,2
64334,2
349168,3
809478,3
525762,3
505817,2
333043,1
285356,2
187012,2
206903,2
11181,1
608389,3
1019810,3
240007,3
354534,2
1019698,1
313022,1
943756,2
929580,1
861703,1
334937,3
433771,2
700492,2
326767,3
249676,1
372096,1
91881,3
391596,1
392633,3
325455,2
663432,2
881139,2
479002,2
307221,2
698331,2
758959,3
607293,3
302545,1
340135,3
325840,3
820679,3
935519,2
774895,3
949247,3
375951,3
750678,3
137104,3
86326,1
263804,3
96586,3
927783,3
408289,3
76870,3
294569,2
156216,1
138063,3
30419,3
814658,1
20112,3
241628,2
1035599,3
838283,2
177793,2
466352,2
1045580,1
55698,1
923678,1
615023,2
761124,2
784999,3
664583,2
621393,1
834432,2
469719,2
796120,1
304851,1
201390,2
190615,2
976469,1
114941,1
768679,2
554814,2
762206,1
518522,1
636502,2
390763,2
915731,1
162674,3
558725,3
530524,3
38370,2
830577,2
988143,1
1011625,2
432629,3
880918,2
827931,3
385239,3
402389,3
598819,1
158067,3
901757,2
417970,2
400259,3
814541,2
875842,2
860226,3
244835,3
286184,1
362257,3
740591,2
78754,2
396903,3
271916,3
999561,3
841268,2
569095,1
272878,3
1046793,3
708545,1
524863,1
1045435,3
717296,3
950896,1
694619,3
107887,3
996441,2
851304,3
208142,2
432902,3
997370,3
490788,3
935362,3
438162,1
483673,3
262531,3
870628,2
663621,3
182548,3
779198,1
233268,3
578977,3
870006,2
651537,2
223774,2
645065,1
342751,3
637894,3
726614,2
845495,3
309143,2
978506,3
291007,2
980077,1
581632,3
568865,1
746154,1
345925,1
338492,3
573292,1
688246,2
1021368,1
101383,2
202117,3
341353,3
788713,3
23892,1
72695,3
606172,1
187089,1
233474,2
131391,1
952192,2
96049,3
556201,1
1050542,2
143546,3
529839,3
40235,3
966842,1
789007,3
823526,3
314119,3
857592,2
1038273,2
101356,3
652578,2
32724,2
505401,3
358438,3
317577,2
224258,1
369580,3
663189,1
776879,3
445385,2
498063,1
112415,2
917327,3
224114,3
385872,3
581123,3
890326,2
752493,2
560472,3
411554,3
767783,3
218428,3
546779,3
717751,2
970278,2
425541,3
774623,2
727803,2
218394,1
213372,3
994496,2
184029,1
370400,2
761898,3
26937,2
959575,3
622027,2
937971,3
919926,2
777737,2
792213,2
858893,3
41673,3
263148,3
266210,3
370214,2
897242,3
710215,3
455258,2
519905,2
1045868,2
79680,2
297477,3
699327,3
1008650,2
1029688,3
682280,3
878074,3
629994,2
737617,3
814751,1
468862,2
267026,2
261402,2
539714,1
23327,2
925323,2
5601,3
731086,3
555445,3
782648,1
665773,2
901268,3
63578,3
656700,1
679263,2
350838,2
500839,1
552190,2
44184,1
1032976,3
848766,2
1022159,1
98653,3
708051,3
292917,3
313506,1
260578,2
32878,2
1010111,3
750214,2
535798,2
214355,3
924931,3
650642,2
99217,3
279732,1
762978,3
711796,1
897596,3
82130,1
382345,3
539875,2
864743,3
788494,1
861578,1
140781,2
10588,2
707988,1
633744,3
129411,3
732924,3
523822,1
512529,2
193928,2
558285,2
369712,3
112953,1
342763,2
170768,2
1024518,2
381058,2
500420,1
551471,2
8139,1
888258,2
63723,2
628986,3
32080,3
476458,2
556828,2
564564,3
352942,1
685743,1
147424,1
543438,3
628582,3
338093,1
851995,2
247154,2
293487,2
852952,2
972440,2
450820,3
441939,3
464283,3
30770,1
730831,2
869122,3
920668,2
205689,3
1051281,3
744075,3
644141,2
914151,2
114426,3
344682,2
247329,2
216166,1
667095,3
166423,2
800190,1
651725,2
690999,1
689986,2
168210,2
683142,3
262139,3
170595,2
453458,3
519734,2
206793,2
313740,3
127381,2
773370,2
125256,2
1011442,2
235002,2
944402,2
823190,2
529430,3
224100,2
703391,1
301185,2
582676,2
511494,3
286540,2
912693,2
550643,2
654690,2
297792,3
78888,3
416613,2
826160,2
68480,3
516881,1
423599,3
522736,1
409956,2
574627,2
636414,3
225339,2
149218,1
302422,1
646816,2
380301,3
749357,2
76674,3
440774,2
157355,3
60258,3
404894,3
1038326,3
167675,1
716545,3
154731,1
295230,3
285500,3
524749,3
71944,2
640556,1
697260,3
343192,2
236492,1
144694,2
660514,2
999963,2
842988,2
76476,2
862892,3
5863,2
200162,3
770490,2
788107,2
841140,3
914553,3
62369,3
106272,3
731345,3
15945,1
555388,3
713331,2
1049741,2
19665,1
829140,2
364989,3
970426,2
592454,2
265848,2
79105,2
35768,2
530512,3
243180,1
596642,3
478003,3
790556,3
235791,1
549983,3
508604,3
636996,3
397687,2
1022558,3
682109,3
955509,2
66522,3
635729,3
235896,3
858939,1
962688,2
15425,2
92132,2
597092,2
159388,2
516643,1
401858,2
346938,1
793257,3
610618,3
884332,3
1016583,1
157265,2
72517,2
7904,2
803686,2
343052,2
263381,1
360728,1
273595,2
778651,3
80723,3
540123,2
489588,3
1046973,3
840666,2
470031,2
44543,2
123052,1
17309,2
726019,1
254228,2
548895,2
27346,1
819759,3
111519,3
776895,2
210764,3
871425,1
224052,2
574651,3
91100,2
1034087,3
32130,3
948228,3
925019,3
909467,3
482981,3
897674,2
226399,3
1004173,3
278015,2
710399,2
163065,3
700191,3
360319,3
375679,2
1051990,3
679108,1
400535,3
92335,3
360173,2
993055,3
895817,2
617339,2
502427,3
177868,2
8833,2
102302,2
941261,3
970054,2
233382,3
618190,2
572453,3
992356,3
95057,2
608038,1
816579,3
29667,3
1005289,3
839308,2
352042,1
900173,3
531034,2
395953,2
84374,2
588779,2
30227,1
911434,2
993421,2
4150,2
180147,3
1040969,3
405755,2
199030,3
933132,3
683816,1
470275,2
897777,3
833651,1
863990,3
960498,3
607182,2
778874,2
761579,1
988539,2
619755,3
876730,2
668698,1
675599,2
450762,3
47650,3
794446,3
163856,2
290409,1
80708,3
619313,3
545222,2
17646,3
536655,3
832301,1
368396,3
291093,3
848847,1
823405,1
694945,1
474282,2
541903,1
130419,3
646903,3
794095,3
380996,3
556982,3
376650,3
778961,3
582396,2
489087,1
784246,2
429950,3
660518,3
936327,3
461708,3
250543,1
655795,2
338374,1
436534,3
85737,2
276432,3
520783,3
324247,2
550063,2
548624,3
933488,2
807954,3
715320,3
394466,3
621989,3
457955,3
973841,1
570351,3
745974,3
413661,2
375371,2
598238,1
699220,1
604314,3
288843,3
514838,2
13481,2
286171,2
78576,2
626924,3
938695,1
721164,2
1043728,1
947785,1
648270,3
341881,2
682653,2
51745,2
808053,3
568607,3
988024,2
751108,3
282449,2
252236,2
642862,1
733522,3
950452,1
9528,1
970841,3
947521,2
20326,2
712314,3
338334,3
305554,2
379605,3
917828,3
935490,2
181820,3
459538,2
65279,2
68676,2
266395,3
957528,3
583771,3
222331,2
994563,3
25451,3
644807,3
116815,1
956482,2
703866,3
725774,2
776054,1
202792,3
776051,3
425562,2
996597,2
734074,2
343328,1
995194,3
558712,3
210152,2
355287,3
247879,2
423487,2
708760,2
734113,3
947587,2
916512,3
519251,3
102123,2
770402,3
197767,3
964613,2
692480,2
518474,2
781190,2
1038,3
889831,3
966846,1
480621,2
465643,2
808394,1
683987,3
587625,3
311131,3
818369,2
769105,3
504288,2
193458,2
690364,3
661910,2
720297,2
232958,2
952485,1
673766,2
419790,3
349403,1
160284,2
872225,2
922436,2
630535,2
415446,3
82643,3
13813,3
353086,2
486892,2
6019,3
48257,3
313380,3
972061,1
828329,3
484363,2
293509,2
733051,3
564639,3
621270,2
529968,1
674060,3
517082,3
733316,3
215339,1
516071,3
24655,2
424035,1
107661,1
417296,2
633392,3
583817,2
540115,2
127664,2
1040691,3
900216,3
414651,1
502054,3
427852,2
893738,2
764517,2
1051816,3
212396,2
195248,2
477621,2
277399,3
335101,2
146835,2
657804,2
680324,2
164993,2
1027534,3
437017,3
631422,2
763535,2
401013,2
266968,1
1045699,3
643627,2
52191,3
297758,2
411683,3
813411,2
779431,3
752194,3
691271,3
632961,2
247830,3
720870,1
657751,3
807266,3
765116,2
448690,3
396245,1
198256,3
541263,2
607594,3
718586,3
1025387,3
431242,3
1040954,2
851972,3
545389,2
884980,1
890938,3
128808,2
337875,2
242705,2
823666,3
629760,3
585690,3
283353,2
991310,3
1033471,1
24229,3
302387,3
753659,3
737949,3
499618,2
16384,2
220733,2
749244,1
441723,2
995451,1
843256,2
617526,3
553249,3
401960,2
372743,3
631099,1
890224,3
1019879,1
82074,3
677363,3
468402,2
886834,1
945803,3
538441,3
397767,3
609809,3
454044,3
384010,3
35522,3
557500,3
376829,3
272721,3
687794,2
301145,3
551739,3
467307,3
724171,3
734458,1
153805,2
119506,2
431345,3
39646,2
403389,2
985003,3
380621,1
638448,2
1030905,3
579029,2
133542,2
710029,2
606463,2
949203,3
453122,3
259912,3
240020,2
347355,2
248556,3
532307,3
406410,3
857178,1
787628,1
190464,2
163583,2
925965,1
268378,3
476821,2
763093,2
1001440,2
148687,3
1001609,3
799636,2
774742,2
416484,2
240997,1
107802,2
786131,2
663799,2
644312,3
439265,2
159016,2
741255,3
125504,2
15439,2
150314,3
807023,3
302543,2
1003867,1
446364,3
236103,3
940424,2
233830,3
218515,3
702257,1
292687,3
890554,2
809782,1
882388,3
59775,3
639069,2
518868,3
643519,2
952852,2
814277,2
1011158,3
679687,3
459983,1
538389,2
85259,3
724965,3
866182,2
335570,3
207352,2
689205,2
520988,2
161629,2
424315,1
408533,1
94006,2
910450,1
706664,1
932919,3
746184,2
546550,3
864851,3
101100,1
1044016,2
548900,2
302923,2
477975,2
397333,2
398705,3
551298,3
949891,1
678282,2
483017,2
680346,2
417473,3
45725,2
69676,1
36240,3
656662,2
878331,3
138096,2
44028,1
190475,3
890791,3
586173,2
118523,2
356511,2
309196,2
40376,3
832401,1
602829,2
628698,2
478758,3
1019769,3
391485,3
1006134,3
771861,1
892222,2
606210,3
830543,2
387067,3
792619,3
870276,3
1016847,2
290569,3
308774,2
942746,1
543116,3
774955,3
278642,3
94734,2
683115,3
711939,2
130103,3
859607,2
891029,3
982752,3
617569,2
671338,3
850665,3
221678,3
641404,2
386433,2
334563,2
761323,1
344920,3
872528,2
785871,2
272054,3
776280,1
305548,3
601728,2
881227,3
750077,3
884277,2
124022,2
166353,3
145159,1
756634,1
171864,2
842998,3
1047755,3
864121,3
235156,2
1014861,3
803083,3
1052021,3
855283,3
888922,1
298518,2
190479,3
729652,2
18141,1
1016570,3
998141,3
777443,2
729803,2
768218,3
842184,1
897723,3
748596,1
436124,3
58840,3
290275,1
774511,2
65365,2
1000464,2
276306,2
860167,2
102390,2
310248,1
723569,2
905748,3
360249,2
884585,1
52134,2
711197,2
324284,2
427974,3
306659,3
806432,3
707994,2
655946,3
98767,2
216729,2
847138,3
233552,3
866049,2
993875,3
999211,1
335039,3
594153,3
5693,2
33000,2
1032612,3
618107,1
436033,2
360504,3
28393,3
735497,3
980266,3
256975,1
192727,2
416045,3
82537,3
531847,2
711938,2
11920,2
851501,3
229641,3
566841,3
953262,2
918986,3
190610,1
150086,2
83784,3
101430,1
717386,3
320426,2
92265,2
41682,3
122683,3
372614,1
772400,3
685931,3
538476,3
999949,1
331646,2
809914,2
1042725,3
91802,2
981507,2
857172,3
940957,2
589358,3
598823,1
837479,3
414542,3
363330,2
1021151,1
794652,3
557030,1
988398,3
746085,3
782498,3
39061,2
145917,1
546571,2
226648,2
107687,2
894237,2
166936,2
493114,2
114317,2
564671,2
90573,3
680367,3
532595,3
360630,3
692467,2
957742,3
365005,1
234979,2
964722,1
440693,2
393844,3
173548,1
140680,2
683659,1
336367,2
27541,2
920784,3
789805,3
671970,3
11798,3
866297,1
48101,3
982872,2
764764,3
408667,3
673698,2
552129,3
831863,2
781797,2
626504,3
400701,1
1026498,3
983557,1
575383,2
973018,2
139021,3
543226,1
289617,3
932213,1
360718,2
691661,3
301447,3
1025108,3
520728,3
99306,3
251164,1
723020,3
685853,1
939954,3
601264,1
581177,2
98840,3
387595,1
1029275,3
957218,2
446619,2
874758,3
679211,3
367490,3
401520,3
384871,3
175600,2
811267,3
445802,1
440500,2
374102,3
24591,3
473604,3
6814,3
875589,2
157598,2
939880,3
997361,3
898872,3
489380,3
851580,2
225429,3
198735,2
757152,3
694558,2
305937,3
480401,3
919548,3
54935,2
659882,3
866320,2
1052314,3
1014924,3
254052,3
638584,1
504129,1
535640,3
2666,2
470731,3
347187,2
305136,2
656291,2
843991,2
802470,3
341458,2
210036,2
356541,1
926465,2
843819,2
719392,3
915885,3
889086,2
752827,3
809755,2
680002,2
869168,3
284728,2
427544,2
48399,2
366497,3
490470,3
946728,3
127327,3
870424,3
281556,3
93581,3
613785,2
608479,3
858270,3
68017,2
866000,1
974102,3
46148,3
598534,2
672314,2
1052554,3
413475,3
313915,1
442711,3
287031,2
472513,3
171138,3
179413,3
732977,1
686922,2
167576,2
282861,3
254595,2
684914,2
971396,3
146998,1
968268,3
154337,3
240295,2
85169,3
308904,3
836962,3
581094,2
601314,3
221467,1
604605,1
517288,2
628622,3
474002,2
268304,3
650463,3
1035397,1
803828,1
244040,2
229953,3
770327,1
955728,2
866456,3
466296,3
1004050,3
309581,2
249340,3
873391,1
311864,2
415606,3
737178,1
705283,2
89019,2
15232,1
235541,3
425568,3
95861,2
759015,3
922422,2
727544,3
1049344,3
34278,1
707748,3
937306,2
633610,3
718108,3
138585,1
679888,2
63784,2
75601,3
311846,3
812745,2
696906,3
251334,2
109098,2
890916,2
780343,1
992343,2
228454,3
955352,2
944192,3
875482,3
417564,2
471557,3
630472,3
576104,1
326467,3
761278,2
270180,3
1015397,2
258459,1
800812,3
614799,3
267353,3
148535,3
113052,2
871786,3
349713,2
320037,3
952605,1
405375,2
953285,3
12511,3
380035,1
908083,3
992074,3
31072,3
263550,1
601686,1
880921,2
607707,2
972219,2
951474,2
605875,1
648098,2
968513,1
1004316,3
708419,2
701696,1
437511,2
192782,3
825041,3
582534,3
86233,3
204912,3
832770,3
1010598,2
518650,3
833702,1
691237,3
435586,2
239211,3
404000,3
489599,2
10008,2
169074,3
985674,3
632842,3
355461,2
522827,2
311300,3
910451,3
352403,3
296319,3
662019,3
804800,1
1020764,2
221146,1
707618,3
248563,3
55146,3
659567,1
1049775,3
646221,3
688392,1
590470,3
217591,2
632883,2
142815,3
120863,2
576933,1
475837,2
371222,3
216107,1
66979,2
55365,3
667696,1
662083,2
540295,2
105232,3
309283,1
439659,1
544895,2
236882,2
760308,2
329498,3
1028904,3
203806,2
537637,2
384672,3
984278,3
285744,1
831290,1
409415,2
741898,3
251174,3
969912,3
69784,2
239677,3
65756,1
616163,3
106575,2
688642,1
1049907,3
351550,2
946656,3
25286,3
207702,3
975939,1
709311,3
617938,3
693190,2
610047,2
261247,2
434876,2
1045829,2
594764,3
9614,3
623283,1
227430,3
3111,3
138476,2
548714,3
794030,1
145571,2
958687,3
874761,3
311405,1
378389,3
437756,2
878100,2
610843,2
32141,2
43585,3
107144,2
335848,2
555614,3
876800,1
160180,2
142330,2
1015500,1
290407,3
963741,3
508345,2
463231,1
315934,3
134828,2
146445,1
952358,3
456818,3
272983,1
956614,3
840963,3
387958,3
36252,3
299998,2
343591,2
445634,2
956676,2
416135,3
119847,3
401304,3
676208,3
423455,3
761414,2
245524,2
147555,1
425476,3
988050,2
599661,2
463877,2
696542,3
119372,3
36610,2
491662,3
432474,3
384564,3
271829,2
56323,3
238190,1
648093,3
163083,3
918372,1
950387,2
925769,2
774726,1
297911,1
271552,2
288021,3
648596,2
127511,3
645448,1
867047,1
271986,3
96455,2
27610,2
628732,2
980381,3
6825,2
517205,3
51236,2
524505,2
730642,3
680827,2
296618,2
577542,1
3278,1
394688,3
314819,2
497505,2
619173,2
1005637,3
332558,2
330758,2
753672,3
235877,3
783371,3
946842,2
995110,3
673477,3
769425,2
112090,1
433484,3
523091,1
602710,3
147964,3
417596,3
170577,1
1014299,1
651239,2
850241,1
799082,2
147734,1
194612,3
433840,2
560158,3
370524,3
9749,2
919949,2
439460,1
652930,2
996219,3
213999,2
274201,3
323256,3
582527,2
593202,1
312393,2
295607,1
895029,2
164964,2
190025,3
106899,3
949383,3
707163,3
642067,2
614387,3
1034130,3
1015051,3
1002588,3
1048165,3
748402,2
416306,2
1049785,3
325454,2
910782,2
524664,2
323139,3
659617,3
544859,2
663040,2
82133,1
833021,3
655170,3
431097,3
562699,3
588190,3
618747,2
774845,1
393039,2
87547,3
502778,3
900722,3
103152,3
602069,2
1032576,2
567071,2
992978,2
768279,3
512769,2
452198,2
362686,3
671953,3
270584,2
316165,2
276325,3
961661,2
1002048,2
577594,1
1006946,2
919950,3
1020951,2
678861,2
324407,3
722825,2
706485,1
142981,1
855630,2
904223,3
267379,1
772470,2
257573,1
419777,1
593400,2
711620,3
566607,3
1046507,2
154147,1
87266,3
986805,2
726441,1
506109,3
269572,2
790954,3
749347,2
445788,3
20165,3
140337,2
983929,3
955874,3
239338,2
297396,1
367759,2
565449,3
315556,2
28530,3
72807,1
341959,2
598066,3
921279,2
407113,3
292088,3
1016688,3
236630,3
580067,1
1030556,3
463370,2
1040889,3
509274,1
512934,3
952936,3
572661,3
943674,2
1045344,3
298260,3
856742,3
433995,1
826534,1
860430,2
429725,2
846433,3
233655,1
762019,3
463754,2
914555,2
403265,2
184992,3
777315,1
174250,2
320302,2
948070,2
22808,3
479626,3
182243,2
195155,2
20400,2
878055,3
871245,2
569331,1
995923,3
534020,2
443503,3
440789,3
418005,2
33797,2
87506,3
721678,3
307701,3
510564,2
239480,2
405125,3
22218,1
902476,2
396394,1
930225,1
553481,2
653260,3
295785,3
70090,2
61598,1
1009211,3
479075,2
779485,3
681316,2
127735,2
777085,3
343344,2
410426,3
990905,3
262339,1
528617,2
206528,3
819163,2
850102,2
870356,2
27242,3
102307,1
810014,2
902187,2
217010,2
202589,3
501727,2
298990,1
185563,3
878470,3
665170,1
1021899,2
395090,2
333908,2
728751,3
544164,3
13041,1
610697,3
873096,2
722036,2
897798,2
897052,3
924047,3
451741,3
891673,2
843131,2
192401,2
152346,1
280673,3
737683,2
535732,3
494288,2
837760,1
510565,2
808861,3
1030779,2
332830,1
538538,3
284682,1
1052693,3
340675,3
975697,1
150420,3
944115,1
698137,2
583047,1
956587,2
1013851,2
152193,2
768465,1
732161,2
411625,3
35285,2
771472,2
297685,2
430445,1
665611,2
146660,3
866341,1
171466,3
57713,2
868151,3
778247,2
947897,1
872195,2
700591,2
192897,1
382584,1
71169,3
681690,3
575095,2
506106,3
518003,2
20625,1
501497,1
204448,2
812607,2
769624,2
728422,3
731243,3
747455,2
443377,3
405945,3
870610,3
169115,3
914754,2
769971,2
314303,3
976374,2
239187,1
547170,3
772348,3
856228,3
235118,2
156108,2
884146,1
37245,3
972311,2
927777,2
888957,3
142746,3
462272,2
764996,3
5426,3
275603,3
64578,2
859580,1
693607,2
1013935,3
1052530,2
399237,3
488041,3
784962,2
460011,3
556406,3
80811,2
1024757,2
926834,2
486155,2
997535,3
976846,1
145721,3
895456,3
766420,1
158376,3
118253,1
347218,2
198874,3
315772,1
634664,3
279165,2
615369,2
426608,2
527680,1
271086,3
489238,1
958811,3
556750,2
848969,1
928182,2
472507,1
711033,1
622902,2
925643,2
691291,2
499269,3
178203,3
345132,2
662776,1
33939,1
491800,3
914127,2
911566,3
81633,1
930687,3
882302,2
174923,3
863127,2
783249,3
1032388,1
346453,3
430431,1
344804,2
824667,1
8262,2
719214,3
948774,3
706155,1
922727,1
886278,3
414051,3
330234,2
568776,2
782439,3
1002000,2
325465,3
211543,3
165881,3
879343,3
747992,3
920230,3
518359,2
27743,3
604584,3
739048,2
949520,1
700629,1
751513,2
689484,2
195507,2
496959,3
547197,2
992429,3
356844,3
748515,1
707811,3
455501,1
146112,2
995814,2
107308,3
794107,1
519287,2
880396,2
561478,2
376500,2
727374,1
930256,1
1008741,3
823967,3
581617,1
139887,2
804626,3
153056,2
849956,2
72853,2
337056,3
154108,3
961553,3
88747,3
2548,1
874269,3
828261,2
843855,2
947338,2
831228,3
149395,1
353371,3
409501,3
100113,2
757557,2
880583,1
767984,3
362890,3
668796,2
232949,2
400019,3
23558,1
337622,3
1002220,3
205005,2
982577,3
216249,3
194613,2
961634,3
246571,3
874732,3
1023533,3
578869,3
594742,2
579692,3
69491,3
98212,1
375187,2
46209,2
399105,3
520009,3
782427,3
394891,3
442563,3
970051,3
92825,1
1039811,2
38166,3
150084,3
985021,1
834402,3
1044528,3
338086,3
237520,3
691517,1
482043,3
467010,2
923315,2
274434,2
836183,3
577568,3
976736,1
568775,2
754034,3
455985,3
26938,3
537194,2
426971,3
508356,2
181620,3
945458,1
55040,3
657604,3
638866,3
1014388,1
327586,3
598256,3
649830,2
1041566,2
189411,1
956330,3
1020441,3
586476,2
95008,3
1020095,2
365591,1
705797,2
209195,1
99057,2
142754,2
529846,3
543437,2
1014231,3
900261,1
3454,3
776811,2
857250,1
583349,2
277012,3
864499,2
30067,1
725316,2
417934,3
64310,2
468054,3
596920,2
707268,2
392868,2
985212,2
284576,3
429290,2
675001,3
649144,2
466819,3
901893,3
328562,3
899561,1
465030,2
813970,1
312560,3
60868,2
930411,2
693066,3
365168,2
519348,2
12597,3
989363,3
758525,3
839361,1
231315,1
182722,2
628670,1
878097,2
277097,3
136058,1
137236,3
360384,2
99808,2
722020,1
239708,3
593719,1
165208,2
932886,3
697743,3
525574,2
906035,2
851225,2
755728,3
424706,2
454466,2
653327,2
971546,2
56387,3
809993,3
989850,1
234596,3
85676,2
536321,1
139446,2
912481,2
975877,2
86123,2
649611,3
24822,3
824406,1
18263,2
944926,3
1032787,2
92258,1
717174,2
1022075,3
530698,2
136153,3
9440,3
453485,3
502406,2
916483,3
371298,2
344790,3
950679,3
910062,3
53566,1
992299,1
806599,1
311349,1
141998,3
674538,3
24872,3
560607,3
199527,2
659771,3
185200,2
132606,3
565527,2
352112,3
910224,2
128746,2
756429,2
644639,2
93556,1
491422,3
100089,2
84634,3
546115,3
2250,2
228351,3
113577,3
291936,3
180896,1
826642,2
376618,2
948273,2
338132,3
255981,3
426512,1
132090,2
535386,2
654392,2
429101,3
77108,3
1004504,3
218721,1
923666,2
870545,2
513560,2
330277,2
805816,2
708397,2
208769,1
674161,3
721387,3
540713,1
685100,2
78604,3
343661,2
409459,3
113581,2
899135,3
509806,2
633340,3
692834,3
879085,2
53612,2
123355,2
784237,3
976872,2
35267,3
156820,3
572072,2
1000277,3
736666,2
839700,1
750154,2
514759,3
276328,1
852878,2
220333,3
775151,1
1036929,2
636912,3
69557,2
241078,3
1020448,3
765506,3
424983,3
301576,2
424766,2
511971,3
155358,3
208658,2
881302,1
71470,2
729827,3
387917,2
740294,1
526054,2
223136,1
336984,2
725427,3
33342,3
25438,2
837066,3
434242,1
14920,1
514979,2
528933,2
526038,3
461461,3
618040,3
960621,2
835722,3
862965,3
739182,1
75279,3
849922,3
283726,2
281730,2
1038288,3
662795,3
423327,2
787100,3
958610,3
971604,2
848841,2
960988,1
1029226,2
211373,2
1009716,3
225626,3
375471,3
530841,1
80350,3
810867,1
818111,2
459110,3
259765,3
486000,2
228686,1
158640,1
310747,1
257517,2
786776,1
857359,2
867501,3
779588,1
617911,2
278785,2
731912,2
412351,1
926472,1
168019,3
60300,3
138681,2
429484,3
734218,3
279018,3
714896,2
863893,2
39142,1
257393,2
839814,1
221300,3
438404,1
233979,1
891291,3
664510,2
1033454,2
494504,2
738532,2
202791,3
69071,3
181786,2
269186,3
151384,3
373701,2
902236,2
175654,3
261879,3
869603,3
274241,3
782009,3
256596,3
462747,3
145577,3
505852,3
845424,1
975298,1
716614,2
496598,3
875900,2
13110,2
527173,2
719435,1
561187,3
333361,3
947883,1
726661,1
306313,1
911270,1
481980,3
460036,3
943431,3
507146,2
227548,3
956309,3
804201,1
1013349,3
794301,2
406431,3
483841,2
101477,1
530773,2
402323,2
539155,2
475004,2
530148,3
73307,1
762963,1
425333,1
497244,2
177390,3
681802,2
766295,1
582783,3
405426,3
697764,2
739294,2
80007,2
715950,1
969293,3
438853,2
272549,2
3667,2
145791,3
790591,2
189439,3
64236,2
347559,3
703991,1
596495,2
58156,2
899715,2
975896,2
328638,2
15916,3
571864,2
175880,2
37482,3
883380,3
760114,2
26497,2
713277,3
562487,3
707051,3
366914,3
321092,1
277888,1
842225,3
932754,3
610206,1
539267,3
882355,2
1024591,1
802952,1
468800,3
965068,1
1033679,1
436403,2
1047243,2
945764,1
669311,3
1014451,2
488645,2
55219,1
349499,3
939924,2
673867,3
12977,2
501156,3
475755,2
16944,2
322649,2
496722,3
43981,2
68151,1
973215,2
458294,2
525266,3
439731,1
458396,3
759624,2
611932,1
175035,1
952294,2
907135,1
511053,2
536196,3
890394,2
806485,1
88023,1
247732,1
1038037,1
358603,3
535370,3
629482,3
936401,2
846634,3
434722,3
7538,2
549350,2
430059,3
175537,3
530730,1
369689,2
558824,3
23457,1
995043,2
658617,3
636506,3
800444,3
297741,3
843952,3
280322,1
422257,2
270512,1
206376,3
404157,2
967079,3
676082,1
804695,2
633295,2
1002198,3
1004771,2
147574,3
173082,3
376787,3
932634,3
856977,3
966456,2
641590,1
125289,1
626889,3
953313,3
678796,1
982986,1
340782,1
425847,3
272105,2
612996,3
643032,3
863906,1
465637,2
924363,2
931133,2
817106,2
916583,2
797864,2
42435,2
40332,3
637026,3
505089,2
645515,1
271368,2
27108,1
767061,3
203067,3
986674,2
692365,3
188826,3
507142,2
402212,3
601139,2
637695,3
1014834,3
1027741,3
158425,2
517521,3
398219,3
387552,3
452503,1
219457,2
711151,2
247235,3
985353,3
126250,2
119989,1
970189,3
737004,3
468178,3
478400,1
83818,3
223087,1
945233,3
495612,3
81677,3
308454,2
965853,3
971126,1
640486,2
595057,1
787516,2
450625,3
684688,1
624569,2
720251,3
272914,3
441548,3
855769,3
567521,3
596981,3
503148,3
437983,3
11044,2
751149,3
885705,2
110658,3
471581,2
349482,2
178560,3
488524,3
234702,2
62486,1
187761,2
132022,3
773592,2
189112,2
1014123,2
519511,2
435139,3
135283,2
704681,2
241518,3
301643,2
914879,2
891213,3
706885,2
464753,3
238425,2
310606,2
526861,1
866255,3
308221,3
293866,3
1049335,3
1050912,3
666947,3
141125,2
569652,2
448511,1
9619,2
79490,3
633569,2
18773,2
449251,2
331788,2
756039,1
281749,3
621385,2
573677,3
784353,3
629450,3
927644,2
674572,3
1025789,3
944429,2
245076,3
75955,3
455018,3
986745,2
531412,2
149760,2
593227,1
347642,3
545943,2
203003,1
824852,3
844354,2
832863,2
669691,1
865825,2
1013201,2
311662,3
1007703,2
940676,1
198328,2
747984,2
31498,2
305009,1
697506,1
845121,1
839313,1
428622,2
724871,2
699666,2
847131,2
777941,2
184493,3
181969,3
499436,3
919894,2
936436,2
95472,2
643670,1
830682,3
428975,1
994555,2
879490,3
237998,1
705832,3
3725,3
964025,3
592384,2
280815,2
443353,3
625524,2
918446,3
28861,2
661177,2
238460,3
603786,3
291466,3
721789,1
537178,3
582559,2
360162,3
1050188,3
395001,1
313682,1
483729,3
271977,3
535720,2
765207,3
710810,3
891629,3
328636,1
455126,2
542279,3
605709,3
570789,1
642680,2
14054,3
758749,3
912771,1
884290,2
514237,3
664369,3
825648,1
778313,2
397073,3
671568,2
739212,2
332313,3
1019264,1
48720,1
544518,3
1010746,1
426555,3
980241,2
510555,2
523254,3
686772,2
651730,2
207404,2
865983,3
238453,2
538920,2
229573,2
216461,1
280788,2
359303,2
389346,2
171129,1
898197,3
553722,3
856331,3
326010,3
858643,2
299098,2
301264,3
690492,2
841849,2
421936,2
284848,2
23422,1
865508,3
24317,1
996669,1
308766,2
221628,3
802765,2
787344,3
59707,2
971271,2
253410,1
887433,2
369368,2
704949,2
454311,3
525821,2
415871,1
616307,3
104853,3
1027163,3
837714,3
805851,2
761034,3
559963,2
987819,3
351786,3
323613,3
588898,2
99685,3
243732,1
432163,2
543842,2
738530,1
754058,3
140973,1
711010,1
292296,1
638453,2
959826,3
247282,2
986043,1
120448,2
238379,2
592597,3
170805,3
31142,1
801310,1
450360,3
792677,2
225993,3
1021410,3
886538,1
303991,2
928380,3
740797,3
664968,1
6733,3
160911,2
501323,1
269512,2
774264,2
854184,1
710062,3
15408,1
418783,2
382398,1
243626,3
960294,3
628176,3
615938,1
405612,2
283568,2
854811,3
749210,3
192259,2
140600,3
750069,1
25079,2
597732,2
532870,2
699107,2
167867,1
722908,2
523212,2
498236,2
784522,2
473768,3
1025981,3
4505,1
894111,3
267263,3
915041,3
22646,3
853296,2
205825,2
660725,3
250182,1
360294,3
118198,2
153898,3
115407,2
529690,3
912439,2
871779,2
16034,2
667405,3
253307,3
17765,1
479268,1
754677,1
609186,2
680241,2
851482,3
692095,3
439188,3
901023,2
554196,1
507896,1
248408,2
704333,2
797552,3
846654,3
118222,2
730634,3
104807,3
615274,3
954445,1
803397,2
1005977,2
168684,3
840298,1
885484,2
457744,3
263464,3
148706,3
141191,2
312108,3
985847,2
518103,2
432984,2
466502,2
1017643,2
953556,3
144186,3
1032788,3
192758,3
942231,2
933216,3
616808,3
1039862,3
505568,3
1035099,3
968559,3
96750,2
883052,3
217500,2
562951,2
919012,2
662228,3
721489,2
923449,2
177848,3
429074,3
245358,2
27133,1
987811,1
906658,3
800298,2
1026673,1
931319,1
115788,1
350079,2
641757,2
135594,2
888061,3
766139,2
72557,3
873196,3
943285,3
15432,3
515549,3
280354,2
455884,3
540311,1
147,3
902003,3
949782,2
550749,1
723613,2
737072,2
430831,2
421876,2
775856,3
106230,2
203289,3
344202,3
176235,2
638005,3
411660,3
642144,2
1011613,3
515011,3
479291,2
191625,3
761268,3
462769,3
565430,1
742704,3
861045,2
917172,3
902544,3
281326,3
464806,3
349980,3
532493,2
794747,2
791717,1
341269,3
627724,2
908530,3
26445,3
17076,2
842245,3
748766,2
396039,2
319697,2
756210,2
538473,2
275793,3
640480,3
280982,3
345974,3
408952,1
678862,2
710047,3
717569,2
205665,3
686187,2
1000102,3
780094,3
3709,2
164597,3
412430,3
676462,3
998751,2
845770,2
846631,1
865584,2
101248,2
499325,2
99528,2
469442,2
67365,3
262002,3
862776,2
705689,2
649964,3
977576,2
675969,3
557372,3
610563,2
681458,3
151160,3
625529,1
976375,3
544181,2
892846,1
162476,2
711902,2
536095,3
864384,1
620383,2
977723,3
1813,2
750752,3
484058,1
481570,3
708770,2
1052684,3
346970,2
607600,2
241057,3
686964,3
691334,2
35211,2
638992,1
926688,2
803684,3
367636,3
800650,3
501935,2
563420,3
948626,1
129042,2
1052862,3
731525,3
255046,2
265688,3
428734,1
906733,3
1033089,3
265587,3
964828,2
709904,3
583466,3
78159,2
735071,3
548638,1
937021,2
300293,3
75524,3
253010,3
191661,2
971591,3
185448,3
821587,2
855315,3
15068,2
892260,1
697088,3
558426,3
437527,3
854861,2
491663,3
560581,3
173205,2
477102,1
732836,2
236269,2
967297,2
461302,2
671189,1
427321,2
705547,1
151497,3
1026869,2
311327,3
240813,2
988097,3
581402,1
980814,2
155131,3
735705,3
621375,3
225430,2
912233,2
805994,3
835920,1
983844,3
619902,3
194175,2
588089,2
229150,1
421973,3
174340,2
688993,3
676665,3
254543,3
908694,3
458482,2
27787,3
367994,3
968314,3
254972,3
1004412,2
719645,3
19309,1
631952,3
930574,3
788675,1
564914,3
1031594,1
475302,1
524359,3
694682,2
886340,2
636073,2
833710,3
450693,2
1043435,2
469251,3
878190,3
916844,3
671109,3
337467,3
449653,3
1034043,2
270810,2
585446,3
925949,3
966609,1
876539,1
282148,3
456665,1
554210,3
689547,3
851880,2
41338,3
461786,1
580181,3
223205,1
418915,2
469712,3
838141,2
785981,3
698906,2
178843,2
537390,3
929269,2
361447,3
24041,2
544297,2
455476,2
367960,3
465751,3
249204,2
1008447,1
907260,3
184747,3
830166,2
594091,2
500663,2
886601,3
237167,3
678693,1
74053,2
460182,3
394237,2
1002948,3
564674,3
438679,2
373783,2
1006314,2
201474,3
887373,2
483000,3
615190,1
124224,1
975945,1
183075,2
615506,2
380147,2
723328,2
981155,2
393880,2
692889,1
222508,1
835375,3
621979,3
111265,2
943371,1
541196,1
903762,3
119570,2
451480,3
661454,3
17404,3
778740,1
554476,2
579953,3
58853,3
909191,1
548877,2
318374,2
9319,3
339695,2
57826,2
781417,3
205127,2
785056,1
924353,3
909298,2
196831,3
556597,2
992516,2
953347,3
404039,3
556545,3
186033,2
119645,1
116616,1
198857,2
764051,3
85074,3
624983,3
941165,3
232902,3
1022677,2
191587,3
452766,3
443815,2
1007353,2
370353,3
717644,2
663702,1
377844,3
876324,2
914662,2
121952,3
283602,3
520511,1
68304,3
374946,2
802476,3
285628,2
1010103,2
390581,2
590631,3
536015,1
460775,3
482706,2
461035,3
876966,3
982112,1
611242,2
735175,2
403337,2
550846,1
708641,1
390353,3
471090,2
369562,3
407178,2
938510,3
844973,3
471762,2
796827,1
121472,3
360657,1
427551,2
965145,3
183653,2
155943,3
951218,1
714078,2
512198,2
506787,2
68372,2
178408,3
417413,3
230828,2
921948,2
145134,2
422915,1
804152,2
891450,3
644833,1
1043720,2
429711,2
36055,1
938485,3
101804,2
202724,3
569957,1
334422,2
1052764,2
927205,2
818628,1
277428,2
337602,1
603141,3
898553,3
465779,1
529944,2
21727,2
195492,2
943902,3
485657,3
592945,3
427671,1
652169,2
235650,2
337449,2
592324,3
516537,3
831041,2
995590,2
1038980,1
934257,1
295066,2
838813,3
326670,2
440485,2
789191,3
184322,3
6183,3
249216,2
654128,3
575362,2
859557,3
480042,1
681842,1
812767,3
978806,3
913869,3
89633,2
319258,2
66755,3
236952,2
653890,2
281919,1
639755,2
1035162,3
913783,2
382058,2
888965,2
299543,3
141269,2
856215,3
270049,3
819713,2
743875,1
4573,2
1040570,3
376228,3
510177,3
863834,3
618167,2
61441,2
418988,2
604703,3
1039455,2
369018,3
758932,3
710038,3
720690,3
534862,2
87786,2
275066,3
73543,2
622601,3
316588,3
386438,3
834088,2
460952,1
282969,1
1039295,3
372213,2
253422,1
616352,2
557457,3
815689,2
507768,2
366020,3
781985,2
651564,2
770369,2
512966,1
816398,3
799122,1
984241,2
1038524,1
320854,3
641231,3
1410,1
105176,3
708259,1
414561,3
528837,2
517401,3
50629,3
991083,3
985438,3
706956,3
89996,2
827107,3
626615,3
33132,2
621586,2
679568,3
352347,1
726032,2
654203,3
951786,2
149099,3
849357,2
1023513,2
1046556,2
799761,2
819276,3
232218,3
857361,1
716587,1
877844,1
725256,2
511259,3
489577,2
1016064,2
342529,2
118962,2
34711,1
969834,2
407270,2
84579,3
37021,1
295421,2
707401,2
799744,2
310671,3
451803,2
388930,1
30406,1
258147,3
787871,2
1047431,2
682430,3
770239,3
190633,3
877652,3
616880,2
135114,3
424239,1
685244,3
291388,2
545589,1
673618,2
971013,3
385936,2
177123,2
324518,3
7462,2
143710,3
184250,3
54857,3
759443,1
560813,3
205366,3
317207,1
737569,2
455286,3
984932,1
488536,3
681168,2
391321,3
801086,2
687232,3
457114,1
537408,1
709935,1
776575,3
1030671,3
24167,1
495777,1
736682,3
456053,3
9240,3
168957,2
1023514,2
98191,2
831378,2
566425,3
984250,1
968294,2
696351,2
393054,3
143894,2
791487,2
762860,3
904404,1
996899,2
57626,2
876828,2
306061,2
726355,2
240534,1
823217,1
513179,2
161674,3
663559,1
903566,3
1010277,3
463632,1
26156,2
72396,1
805351,2
561273,3
560528,2
382467,3
1031388,1
671066,3
458089,3
932260,3
592254,2
382496,1
263850,3
721588,2
638425,2
77451,2
98407,2
113764,2
332071,2
71419,3
853963,2
462276,1
653209,1
910074,3
548017,2
893428,2
616862,2
517198,2
516615,3
805276,3
591095,3
625705,2
531285,2
683955,1
513627,2
1038329,2
444747,3
1001009,3
103517,3
953989,2
514449,2
147830,2
761223,2
204453,3
582979,2
998984,2
986496,3
896967,1
614954,1
373915,3
317284,3
265007,2
613704,1
736260,3
875495,2
66204,2
187268,3
819558,2
75687,3
942706,2
122161,2
894593,1
517768,3
660776,2
330385,3
808481,2
132169,2
497286,2
341080,3
903964,1
44097,2
355504,3
61574,3
1029050,3
919870,3
843810,3
803004,1
704645,2
680463,2
153613,3
232668,1
592866,3
898019,2
355927,2
1034335,1
799166,1
988590,2
801247,3
298015,3
362526,3
815478,3
299377,3
15204,3
692790,1
80268,2
95752,1
234378,2
477139,3
412009,3
808498,2
850711,2
540334,1
357485,3
459337,2
852386,3
232630,3
747241,1
889032,2
130487,3
163911,1
162386,3
113712,3
107773,2
524989,1
17577,3
1038019,3
660387,1
620277,2
489674,2
653763,3
136201,3
616732,2
48819,3
972004,3
870931,3
70049,1
983898,2
223436,3
561209,2
883558,2
589550,2
301934,2
919770,1
152397,3
1005321,1
425684,3
264588,3
957551,3
471097,3
214220,3
494149,3
378008,2
604755,3
30741,3
816632,3
384910,3
387152,1
1032734,3
221689,2
588367,1
637336,2
608762,2
646248,3
796102,1
615740,2
891615,3
603821,1
918993,2
33918,3
589441,2
930549,2
147294,2
658957,2
103170,2
6126,3
154484,3
1003100,3
768131,2
879976,3
166438,2
315221,2
452041,3
967923,3
867905,2
217122,3
620931,1
976203,2
937768,2
914252,2
309340,2
392058,1
103646,2
950294,3
189377,3
429991,3
859992,1
404298,3
87273,2
156664,3
642652,3
540571,2
14857,3
507218,1
682757,2
1039621,3
865936,2
62811,3
870839,1
130927,3
198503,2
658489,2
105940,2
650081,3
1000926,2
777343,3
695219,1
595029,2
462887,1
886363,2
614809,3
203771,2
573169,3
273136,1
884072,1
372238,3
798955,3
57891,3
766499,2
331216,3
571995,1
541115,3
222650,3
401530,3
849700,3
980943,1
448001,1
63264,2
666066,1
167124,3
278499,2
406217,2
1035504,1
724699,2
294438,2
581856,2
474844,3
310753,1
1020797,3
9901,3
249861,2
799871,3
980041,2
764181,3
494385,1
625900,3
257939,2
277554,1
931899,2
353212,2
492174,1
306821,3
4630,2
197561,2
863341,3
25230,3
534355,3
702066,3
550081,1
300041,3
464761,3
297414,3
453425,3
223854,1
301641,3
719453,2
57413,1
730857,1
395991,3
342744,1
579912,2
92056,1
329783,2
893341,3
566478,3
18493,3
911332,3
838105,1
642566,3
101399,3
989940,3
784310,2
997446,3
639127,3
284341,1
158722,3
146008,2
221851,2
154567,3
196607,3
225629,3
156970,2
572133,3
284198,3
86787,2
377098,3
797232,2
50518,2
988570,1
931887,3
807085,3
209394,1
750221,1
839251,2
351063,2
956510,3
813964,3
940046,3
470802,1
624083,2
333054,2
546874,2
413079,2
299378,2
465266,2
147375,3
35488,1
76784,2
1032701,3
457452,2
696726,1
27740,2
195938,2
825488,2
819813,3
803148,2
1017187,2
300879,1
2984,2
966600,3
917830,2
443605,2
710048,3
771254,2
244178,3
292155,2
948859,2
684447,2
783047,1
876227,2
88944,2
915340,3
928074,3
497195,3
614310,2
463335,3
943054,2
56648,2
457040,3
487904,1
699332,2
526897,1
370915,3
57152,1
430087,3
737946,2
393720,3
466497,3
962180,3
680319,3
873337,3
126713,3
738217,3
372705,3
133090,1
1047907,1
573791,1
604326,2
625857,2
12752,2
594858,2
599990,1
591018,3
444661,1
57525,3
25358,2
429973,3
932558,3
939364,1
594662,2
19531,1
814585,3
692732,2
1017538,2
167028,2
597990,2
45191,1
928814,3
493371,3
889626,2
489374,1
936790,2
902741,2
873739,3
560859,1
77344,1
489515,3
680218,2
19380,1
342590,3
112847,3
787547,2
73898,2
1017003,3
739390,3
835794,3
728073,2
618854,2
47382,2
218092,2
845207,2
359786,2
618173,1
12504,3
821569,2
570139,3
455619,3
300132,3
289303,2
45042,3
281492,2
680080,1
224896,2
499330,3
616962,2
184910,3
284734,3
1014859,3
43529,3
678420,3
479365,3
343870,1
192568,1
676347,2
592229,3
918861,1
292408,3
622072,3
926743,2
449029,2
12341,2
314557,3
434263,3
511594,3
118680,1
162452,3
355861,2
1026299,1
899947,3
957696,1
260185,3
624031,2
188810,3
317618,2
960542,1
535262,3
976214,1
699716,2
658987,2
1032985,3
34610,3
283030,3
573135,2
302236,3
433304,2
509318,2
612919,1
855075,2
511242,2
461908,1
321621,2
574647,2
472410,2
307739,3
910246,3
1008578,3
1037879,3
482107,1
511506,3
831910,2
164924,2
174060,2
545673,3
122651,1
736900,2
792895,2
883452,3
67943,3
70304,3
674180,1
1004676,3
370596,3
922744,2
1004612,3
157029,3
730852,3
428902,2
513810,3
761712,3
1052484,3
479280,3
917731,3
653232,3
226227,2
777704,3
956780,2
731417,2
578982,3
855445,2
1041114,2
985655,3
201417,1
325537,1
234103,1
1011630,1
63636,3
926991,2
142287,3
95078,1
962560,3
18919,2
76071,1
294848,3
542073,3
470902,3
961050,1
100891,1
955212,3
815169,3
327887,2
2038,3
150246,3
944995,1
291563,1
671910,2
1016001,2
499842,3
671501,2
95865,2
297138,3
808966,3
636026,2
865703,2
1018197,2
46098,2
209371,3
318118,1
764038,1
221559,3
955447,3
718313,2
926512,2
416499,3
667118,1
593589,2
884950,2
411820,1
572085,3
400981,2
227383,2
127069,3
880548,3
604814,1
904534,3
949375,2
954169,3
960690,3
364237,1
251673,1
292083,2
734155,3
288319,2
236856,1
984530,1
275063,2
626979,3
656713,3
507608,1
680901,2
789704,1
641974,1
116149,3
386256,3
595840,3
796873,3
654679,2
240070,1
290117,2
890928,1
643809,2
641931,3
498939,2
523747,2
602496,3
389078,3
80514,2
634491,2
948856,3
676182,2
595048,3
554126,1
365291,1
27003,3
356365,1
908426,3
142726,3
310311,2
519832,2
266557,2
934418,2
187700,2
901133,2
69823,2
1039604,3
522809,3
734333,3
1023186,3
195857,3
1000066,3
558427,2
67585,1
412654,2
798709,2
1039367,3
114812,2
917310,2
565917,3
978676,2
346056,3
268300,3
376366,1
159030,1
183283,1
876522,3
936935,1
1033682,2
1023492,2
950548,3
587671,2
778458,2
419349,2
973376,2
852321,1
430373,3
334276,1
677143,3
600480,3
940025,2
931489,3
662781,3
759525,3
577283,1
533308,2
951433,3
688885,1
608363,3
353059,3
386590,2
320496,3
22567,1
794670,1
969443,3
307193,2
935759,2
120254,3
82758,3
894259,1
797852,2
185867,2
56454,2
835272,2
960247,2
520689,2
981612,3
592089,2
835823,3
108879,3
155792,3
224947,2
836601,1
295182,3
1006837,2
913950,3
108765,1
529955,3
302644,3
259570,1
39834,3
1029091,1
708640,3
893077,3
753012,3
548932,2
775092,2
176355,2
1036925,3
679070,2
656226,2
16169,3
990539,3
821657,2
734322,1
573268,2
147941,3
221027,2
544057,1
424812,1
881838,2
922011,2
534540,1
105213,2
604354,3
285309,1
996624,2
514756,3
247988,2
330036,2
315885,1
429884,2
379349,2
614563,3
331829,2
573036,2
108214,1
357283,1
113620,1
1038262,3
737547,3
593881,1
1021848,2
456484,1
245947,3
885779,1
250742,2
659313,3
783114,3
276532,3
773610,2
274706,3
997182,3
950973,3
799036,3
738963,3
889085,2
460640,2
955989,3
791786,2
637038,3
317756,1
344164,2
642136,1
490191,2
815144,1
977969,2
768013,3
622603,2
467874,2
539780,2
286080,3
644678,2
767018,2
15315,2
732703,3
1013256,2
366462,2
436594,2
484208,1
681377,3
474232,3
322670,2
671210,3
507048,3
938434,2
588489,3
781963,3
7969,3
279385,2
706115,3
514413,2
733322,3
271964,2
283753,2
567058,1
98993,3
219987,2
702197,3
217968,2
9957,2
191953,2
440991,1
688562,3
84169,3
343601,1
919203,3
593303,3
461505,1
819488,2
995706,3
156295,3
160101,1
452551,3
360801,1
78243,2
355938,2
925577,2
607984,3
205395,2
95127,2
702119,2
503385,3
130186,3
482257,3
793942,1
1048795,2
1050363,2
220957,2
727281,1
131125,2
398628,1
123057,1
39150,3
306165,1
588536,3
131597,1
732324,3
889435,1
850713,1
456951,3
894808,2
353945,3
129924,3
434806,2
678917,1
271795,2
290254,3
160920,2
249267,1
690736,2
453092,3
153429,3
478876,3
934674,1
676941,3
484377,2
708303,2
852195,1
443650,2
53173,2
752309,3
155706,3
322931,3
826437,3
810389,2
753525,3
172099,2
31803,3
574776,3
263119,2
1015396,1
506556,3
154135,3
568159,3
978596,1
167935,3
235656,2
725254,3
824970,2
105077,3
366827,3
605274,3
611986,1
689969,2
887923,3
885696,3
129094,3
514154,2
33137,3
255397,2
241104,2
702657,2
330379,3
361930,1
488327,1
563360,1
161380,2
265120,1
340835,2
438638,3
774508,1
522028,2
306083,2
328331,3
342975,2
820150,2
258704,3
580876,2
447994,1
504616,2
154594,1
391757,3
1033287,2
743324,1
539383,3
794620,3
562939,2
213189,2
493542,1
91847,2
411673,1
8883,1
837699,3
125136,2
393345,3
944229,2
192715,3
200398,2
67318,3
575447,2
292099,2
837859,3
858629,3
690652,1
958051,2
537110,2
303288,1
702938,2
694477,3
422841,1
367178,3
816428,2
1023855,3
896506,2
91607,3
972918,3
698394,2
774405,3
938276,3
658404,1
425571,1
666260,3
241465,1
423998,2
231124,2
38194,2
667569,1
368886,2
404455,2
416854,3
331237,3
88477,2
947296,3
597880,1
47353,1
732184,3
877377,1
881387,3
105292,3
773490,3
455235,3
518061,3
757969,2
750393,3
935052,3
734134,2
405640,1
593755,2
814605,1
1026488,3
724682,3
652130,3
574035,2
418597,2
941287,2
434600,2
74316,1
463964,2
715603,2
396544,2
264123,2
288714,3
66623,2
867305,1
78204,1
437072,3
239960,3
680228,2
645711,1
370404,3
26033,1
633659,3
885029,2
994680,3
784748,3
12360,2
866339,3
103422,2
712664,2
1035729,2
1037452,3
471062,2
624930,2
4657,1
959303,3
808521,1
117900,3
874010,2
400285,1
259325,1
324127,2
550870,2
360490,2
998156,2
937383,1
257694,3
539122,3
469475,3
63668,3
176891,2
693520,3
489314,3
830622,1
747907,1
716606,3
902762,2
649770,2
154909,3
33613,2
743247,3
982835,3
428917,2
797726,1
134732,2
779248,3
807317,2
445705,3
73344,2
886510,3
566606,3
142744,3
337484,2
182076,1
295610,3
775694,1
233467,2
1048358,1
934707,2
647859,3
157313,3
151973,1
231502,3
794704,2
550897,3
290851,1
564980,3
13856,1
978160,3
981548,2
850404,3
869616,3
1007741,1
903382,2
359437,3
620884,2
345768,3
820852,2
956871,1
591465,3
374959,3
870747,3
1039380,2
783801,3
563005,3
754444,2
530988,3
443637,2
161248,2
981404,2
845035,2
438415,2
894630,2
479261,1
1011498,2
43304,1
354804,1
993336,1
435077,1
982231,1
67319,3
108170,2
164485,1
52381,2
655834,2
998638,1
665910,2
105461,2
592785,2
541393,3
225594,3
919828,3
429954,2
53426,2
151049,3
852383,1
981688,2
973179,2
74616,2
383732,2
630448,3
1050899,1
1008289,1
754117,3
836598,2
836133,2
266771,1
556402,3
18927,2
581451,2
855997,3
244777,3
944092,2
807865,2
460225,2
553508,1
492233,2
439390,3
162069,2
378761,2
356948,1
475687,3
92798,1
217753,3
567549,3
172371,2
973511,3
549469,3
262224,1
125417,2
301606,1
582044,2
248532,3
751010,1
935465,2
258236,3
574992,1
545764,3
561476,1
567342,3
1015019,2
816058,1
473031,2
677577,2
451801,2
527940,2
528190,3
318773,3
75634,2
479066,3
711308,2
116168,1
997445,3
885630,3
527968,1
930749,2
147329,2
840372,2
664890,3
672127,1
354369,1
507265,2
36262,3
161616,2
368083,3
351897,2
1013514,1
230205,1
154105,3
481262,1
304402,3
639478,3
259036,2
302469,2
259229,1
155991,3
115688,2
238606,1
975229,3
855698,3
55929,3
64014,1
47150,3
649192,2
257269,3
865596,3
96610,2
708937,2
124201,2
14992,2
952262,2
414217,1
717191,3
1018308,3
745628,3
43714,3
1023987,2
229359,3
414931,1
512334,3
315331,1
614583,3
857837,2
617476,3
308452,2
645705,1
811906,1
240389,3
219354,2
642907,1
235049,3
239073,3
541043,2
6057,2
710092,2
1044618,2
228286,3
678410,2
713519,1
149836,1
217423,2
26300,3
96933,1
923225,2
570399,1
870158,3
125948,3
155859,3
273447,3
99019,1
922836,3
522090,2
965050,3
368304,2
581042,1
1027802,2
40981,1
1014931,2
513421,2
923909,3
228186,1
792868,3
1040916,3
728808,3
163373,3
194516,3
698389,3
930732,3
1231,3
410671,2
544408,2
255180,3
350520,2
98823,3
829343,3
479379,3
326583,2
47691,3
277320,3
533732,2
854615,2
547186,3
247245,3
204868,3
517300,2
349103,1
299351,3
431597,2
797078,2
390886,3
780575,2
626309,2
877989,2
946097,1
2645,3
538125,2
195499,3
1033466,2
899316,2
741115,3
302741,2
544064,1
423542,3
273265,2
1043471,1
456084,2
394413,1
347534,3
311669,3
392281,2
871929,2
256926,3
38243,3
883640,3
398832,1
32861,3
222274,3
512272,2
997495,3
531951,2
1028775,2
23133,2
4458,2
832118,2
598331,2
749039,2
979475,2
717056,1
606230,3
548336,2
531060,3
367678,3
430144,2
226378,2
630854,2
888045,1
140301,2
999557,3
504325,1
282635,1
994761,2
487293,2
436395,2
683478,2
623078,3
1048972,2
363677,3
924883,2
133811,3
185666,2
775805,3
379729,2
3390,2
376733,3
773908,2
186686,2
915437,2
444934,1
582371,1
852174,2
242104,2
631166,3
1030492,2
494308,3
677170,2
966322,3
213090,2
860962,2
938321,2
648947,2
294327,3
612066,3
859820,2
479216,2
600949,3
778196,2
415476,3
928972,3
514824,3
671967,1
520229,1
686134,3
769454,3
264492,3
302697,2
782627,1
261789,3
873065,2
951668,2
518684,3
407997,1
16445,2
86961,3
740743,3
150400,2
860284,3
622017,2
852940,3
165967,2
590612,3
517208,3
819811,1
208890,3
420770,3
562892,2
880711,2
113827,2
562883,2
514173,3
1040376,2
276842,3
185622,2
631628,3
375643,2
830477,2
819140,3
218566,3
591954,1
889071,3
404493,2
387484,3
905269,2
989113,3
644231,1
392103,2
511750,3
668507,1
941603,1
16259,3
659479,1
299363,1
769028,2
388343,3
196207,2
862820,3
623208,2
871394,3
655858,3
788497,2
3510,2
781381,2
138723,2
122748,1
42270,3
99411,1
781872,1
140701,1
831603,2
81487,3
482729,2
712905,2
124429,2
380531,3
59015,1
756723,1
197049,2
485619,3
741145,3
293757,3
957913,3
441419,3
468078,3
779558,3
313000,2
364937,2
721090,1
550771,1
341978,1
812922,3
792963,2
846495,2
802943,3
582154,3
815569,3
257582,3
646668,3
890978,2
448729,3
358837,3
638357,3
15103,3
641148,3
635508,1
644524,2
24333,1
220152,2
275111,1
634229,3
63322,1
171627,3
995398,3
705497,2
75108,3
563485,2
175000,3
778024,3
478069,3
507298,2
168977,3
175384,2
486508,3
790215,2
600482,3
610673,2
487926,2
332093,3
397976,3
57857,3
996491,3
883539,2
267690,3
374188,1
263460,1
1012872,2
200813,3
580169,1
962322,3
413884,2
48140,3
193461,3
48773,3
622353,1
887587,2
851046,2
326280,3
623139,1
44788,2
971646,3
153980,2
324765,2
971149,3
998907,3
895340,2
955779,3
642420,2
417725,1
448121,2
237394,3
1043572,3
972704,3
768748,2
566881,3
854418,2
800910,2
1020113,3
955152,2
519992,2
167555,3
615105,3
240221,2
320009,3
131351,2
531494,2
526109,3
394291,2
674506,1
29846,2
594509,2
7116,1
1020436,1
567626,3
225900,2
396059,2
149872,3
466693,2
378334,2
313448,2
427587,2
205680,2
401407,2
479506,2
1038315,1
773416,3
737271,2
77135,2
606425,3
117179,2
203100,2
485774,3
971421,1
518180,1
137030,1
906579,3
258019,1
594736,2
766996,1
976654,1
906501,3
295764,1
934022,3
647550,3
1034089,1
954270,2
147623,3
175838,2
142002,2
1038334,2
1007645,3
502939,2
632588,3
527959,2
630054,2
985292,2
615499,2
177597,3
308288,3
117451,2
535741,2
108541,2
340210,3
844815,1
451298,2
755927,2
518080,3
283293,1
861517,2
614990,3
65963,3
372987,1
275481,1
14693,3
436731,2
875966,1
834150,2
472760,3
633087,1
518674,1
552323,2
862381,2
690646,1
736158,2
289858,3
667413,2
975990,2
121271,1
194178,3
1038132,3
752852,1
747099,1
397576,3
684189,3
82723,3
755033,2
852150,2
948636,3
833734,1
218454,3
619061,2
524477,3
130453,3
913113,2
46622,3
702403,2
469784,3
320086,2
929277,3
171612,1
34239,1
402218,3
902900,2
881764,3
203066,1
334173,3
530369,2
864333,3
270485,1
250530,3
296135,2
507712,2
429771,3
608036,3
601185,2
527085,2
147259,3
189179,3
878959,1
769347,3
882510,3
172883,2
625331,2
593166,1
338349,3
1009444,3
93097,2
315449,2
429208,3
695352,2
5493,3
164437,3
384066,1
255237,3
686923,3
483169,1
324927,2
130996,3
886498,2
335344,2
53770,3
547527,1
568389,3
58781,2
276362,3
799889,3
1019822,2
758570,1
679337,3
696505,2
181527,1
738806,3
337327,1
180286,2
742780,2
898668,3
86295,2
603750,3
116003,1
606928,3
471870,3
275621,2
589093,1
453203,3
983073,3
417533,2
763926,1
428789,2
538382,3
1004706,1
583769,3
866521,3
779458,3
117639,1
226397,1
864365,1
578474,1
771385,3
1036517,3
451558,2
919029,1
471013,1
77881,2
82477,1
190715,2
235500,3
268221,3
282795,2
357153,2
551124,3
718689,1
252854,2
870928,1
638793,3
917663,3
35597,2
839692,3
41959,3
902755,3
712983,2
453077,3
479202,2
599463,3
61427,3
707979,2
173731,1
578466,2
342659,3
673835,3
498523,3
725460,2
580743,3
215574,1
591330,2
1022548,3
477869,3
966807,3
982760,1
221772,2
697750,2
583781,3
850517,3
509205,3
77461,2
376739,2
831789,2
302979,1
532435,1
68158,1
887518,3
1001279,2
866302,3
514308,2
901732,3
617662,2
494610,3
467246,2
865756,1
773380,1
401470,3
912130,2
96245,3
425701,1
44519,1
696984,3
1041364,2
340104,2
86885,3
366594,2
365537,2
266647,2
115366,3
94054,3
816332,1
1052221,3
52911,2
790818,3
522948,2
454447,3
917465,1
188875,2
803264,2
291715,3
514059,3
421358,3
58324,2
762066,2
319648,2
558908,3
727681,3
45081,3
878141,2
482701,3
497150,2
387810,3
8050,2
772272,2
902643,2
656177,2
124334,2
222769,3
418279,3
371444,3
1025661,2
1042393,2
746262,2
939065,1
351501,2
778377,3
572944,3
1018036,2
944360,3
83024,1
1030438,3
526323,2
45962,2
9725,3
399507,3
488515,2
843186,1
681699,2
950753,1
223469,2
313901,3
909878,3
501688,1
87251,2
443195,3
341388,2
442404,1
683988,1
768099,2
663237,3
314975,3
859164,1
576173,2
275179,3
923663,3
832857,2
547935,2
363635,2
783162,2
353477,3
218720,3
725383,3
163153,3
31003,3
142313,3
715588,2
566016,3
893637,2
1046190,3
722458,3
297876,1
805376,1
921924,3
256791,1
484438,2
792952,1
759166,3
165527,3
538488,3
895563,3
393674,3
611972,2
827530,3
241756,2
469755,2
27426,1
628228,3
875183,2
794234,2
522845,3
813981,3
227190,3
997686,1
188177,1
470997,1
901049,3
710566,3
506392,3
309047,2
773540,2
69150,3
890854,3
942028,2
25402,2
655477,1
344821,3
119554,2
191459,2
75202,2
311850,3
152115,2
205168,2
326528,2
380592,3
676323,3
904038,3
473619,2
999417,2
853655,1
1010196,2
111641,2
696421,2
346993,1
322562,2
331764,3
490274,2
529979,3
978994,2
884575,3
621267,3
19126,2
167038,3
176726,3
240691,3
764079,3
903438,1
1023273,2
582957,1
603283,3
1043452,1
160856,2
654618,3
916572,3
652628,2
881661,1
427849,2
672206,3
838852,1
120883,2
580845,3
403720,3
1027898,2
385509,2
325214,2
885567,1
979312,2
716250,3
524556,2
283310,2
713693,3
357160,3
7798,1
585836,2
306118,3
909416,3
263031,3
189911,2
62916,3
290904,3
214358,2
785714,3
410854,2
720062,3
38496,3
300022,3
690157,3
252375,2
6920,3
648198,2
715247,2
56568,3
3033,2
290003,2
812474,3
437155,2
315834,3
321355,3
830326,3
932705,3
49551,1
385319,2
166262,3
435561,3
86227,2
164635,3
153043,3
735556,3
351564,3
1013530,2
995508,3
944,3
468603,3
755195,3
621613,2
825766,3
16241,2
879482,2
30079,3
10342,1
128478,3
186295,2
913324,3
786327,3
401416,2
445555,3
62640,2
236836,2
980810,1
650213,3
626074,2
185614,3
27179,3
91969,1
46365,3
1047095,2
704533,3
624612,3
854231,2
388237,3
583595,1
291214,3
856229,3
101406,2
710270,1
957894,1
562372,1
215828,3
271450,2
897620,3
849254,2
637244,2
453744,2
761821,2
603654,2
452260,1
150399,3
252577,3
618371,3
573111,2
398991,3
512409,3
257102,1
741270,1
116275,2
408888,2
754614,2
753968,2
528186,2
405412,3
331502,2
178874,3
26536,3
96513,2
212820,3
926337,1
368838,3
167250,3
309272,1
345841,2
709665,2
544076,2
813376,3
240978,3
1047933,2
445665,1
661392,1
618184,3
85669,3
790856,3
273211,3
765442,3
78481,3
258666,3
436381,1
775753,2
949638,1
1671,3
530357,1
428346,3
522886,3
497023,2
851781,2
812175,2
683994,3
21298,1
416375,1
187605,2
177806,2
5893,2
759573,2
871215,2
843938,2
94946,1
613662,2
360132,3
525249,3
791789,2
424146,1
255639,1
541078,1
439215,3
936974,1
900724,3
80956,3
756705,3
211351,2
676334,2
1013072,2
1020608,3
930332,1
227174,3
136293,1
298235,2
762690,2
389884,2
1021355,2
786273,3
776066,3
624759,3
168737,3
892257,2
180636,3
314763,2
868509,3
166017,2
721361,3
76425,2
93190,1
936184,2
746354,3
149656,3
363820,2
843251,3
494037,3
868380,2
938723,3
664770,3
1051324,3
441401,3
308630,1
21561,3
324631,3
137718,2
875853,3
398864,3
919611,2
763961,1
972175,1
73196,2
152996,1
670328,3
710275,1
344104,3
726240,2
905257,3
75810,1
1005090,3
191506,2
798571,2
434394,2
943440,2
479397,2
112754,3
878147,3
794153,2
984913,2
1018770,3
428850,2
445783,2
520582,3
150702,2
196982,2
716268,2
493590,3
49101,3
948935,1
704314,3
51620,2
853218,3
394417,3
637279,2
1019430,3
315760,2
931202,1
96955,3
371380,2
901002,2
741581,3
35124,3
482122,3
82461,2
831383,2
13699,3
908782,2
772428,1
725567,2
938801,1
891036,3
384384,3
94318,1
795029,2
966551,2
462875,3
496670,1
717955,2
818683,1
995716,1
1048001,1
696364,2
847256,3
748709,3
780807,3
957667,2
134510,2
24191,2
879207,3
1025430,3
735866,2
931712,3
280156,3
808906,1
716877,2
666901,3
666664,1
662783,3
1002799,1
569551,2
457484,3
684983,2
275433,3
624859,2
513166,3
457940,3
723029,2
234968,3
499628,2
625424,2
356271,3
472544,3
190533,3
987057,3
776322,2
881605,2
575858,2
72747,1
553616,2
700908,2
655145,1
434894,2
350326,3
378869,3
366135,3
232868,3
188182,2
746718,3
278071,2
894664,2
485593,2
64039,1
91587,3
362513,2
223086,2
309145,3
488177,2
289442,3
745624,2
377027,3
602176,2
202132,2
33584,2
782126,2
302817,3
792597,1
443281,2
450898,1
1012050,2
964376,3
957665,2
355791,2
682035,3
326422,3
790362,3
513688,2
791224,2
132870,2
494203,3
351937,1
677859,3
507108,3
335825,2
878032,3
773830,3
707270,3
150308,3
807255,2
802147,1
243422,2
308098,3
172901,2
562250,3
880222,1
323337,3
944513,2
582695,2
675122,2
857518,3
536621,3
725225,1
726895,2
282538,2
920797,3
446507,3
182491,2
735742,3
644343,3
980533,1
599327,3
710039,2
860363,3
247706,3
355824,2
298329,2
401831,2
920357,2
288775,1
822641,3
585438,2
442016,1
674956,2
738325,3
638700,3
940279,3
88764,3
4699,2
534124,1
484780,1
979082,1
703965,3
355737,2
502059,3
677408,1
54344,2
440128,2
285141,3
197326,3
255170,2
570471,3
557177,3
942236,3
790335,2
64289,1
766020,1
269123,2
179682,3
496617,3
808691,3
323911,1
356175,2
719210,3
951696,2
437835,2
241312,1
1051736,2
69281,3
598391,3
158841,3
868089,2
618915,3
1003157,1
256371,2
770584,2
865190,2
886257,2
537592,2
788132,2
781629,3
1020652,2
46344,1
520686,2
36942,1
528095,2
51725,3
1045770,3
525342,3
79623,3
315546,2
431044,3
801615,1
736665,2
183200,3
671605,2
749460,2
818567,3
82989,1
720740,2
712807,3
279526,2
283175,3
443735,3
617010,3
207415,1
565120,2
773512,3
551265,2
1012925,3
410271,2
81072,2
422032,2
551477,2
748717,2
498980,2
944466,1
322050,3
28383,2
418847,1
466025,3
1017369,2
541982,2
562703,3
179192,3
701287,3
838679,1
148182,2
822525,2
216651,2
379447,3
181249,3
413375,2
106122,3
149284,3
519415,1
558089,3
608184,3
413606,2
447179,3
1048149,3
264794,1
942545,2
369942,1
1025030,3
41779,1
10154,2
689301,2
236151,3
179160,3
409200,2
13904,3
79129,3
726132,3
411858,3
188067,1
405724,3
1019965,3
597436,2
224153,2
149506,3
92599,3
764863,2
205000,2
595477,3
960332,2
693792,3
233440,2
849072,3
837885,3
207122,2
346431,2
313911,2
272429,3
375257,2
762099,2
806909,2
889889,2
306197,2
1042610,2
378955,2
189667,3
163192,3
890605,3
392552,2
26470,1
547891,2
282143,2
223384,3
743439,2
587753,3
110821,3
420550,2
879778,2
985198,3
293130,3
110189,2
390941,3
113187,2
1008209,2
431558,1
566483,1
964844,2
212970,3
419677,1
66991,2
894096,3
684598,3
228630,3
365022,3
301464,1
357598,3
691870,3
989804,1
885503,3
140084,2
65960,3
234614,2
467990,3
907085,2
79702,3
1027490,2
612092,2
509257,3
587103,3
18904,3
638075,2
188653,3
906810,2
336671,2
484196,3
392514,2
27075,3
1028958,3
797975,2
1037557,2
1008002,1
516454,2
226674,3
785601,2
58528,3
73683,2
570370,3
954747,3
467796,3
977725,3
965177,2
366725,2
169751,3
845394,3
976130,2
686253,2
938041,3
308191,2
89311,2
631759,3
999876,2
149071,1
942309,2
1389,2
9241,1
879434,3
722321,3
705053,3
88519,2
1021484,1
922195,3
52168,3
993726,2
488469,2
257330,2
827533,3
432224,3
430913,3
654421,3
77979,2
995229,3
632559,1
893900,3
618464,2
569269,1
132376,3
1031999,1
224000,1
336822,2
593442,1
871581,2
291442,2
869954,2
17554,3
71210,2
849644,2
679257,3
616424,2
510062,3
393020,2
581622,2
309097,2
937720,3
315641,1
1000062,2
479481,3
870819,1
522215,2
195270,1
988728,2
991952,2
544829,3
826517,2
51127,3
770356,2
908107,2
735182,3
279836,3
652115,3
520611,2
214837,2
35921,3
263015,2
42324,3
351907,3
895459,1
236912,2
109641,2
145330,2
1002490,1
560797,3
345839,1
336356,3
678045,3
39239,3
559386,2
132690,2
246729,2
327478,1
957647,2
649855,2
629294,2
529915,2
558689,3
46282,2
674133,1
567706,1
660026,3
448112,2
443725,2
214028,2
48430,3
913555,3
401649,3
531033,1
630413,1
235443,2
1022543,1
1035918,2
372294,1
86369,3
406697,3
550239,3
521706,2
824751,1
659562,2
980401,2
1016666,1
570686,3
792058,2
435300,2
581789,2
725428,2
695745,1
242309,3
1030887,3
134768,3
56892,3
927956,3
935209,2
80993,1
1013679,1
806704,2
906224,3
708265,2
960873,2
454480,2
627399,2
943720,1
754740,3
509031,3
891549,2
403144,1
656549,3
483439,2
429648,2
268004,1
33192,2
561626,3
618057,1
59491,1
662595,2
725914,2
608175,3
131768,3
388076,2
875249,3
789106,2
551166,3
1050688,1
624989,2
370040,1
773615,3
190118,3
187870,1
860185,3
505667,3
807304,2
147381,2
800623,2
535932,3
286556,2
346609,2
559997,3
242289,3
230783,3
421022,2
928083,3
126030,1
810766,3
337051,2
47075,3
499607,3
742025,2
128944,1
646196,3
586038,2
597504,3
838953,2
244541,2
15854,1
104284,3
83012,3
649641,2
992073,1
418848,3
619594,3
687254,3
1015720,2
203570,3
173434,2
460796,2
191478,2
821416,3
829677,2
526868,2
537764,1
842728,1
572929,1
633111,1
860633,2
156448,3
803174,2
875701,3
812827,1
425206,3
937650,3
168279,2
766213,2
60095,3
789151,3
1041670,1
328871,2
342931,3
310434,1
683689,1
402846,3
635378,3
448519,2
887626,2
316059,3
119966,3
303792,2
901130,3
892018,3
1028914,3
954940,3
30954,1
1006037,3
880666,2
886377,3
826890,3
887860,3
666234,3
182730,1
680061,3
768232,3
594016,2
421482,2
732460,2
21518,2
650452,3
739274,3
666767,1
968023,2
582322,3
547416,3
1021817,3
609479,2
622340,2
938329,2
447146,2
845360,3
166289,1
50440,1
490516,3
957227,2
537867,2
362316,2
323057,3
456097,3
854473,3
491977,3
433095,3
499230,2
722200,3
187668,1
1034300,2
609963,3
1015867,2
500517,2
62173,3
956738,2
950793,3
1010938,1
49628,2
112364,3
52692,2
162973,2
689707,2
858299,3
766183,1
878224,3
302951,2
748918,2
286917,3
364986,3
536108,3
286,3
654685,2
902068,2
732551,2
319463,2
161852,2
96185,2
343205,1
784150,3
470121,3
80611,3
436110,3
790305,1
921885,3
251286,3
790557,2
257354,2
813097,2
487551,3
654963,2
45689,2
228957,3
166646,2
148278,3
738164,2
87674,2
903299,2
590425,2
275050,3
580682,3
353171,3
686625,2
9196,2
531449,1
178361,2
592445,1
765204,2
197124,3
490857,3
159425,1
434687,2
48067,3
413691,1
587936,2
966794,1
1044239,2
382206,2
690371,3
22714,3
970304,2
587133,1
188473,2
906504,2
669078,1
1017791,2
816644,3
108032,3
593699,2
843055,3
322000,2
259421,2
943166,3
673418,2
737016,2
176108,1
564157,3
315838,1
134835,2
530533,2
889106,3
853616,2
538305,3
724066,3
167780,3
777050,2
642932,3
961057,3
539192,2
714545,2
261039,3
173010,3
365872,3
446178,2
900685,3
887277,3
356280,3
283667,1
974929,1
421797,3
909955,2
624069,2
526965,1
150721,1
867450,3
57620,3
737018,1
147477,3
376531,2
912369,2
814671,2
849580,3
556608,2
88120,3
980946,2
116771,3
365133,2
798422,3
657839,1
285311,3
774851,3
904876,2
196872,2
665602,1
729799,2
21080,3
204480,1
907425,2
96597,3
108953,2
715246,1
740075,2
471121,3
64731,2
140454,3
65628,1
517094,3
409030,1
388808,1
801604,3
477362,2
65248,3
192671,2
321312,2
239174,2
284054,3
972780,3
230692,2
798031,3
1034925,3
113793,1
386629,2
248466,3
739658,2
425210,1
846341,2
975761,2
1000667,3
1024868,2
858651,1
857229,3
36112,1
520235,3
524546,2
21842,1
188776,1
430105,2
857821,2
283576,3
417841,3
901671,3
307401,3
796832,3
305069,1
445470,3
760629,3
988760,3
7366,2
190019,3
970842,2
519930,2
695075,2
223462,1
625489,2
527943,2
661987,3
744989,3
82897,3
232404,2
585401,2
931156,2
460998,3
731414,2
552879,2
265390,3
587657,2
118243,2
686459,3
359725,2
597124,2
347152,2
638076,3
968847,3
680969,3
290651,1
61375,3
994385,2
732521,3
326158,1
1012902,3
659324,3
579331,3
251023,1
526639,2
727498,2
774764,1
427210,2
636562,3
997218,2
241007,2
458958,2
580262,1
141768,3
600924,3
880217,2
948543,3
605264,2
870828,2
160568,2
576126,3
146773,3
1020374,1
521856,3
491877,1
284608,1
817020,3
891514,2
591439,2
874522,3
463811,1
795470,2
393456,3
246864,2
812988,3
249685,1
55906,2
1035979,3
725676,3
881231,1
961700,2
396616,3
376494,3
843408,2
190534,1
659484,3
912609,3
849079,3
385311,1
763699,3
537742,3
306587,2
624349,1
116393,3
72698,3
977109,3
567210,2
347651,3
368497,3
910282,3
587548,1
701732,2
833673,3
80943,3
265640,2
915086,3
24448,3
554867,3
733152,2
298035,1
903818,2
652753,2
1050458,3
580953,3
40753,2
940621,3
84334,1
304979,3
201942,2
704235,1
102514,1
750207,1
126660,2
249082,2
462116,3
964219,3
512625,3
256527,3
189963,3
835659,3
611841,3
536216,1
148725,2
914498,2
418727,2
286485,3
127038,3
510989,1
989271,3
365567,3
14156,3
121850,3
497123,1
380668,2
340544,3
722167,2
946530,3
613627,2
214401,2
926755,3
761044,1
120521,3
117866,1
462730,3
54810,2
813073,2
722047,3
141437,3
28816,3
327739,3
679384,3
448385,1
908784,2
581740,3
452355,2
23952,2
731908,3
74622,3
187576,3
832535,2
309210,2
65693,2
499722,2
798583,3
620179,2
915785,3
412359,2
865128,3
389447,2
505372,3
855569,1
544713,1
514091,3
461977,3
559236,2
869838,2
370608,2
934507,2
1032384,2
184004,3
169321,3
374845,1
798310,1
419989,1
916743,3
471981,2
570634,3
393152,2
652843,3
570696,3
682019,3
531378,2
5776,1
854501,1
62125,1
750903,3
189634,1
951105,2
151247,2
55819,3
475260,2
218559,3
590972,2
521777,3
407161,1
560864,3
435712,1
852215,3
2687,2
841585,3
161204,2
990493,3
573769,3
648394,2
743150,2
37637,2
41860,2
458414,2
88096,1
142233,2
974110,2
446755,2
321704,3
497646,2
61527,2
98730,2
1046896,2
609155,3
159452,1
467736,3
141467,3
514917,1
1014478,2
501006,3
633231,3
908145,2
545687,3
762179,2
682218,3
1004171,2
24883,1
61403,1
736481,2
204340,3
744021,2
647980,3
947975,3
1047679,2
839237,3
613447,3
1009293,3
795550,1
1006046,2
415317,2
666711,2
51400,3
653696,3
836277,2
148547,1
438669,2
976774,3
993016,2
783774,1
43497,3
114758,3
704045,1
916622,1
818342,1
237029,1
1003513,3
656184,3
275821,3
355798,2
250731,1
59949,3
58292,3
999569,3
970152,2
967006,2
641091,2
458398,3
580724,1
914585,3
218535,2
276729,2
968900,2
170373,1
570966,1
871170,2
725578,2
88375,2
399381,3
427248,3
1041830,1
581135,3
1021739,2
269808,2
612500,3
530929,2
913407,1
996362,3
375299,3
1018006,2
536086,3
881962,1
4773,1
37547,1
530480,2
461127,3
661326,3
702435,2
198967,1
89190,2
1039529,2
63697,2
1038378,2
820747,3
872949,3
497025,2
321843,1
157976,2
301770,2
51331,2
1006836,3
252108,3
815910,2
677405,2
752830,2
941906,2
920255,2
1007250,3
410665,1
390089,3
7746,1
218301,3
670401,2
633861,3
955983,2
250620,2
213645,3
432781,2
752181,3
557973,3
890523,1
45138,2
239134,3
334445,3
851621,2
505601,2
420596,2
344256,1
327685,2
737671,2
455370,2
642274,2
476859,3
967210,3
789537,3
412,3
123943,3
291216,2
973888,2
536928,1
216930,3
74798,3
1011972,2
1035616,1
81822,3
325305,2
613789,3
805934,2
1030002,2
883175,2
71296,2
834878,3
909574,3
793146,2
487320,1
658051,3
887900,3
871689,1
443909,2
185003,3
741880,1
730193,2
862444,3
523813,3
751949,1
946939,2
109986,2
747611,2
1020945,3
981977,3
669809,2
522256,2
79704,1
417981,1
23788,3
60947,1
82699,2
807325,3
812727,3
760783,2
285072,3
25151,3
757061,3
714139,3
448528,1
34413,2
414570,3
14856,1
592157,1
361777,2
680081,1
830510,3
138862,3
272367,3
15361,2
579551,1
456612,3
507272,3
323766,3
656424,3
336026,2
772120,2
647831,1
1030537,3
777868,1
699336,2
574553,1
911043,1
751271,3
53564,1
19250,1
281669,2
627318,1
127182,3
222847,3
99198,1
972448,3
817067,2
682521,3
535921,3
578789,2
479886,3
792402,2
276359,3
892326,2
714977,1
710374,2
99965,3
217974,2
692981,3
751711,3
175478,3
455167,2
686001,3
219676,3
233093,2
59540,3
523337,1
712083,2
613507,2
519477,3
258474,1
669756,3
833453,3
810896,3
392034,3
803210,1
409819,3
662796,3
418978,2
285855,2
488342,2
842690,3
968317,2
767529,2
334268,3
380203,3
538102,1
267217,2
163087,1
889036,2
279093,3
493299,2
468877,1
18278,3
655448,3
197533,2
186536,1
326576,3
653361,1
272370,1
242691,1
843177,2
436903,3
242775,3
330897,2
7735,2
244691,3
690651,1
1003744,2
182177,1
395122,2
442502,2
469456,1
548219,3
142968,3
423189,3
775589,1
592009,3
651497,2
853291,3
37391,2
331705,3
86278,3
742929,3
338490,2
14464,2
3848,3
845308,2
874755,3
72314,3
918173,2
799107,2
418845,2
250425,2
242578,3
322240,3
757838,3
456350,2
815442,2
217814,3
784090,2
808992,3
92874,3
534957,1
204490,2
708510,2
285575,3
59436,3
403584,3
316577,2
405082,3
158187,1
800601,1
157300,2
591877,1
10055,2
492539,2
679735,3
809822,2
574286,2
547996,2
240859,3
146615,1
558755,3
403166,3
359258,2
716595,3
602168,3
300952,2
361699,2
124123,1
734844,1
841567,2
61402,2
742409,2
962962,3
907273,3
1012259,2
507153,3
1048990,3
383697,1
717157,3
603219,2
811466,2
44741,1
958656,3
539408,2
395944,1
1024556,3
978353,3
997517,2
846324,1
271545,2
267272,3
849880,2
98169,1
29871,3
769711,3
333169,2
790363,2
951075,3
698791,3
16307,1
994494,1
996907,3
247922,2
559353,2
562809,2
173145,3
349878,2
377896,3
449930,2
810603,3
829269,1
301088,1
883255,3
121270,1
213508,2
940969,1
978929,1
358302,2
585631,3
681958,1
295844,2
684238,3
910126,2
1011248,2
924155,2
877741,3
572043,3
468473,2
744995,1
276294,2
405556,3
708637,2
249768,3
47082,1
654891,3
415828,3
488608,2
371480,2
238963,3
132072,2
832851,3
172987,2
328125,3
422457,2
124618,1
435507,3
444657,2
374813,3
367021,2
484875,1
327450,2
714919,3
1025608,2
446385,1
484512,1
144117,2
22825,3
518326,3
466078,3
302668,3
654093,2
737332,3
633060,3
221541,3
462845,2
615695,3
493844,2
509628,2
357450,3
933893,2
887098,3
878764,1
626526,2
209916,2
491654,2
642088,3
82674,2
1050839,2
307052,1
84965,3
448752,2
40273,2
296791,1
7151,3
840710,1
345482,1
526091,3
1033918,1
870538,2
830974,2
662400,3
95767,2
933061,2
544980,2
802231,2
867699,3
496307,3
782673,3
174417,3
142136,3
926060,2
47610,3
920095,3
831657,2
711951,2
651777,1
605283,1
90844,3
917041,2
7475,2
521060,3
367225,3
872160,1
791634,2
105819,1
874004,3
49326,1
793096,2
178093,2
275330,3
823650,3
494845,2
1023321,1
126447,3
138451,2
72523,3
500003,3
758323,2
326050,2
941005,2
760536,2
443663,2
1004248,3
903102,2
991966,1
448869,2
702914,2
876873,3
1033988,2
547734,3
1009186,1
223866,1
1043764,1
1016806,3
962547,2
1033248,2
449775,3
714106,2
53195,2
806054,2
173566,2
456528,3
256139,1
872603,3
936442,2
618402,2
495598,3
405664,1
328197,3
969922,1
212018,1
375238,1
336507,3
967935,3
36067,2
879789,3
442772,2
7498,3
974710,3
1029066,3
442841,2
576142,3
757157,3
553349,2
898902,3
356247,2
460291,3
374703,2
918513,3
682350,3
463688,3
143622,2
734086,1
898334,2
1026105,3
622758,3
215131,2
788368,3
265287,3
799798,3
660706,2
798247,2
387016,3
95112,2
735692,2
475604,3
749741,3
449177,2
10455,3
153466,1
993267,2
1041119,3
952526,3
688530,1
56038,3
384403,3
601295,2
522735,3
620570,3
668978,3
53395,2
359900,2
661652,3
380821,2
1044642,3
344553,3
94889,1
459220,3
793248,3
884202,1
754115,2
104430,2
464872,3
578123,1
672101,3
969147,3
166712,3
789808,2
510290,3
247840,1
741157,2
226406,3
859104,2
597197,3
935237,3
575527,2
103706,1
364340,2
808440,3
470519,2
211268,2
529731,2
97320,2
61432,3
767570,1
661156,1
107314,3
119445,1
832248,3
12973,2
492963,3
807956,3
940258,2
164019,2
254859,3
737963,3
570973,1
687915,1
268097,1
820525,2
67379,3
448285,3
331442,3
393506,1
495373,2
761503,2
223016,1
969629,3
642731,3
554527,1
868362,3
302091,1
662613,3
564318,3
844681,3
1003175,1
228918,3
11091,3
525418,2
414724,3
322272,3
959290,2
549643,2
1038531,2
61179,2
310062,2
553220,3
666912,2
906890,2
639163,3
293523,2
857702,2
1002495,1
185007,3
92671,3
449762,3
143191,2
762436,3
52152,2
531496,1
461441,3
813456,2
953102,3
889290,2
241657,1
625176,1
849136,2
1008990,3
419888,3
689068,2
609631,3
1031551,2
42853,1
938288,3
652673,2
53892,3
430250,1
539424,2
43962,3
886046,3
415431,2
781520,2
227020,2
381645,3
208386,2
958652,3
994069,1
308254,1
441918,2
74719,3
910630,3
809085,2
465361,2
381780,1
515840,2
547107,1
121122,1
24144,3
57321,2
617175,1
98700,2
941682,3
446886,2
507883,3
669784,3
843332,2
903534,3
589867,2
104270,3
690301,2
856256,3
212678,3
250091,3
638008,2
37890,2
148082,1
831223,2
333344,1
258004,1
1034435,1
947309,1
577200,1
7271,2
196666,2
751293,2
724740,1
638516,1
147127,2
511103,2
450586,2
6062,3
747443,2
140050,3
645349,3
657173,1
916949,2
329812,1
583347,3
656753,2
776888,3
827563,3
541272,3
916026,2
608660,2
190761,1
960087,3
396920,2
612521,2
709854,2
743363,3
817239,3
953659,2
278102,1
191260,1
922486,3
626792,2
593623,3
509891,1
972761,1
466342,1
95504,3
348893,2
155084,3
381005,3
948294,3
924618,3
743469,1
435512,3
945789,3
260787,3
638833,2
730549,3
402957,2
1052111,2
860229,2
984831,2
1021188,2
182825,2
759665,2
735110,2
953094,3
309475,3
510002,3
953965,2
1023402,1
295680,2
792471,2
91448,2
1033780,1
917420,2
273871,1
410123,3
301475,2
901028,1
565090,2
653551,3
595394,2
576486,3
720542,3
103538,1
30306,1
223943,3
2699,1
467925,2
910216,3
764669,1
222730,3
419881,2
884772,2
670856,3
219534,3
1002295,3
407056,2
343380,3
1050372,2
481991,1
899876,2
364576,2
470113,2
592032,2
910645,3
522204,3
144656,3
818987,2
273083,2
878253,1
546620,2
701510,2
621217,2
74337,1
251605,3
564075,1
352104,3
1009879,3
394250,2
1026613,3
730662,1
65156,3
431772,1
489868,3
74737,3
500706,3
62208,2
575421,2
339856,2
545648,2
388601,1
45656,3
944516,2
497846,3
1051896,1
757051,2
497227,2
62492,3
828952,2
934782,2
113618,2
799548,2
151731,2
486470,3
38522,2
780452,1
88852,1
409855,1
538387,3
1032245,2
298741,3
687660,2
1042907,2
70818,2
452716,2
81731,2
108560,2
291469,1
517808,2
815577,2
871574,2
128483,3
661671,3
233588,3
1040017,3
491467,2
874255,3
739994,3
262317,1
267399,3
165634,2
327069,2
941730,2
992777,3
585837,3
204498,3
257379,1
23473,1
13701,3
755593,3
723620,3
462340,3
397607,2
1008853,2
777294,3
95678,2
319427,3
817226,2
790741,3
446719,1
775819,3
21467,3
907876,1
629502,2
283261,1
899117,2
155217,3
410750,2
567328,2
756808,1
186460,2
1041818,2
622680,1
270027,1
1047782,2
486406,2
902738,3
105696,3
197860,1
63844,2
671586,2
718765,2
690055,2
733899,2
579118,3
588551,3
817465,3
462852,2
421966,2
898441,3
481643,2
1034349,2
1027604,1
369432,1
551126,2
84563,3
652469,2
844383,2
360632,1
218807,3
305116,3
210709,2
175908,2
203359,3
785260,3
767370,1
164731,2
414089,3
482555,3
244501,3
196387,3
150072,1
154019,1
663888,2
883009,2
519685,2
330333,2
466629,2
389664,3
156855,1
86150,1
194278,2
173807,1
374201,3
125062,3
691238,2
404278,1
861928,3
998544,3
243922,2
22789,2
178013,3
129605,3
507623,2
354424,2
645960,2
305362,2
688424,3
1001001,2
380779,3
947340,3
166163,2
156337,2
421818,3
303660,3
324395,2
197105,3
619493,3
22830,3
327278,3
54802,3
837273,1
57140,3
229777,3
679648,1
510791,2
1037608,2
598216,3
1023722,1
442632,2
921468,3
452839,2
1046672,1
487457,2
793071,2
657575,2
283418,2
874218,1
124551,3
380694,2
403832,3
562143,1
975944,2
363285,3
933514,1
97201,3
808733,3
913312,2
825199,3
725831,3
149517,2
137978,3
134232,3
870135,1
269409,3
689309,1
190420,2
31843,3
472119,2
47722,2
204094,3
804506,3
1015128,1
1017038,1
260971,2
854357,3
147847,1
491049,3
259297,1
649515,2
303207,2
144737,2
145105,1
891388,3
814486,3
975091,3
491387,3
933922,3
395473,3
237636,3
228796,1
696886,3
142745,3
145898,1
1009359,3
703207,3
358584,2
155408,2
613517,2
523653,3
461856,2
976752,3
910912,2
671153,2
421548,3
932902,3
578697,2
762833,1
553513,3
418715,2
566221,3
390663,3
806371,3
540100,2
197324,3
536755,3
799834,3
903747,2
803046,1
89987,1
883898,3
971275,3
95593,2
296797,1
108488,3
157293,3
245313,1
698821,2
950847,2
893476,2
402480,3
353222,3
460807,3
892232,2
925697,2
849952,2
92073,3
411532,1
277973,1
893049,1
132103,1
412094,2
852362,1
344178,2
851175,3
191532,2
488772,3
877282,3
987448,2
574412,3
262465,3
737685,1
75278,2
213996,2
557452,3
890453,3
722643,3
943542,3
442066,3
663373,1
440941,3
984899,1
684076,3
611904,1
677012,3
409498,2
442582,2
36785,2
875913,3
36082,1
714753,2
89126,2
234822,1
310713,3
249009,3
809397,3
64881,3
343343,3
82081,2
889315,2
225814,2
17069,2
474375,2
197723,3
460460,2
747038,2
517147,2
101988,3
731263,2
964899,1
427991,3
187322,2
80517,3
89351,1
868681,3
190643,3
763680,2
866152,3
656437,3
672814,2
637722,2
739080,3
549562,2
269017,3
621602,3
634639,2
163078,3
740171,2
872468,2
775294,2
481368,3
837234,3
249003,1
474327,3
969648,3
558613,2
283529,3
392758,3
735952,1
889615,3
644875,3
193410,3
994184,1
966270,2
824304,3
25238,2
1038674,3
340753,3
901051,2
443398,2
118967,3
447856,2
69376,3
665539,3
546235,3
363630,3
321502,1
742290,3
391934,2
985244,2
904246,2
366973,2
196079,3
534764,3
158596,2
564550,3
941831,2
667622,1
275902,1
133847,3
921429,3
978704,2
305819,3
222855,3
707346,3
404626,1
533714,2
536247,2
866650,3
257889,1
355634,3
909010,2
237100,3
475208,2
120126,3
805833,3
1006078,3
466586,3
978352,1
642409,1
244786,2
234268,3
389543,3
415790,2
532965,2
710983,1
926891,2
401105,2
746308,2
1016046,3
217903,3
158999,3
2430,3
545799,1
653795,2
586521,2
883272,2
1031560,3
412562,3
325209,3
11265,1
930771,3
948583,3
436768,3
478922,3
371587,2
773337,1
375871,2
615749,2
1003692,3
951324,3
332946,3
900797,2
130323,2
765509,1
32030,3
952607,2
359849,1
863197,2
720558,2
520059,2
639412,3
1000161,3
233164,3
394169,3
363917,2
757692,3
539394,3
881809,3
10173,3
583400,1
17810,3
867424,2
424532,2
604291,2
842590,2
308987,2
19998,2
196130,3
544590,3
631749,2
167127,2
576695,2
587581,1
117769,2
364078,2
399966,3
757380,3
727034,1
197818,3
867274,2
407119,2
831874,3
925303,3
14456,3
437077,3
122733,3
824280,1
959733,3
619382,3
340313,2
344942,3
685524,1
959665,1
610307,3
127644,3
813367,2
932678,2
85881,3
663036,3
764772,3
128967,2
1005381,2
979817,2
435754,2
35817,2
18545,3
760615,1
881213,3
433671,3
430498,3
246739,2
199049,1
1000309,3
327635,3
813702,2
2843,2
98056,2
794522,1
527816,1
856527,3
724194,3
734934,3
283427,3
911714,3
797366,3
287010,3
809984,3
397289,2
1033199,2
463355,1
426673,2
304353,3
980206,2
106544,2
417499,3
456786,2
746694,3
619986,2
774667,1
305322,3
457041,3
263564,2
545110,2
671468,2
110422,2
292101,3
349177,2
767166,1
599674,3
1048456,2
582245,2
1047762,2
1008912,1
357719,2
864900,1
919367,2
590324,3
926453,2
702330,3
162307,3
880009,2
541510,3
1038734,2
75726,2
235997,2
22527,1
473309,2
206698,2
60717,2
640628,3
42952,1
974954,2
267626,2
723404,2
665277,2
591009,2
799621,3
367632,1
153106,3
603069,3
685402,3
116963,3
740558,2
883186,3
409481,3
235980,3
357921,2
122850,3
870130,3
132202,2
332228,2
1048026,2
984554,3
579782,2
602187,3
859242,2
488414,2
913964,2
177318,2
665794,3
102297,1
1019987,2
90010,3
166593,3
298638,3
173763,1
6173,2
585241,2
396919,2
592864,1
389877,3
830277,3
147544,1
250381,3
912908,2
145077,1
157991,2
189888,3
884026,3
694675,2
534639,2
359804,3
642,3
150266,2
339504,2
628274,3
938792,3
209659,3
959076,3
454576,2
440856,2
176394,1
415760,2
675776,3
800880,2
546528,2
602976,2
703453,3
678979,2
120263,2
461242,3
368891,2
351274,1
561096,2
583494,1
845152,3
628862,2
176510,1
96480,2
429621,2
246250,1
362438,3
463854,2
80689,2
746047,3
731260,3
413343,2
48163,3
663200,3
730175,1
234210,1
864862,3
410703,2
100926,3
622885,3
878613,1
651033,2
676245,3
370225,2
1017594,1
736642,3
334372,3
365542,2
632927,3
898591,2
119646,1
750056,2
831047,2
638188,2
639960,2
20973,2
722717,2
948218,2
407102,1
844961,3
1002618,2
443967,3
997459,3
600262,3
414084,3
954929,2
564734,2
116947,1
42880,3
89390,3
80801,2
521893,3
75902,1
578861,2
586585,3
113601,3
84665,2
618580,2
187749,1
383857,1
524881,1
1007008,3
305669,3
290743,1
420700,2
730200,3
236627,3
844504,2
119549,3
692266,2
424664,3
770441,3
178097,2
637137,1
997013,3
126578,2
149074,2
130617,3
935652,3
153961,2
829209,2
499672,2
335139,3
15276,2
372681,2
396666,1
263954,2
896790,2
457585,2
497393,3
1047781,3
132241,2
954306,2
381746,2
375563,3
274314,1
475961,2
899485,1
580110,2
256840,3
878473,3
146729,2
767414,2
112025,1
118452,3
355499,1
15087,2
754507,3
7525,3
7881,1
784872,3
539531,3
267656,3
254442,3
417867,3
748783,1
385634,1
699991,3
64797,1
569247,3
1027900,1
26821,1
219823,3
275786,3
584705,1
926803,2
598248,2
65292,3
288064,3
942336,2
180562,3
343538,2
453690,2
442633,1
957808,3
683753,3
1007536,2
1043532,3
509035,2
336691,3
106141,3
724470,3
696938,2
227658,2
1029256,3
698725,2
333107,2
14632,3
1029679,3
400784,3
455655,1
300828,3
876070,3
820759,2
127361,2
396128,3
759501,2
269209,3
680410,2
788944,2
55283,1
753696,2
1004692,3
450365,1
585691,3
937718,3
763787,3
800675,2
307161,3
893757,3
1037474,3
182605,3
845890,2
72538,2
896086,2
585842,3
344926,1
1015008,3
480490,2
953801,2
359921,2
726937,2
115403,2
473764,3
339334,3
955868,3
458560,3
66837,3
34319,3
1002519,2
419818,1
787196,3
427303,3
606420,2
513909,2
443493,2
770185,3
765265,3
666670,1
77892,2
362002,1
795753,2
98957,2
953617,2
347253,3
851604,3
900450,3
1042087,2
214901,3
962474,2
1037429,3
777564,3
603007,2
228016,3
856863,3
729153,1
396693,2
374958,3
541571,2
736732,1
332076,3
297119,2
106998,1
617074,3
157458,3
333478,3
185004,3
368879,2
244138,2
727147,2
82277,3
196134,2
531717,2
530971,2
666957,1
583729,2
1008370,2
635150,2
123627,1
51643,2
17483,3
363397,3
80608,3
499461,3
155429,3
726120,3
934841,1
687435,3
516701,3
896425,2
523884,3
239306,2
133404,3
276220,1
873866,3
162902,2
803364,3
389071,1
418789,2
243791,2
911021,1
92095,3
64066,3
102941,2
1006371,1
911121,1
1014270,2
936835,3
206111,1
418022,1
296781,2
331756,1
972273,2
53930,3
784670,3
733243,2
137189,2
762044,1
323728,2
765209,2
379589,2
586982,3
509595,3
358985,3
824468,3
339181,3
568796,2
394236,2
439271,1
872091,2
115008,3
880634,3
826469,3
411206,2
489881,2
7535,3
615715,2
844605,3
6538,3
108773,3
221838,3
171380,3
605940,1
260530,2
842128,2
1004196,3
446013,1
709053,2
106565,2
325222,3
942744,3
528380,3
668186,3
828084,3
218062,3
476396,1
1508,2
398587,3
874384,2
17953,2
774450,1
1162,3
982171,3
816409,2
1005888,2
452565,3
495960,3
456729,1
428291,3
579072,1
456216,3
735455,2
947325,2
734296,3
43147,2
946124,2
221535,3
244885,3
427714,1
587198,3
588522,3
133764,3
508832,1
86041,2
190971,1
34884,2
962943,2
129707,1
787996,2
6039,3
522058,3
313214,2
192074,1
1043736,3
493477,3
945921,1
660475,3
808569,2
304539,2
239700,3
900127,2
281040,1
43984,2
425274,3
1034785,2
864924,3
462427,2
940497,3
788631,3
881401,2
217109,2
870017,2
928497,1
629140,3
911637,1
503406,2
407989,2
368014,3
44514,3
805475,3
62939,3
770226,1
776123,3
398712,2
276666,1
105036,1
450452,3
364281,3
338408,2
504536,2
386341,2
210019,2
350388,3
560824,2
62943,3
259378,3
238659,2
31704,2
1006524,1
470465,3
1038618,1
715347,3
1012369,1
572993,1
988314,2
12279,3
203897,2
207240,2
779422,1
273260,1
36738,3
348866,3
705680,2
148744,3
371542,1
985293,1
1025755,3
921112,2
390790,1
351725,3
615605,2
1001687,1
493182,3
617421,1
671754,3
650492,2
184172,1
169800,3
28366,1
248886,3
77054,3
272528,3
564056,2
750358,3
255263,3
62510,2
609022,3
444986,3
791404,2
82899,1
76076,2
819165,3
783317,1
408466,3
398398,2
1038597,3
916401,1
395556,3
643637,3
147298,3
821053,2
659954,3
331924,3
462786,2
404028,3
635120,2
517113,1
28531,1
385980,3
157739,3
35661,3
280778,1
695550,1
477401,3
97427,1
494197,1
914063,3
974795,3
582493,3
92845,3
932338,2
180129,2
549617,2
585642,2
681601,1
237834,2
539429,2
809806,2
1025121,2
763164,3
775974,3
155651,3
91923,3
239323,3
41638,3
864063,3
618539,3
239428,3
269874,2
644577,1
573040,2
488699,2
673517,3
771196,2
731492,2
498231,1
71553,1
440727,3
912884,3
759534,2
178053,3
936959,3
774239,2
737443,2
209140,2
377595,2
236317,3
770235,3
711722,1
743792,3
294923,2
898458,2
266586,3
73279,2
629881,2
553951,1
207988,1
868684,3
948501,3
982027,3
499879,2
739253,2
617550,3
446099,3
723316,2
529345,3
844559,3
548488,2
650009,3
628809,3
507823,3
452954,3
917764,3
426205,2
340486,3
191782,2
345416,3
712332,2
684424,3
620449,1
841729,2
830556,3
171406,3
858040,3
120587,2
173001,1
985786,2
681841,2
309768,3
911746,2
724874,3
365112,3
192808,3
502646,3
577768,2
257701,2
479674,2
626847,2
30708,2
380523,3
203735,1
229013,3
101122,3
764453,1
535797,2
824129,2
382197,2
939488,3
409259,3
412123,1
361373,1
404851,2
526800,2
926467,1
97658,2
575072,1
1003789,3
628037,2
943555,2
660028,2
597022,3
584464,3
848784,3
588648,3
541490,3
235090,2
253796,3
478756,2
367745,2
194901,2
34932,2
586899,2
425217,1
304834,3
570231,3
805288,3
639103,1
296188,2
764422,3
33862,2
688287,2
467754,2
176039,3
163500,3
344195,2
790738,2
906309,1
458081,3
424360,3
220149,3
60538,2
774143,3
432140,3
125279,2
522071,3
1039370,3
734833,3
775303,2
20559,2
410082,2
811456,2
555707,1
984004,3
400318,2
301994,2
180000,2
113164,2
589521,2
643220,2
573380,3
366709,3
9362,2
835795,3
739535,2
348992,2
998331,2
639635,2
672077,3
687089,2
221833,3
830092,2
1035663,2
49155,2
767175,3
35884,2
830449,2
819677,2
635704,2
200190,3
137091,2
328186,2
144851,3
151850,3
461828,2
717790,2
998792,2
618795,2
992609,3
464257,2
680493,1
21034,2
898375,3
396306,3
775558,3
927941,3
925653,3
368913,3
207985,2
998919,3
10240,2
736633,3
144845,3
697760,2
180365,2
818660,3
438959,3
589055,2
251660,2
148434,2
359658,3
721766,3
110859,3
869442,3
428837,2
901843,1
1016228,1
932657,2
91259,2
81680,3
330482,2
642967,3
210145,2
172959,2
136612,2
305063,2
468545,2
396029,3
451982,1
287480,1
933731,2
513,1
291631,2
200869,2
246854,3
881220,3
2903,2
674915,1
697257,3
855866,3
81544,1
320585,1
174545,3
12182,1
549277,3
903710,3
809235,3
872458,2
295561,2
750516,2
671745,3
535488,2
707903,2
932559,3
761683,1
487283,2
1019154,2
987531,3
470728,3
966070,2
742815,2
747412,2
643951,2
8541,3
234430,3
196680,2
177005,3
1010931,1
457322,2
566953,1
517099,3
261896,1
458429,2
428616,3
329823,2
481109,2
372850,2
456121,2
930914,2
508665,3
214726,2
726613,3
55105,2
299038,1
501624,3
16582,3
824498,2
486037,3
992587,2
32356,1
517265,2
435201,1
732625,3
251807,3
578118,3
304726,2
776082,2
819510,2
172685,2
92415,2
711042,3
117923,2
449913,2
297407,3
420997,2
889579,3
907674,2
526728,3
446392,2
447958,2
436397,3
112713,3
158564,3
1024230,3
539260,3
760715,2
994355,2
386184,3
968346,3
482375,3
434708,2
93319,3
205976,3
384798,2
234786,3
27983,1
1052123,3
184228,3
75498,3
180724,2
186402,1
632705,3
165205,3
277482,3
999605,3
559085,3
535015,3
776591,1
978093,1
327113,3
344520,3
253322,3
634851,2
516563,1
663122,2
369117,3
648397,3
141002,3
961138,3
615585,3
989192,1
688667,2
505936,2
890901,1
416415,2
575986,3
72483,3
860259,1
724774,1
1018382,2
122141,3
607000,3
387256,2
484066,2
917614,2
725746,3
458775,3
335920,3
74234,3
18328,1
485496,3
844838,2
604677,3
345377,3
279493,3
277444,3
32811,2
47319,3
90861,2
846184,3
209658,3
883576,2
1027621,3
49966,2
18487,2
611541,1
738068,3
840753,2
939572,2
545505,2
492270,1
1029373,3
466896,2
491575,2
918693,2
806174,2
791961,3
434754,2
915332,3
954825,3
269085,3
777402,2
987744,2
837598,2
817261,2
475424,2
601550,3
475169,1
274206,3
621656,1
1016115,3
247156,3
499896,1
43100,3
62322,3
1029039,1
1012663,2
861067,3
14603,2
227914,3
839008,1
427147,2
734625,3
321730,3
705238,2
737032,3
684402,3
620875,2
414628,3
386584,2
962155,3
373013,2
551595,3
992761,3
942852,2
559748,2
540768,3
471544,2
510314,3
468014,2
596670,2
225836,3
461154,2
336825,3
259230,1
577878,3
122657,2
852202,2
900448,2
270029,3
195865,3
769172,3
296825,3
882444,3
770452,3
693406,2
817406,3
948962,2
850877,2
370273,2
479196,3
96653,1
300635,1
51423,2
602226,1
340454,3
593475,2
316316,2
738527,3
104987,3
990496,1
810150,3
430107,2
759738,3
824270,3
924386,2
782908,3
588858,3
324745,3
145425,2
325995,1
673898,2
876300,2
690767,3
246111,2
775311,1
105431,2
817990,1
305524,2
351122,1
290550,2
991051,2
438851,3
923731,3
270937,3
523360,3
723911,2
86043,2
1021072,2
252182,3
96943,3
906063,2
648960,3
856695,2
746550,3
983592,1
831396,3
842922,2
492472,1
473595,1
391656,3
102161,3
164475,2
1008916,3
170723,1
572067,2
63957,1
993143,3
903518,3
11013,3
422120,1
925050,2
161812,3
368163,2
579474,2
622748,3
588343,2
709275,1
686767,2
191290,3
551745,2
125402,2
466428,1
573156,3
834453,3
589601,3
459972,2
71445,2
68813,1
154549,3
215567,3
936755,3
801709,3
25588,3
970462,2
1014762,2
247357,1
314151,3
487380,2
885211,2
335972,2
123827,3
14150,1
739514,1
260163,2
785313,2
618895,2
692784,2
1049260,2
690419,2
275337,1
972779,2
396941,2
30749,3
863130,3
689796,3
242288,2
878896,3
456564,3
284353,2
438159,2
198488,1
363058,2
191672,2
161982,2
761896,1
284493,3
915781,2
227812,1
501215,2
112900,1
252930,2
828849,2
497193,3
549444,2
80321,1
697915,2
919171,2
424427,1
27837,1
330207,1
46564,3
664505,2
1007688,3
159,2
328087,2
988405,3
575719,1
933022,1
566578,2
333983,1
49820,3
321122,3
18875,3
55314,3
968350,1
867569,2
348744,3
434927,2
980599,2
531519,3
675363,3
301454,2
802351,1
669352,2
372582,2
843898,1
169313,2
298961,2
530516,3
144291,3
61724,3
681952,2
173780,2
891820,1
987185,2
609915,2
427185,1
671433,2
557006,3
213299,2
940307,1
615036,1
249057,2
825284,3
120381,2
881435,1
967074,2
392592,2
557895,3
806547,2
776203,3
717553,3
797876,2
243682,2
489240,3
883741,1
1004750,1
217245,2
1008831,1
307337,2
907245,1
327901,2
119348,1
675632,3
281518,2
29276,3
393058,1
204064,1
561218,1
625665,2
25727,3
379248,3
387746,3
172239,3
802421,2
247560,2
96256,2
234348,2
686038,3
781162,3
727184,1
848455,2
261122,1
968774,3
1029907,2
158015,2
732895,3
112793,2
204600,2
681262,2
1046045,3
312120,3
601482,1
464338,3
75307,2
81784,1
314629,1
503183,3
68578,2
829591,3
147600,2
343599,3
674566,3
773261,1
101570,1
660021,2
1028549,3
703629,3
720634,3
73324,2
651408,2
89595,2
984556,2
676340,2
204174,3
778707,2
311330,1
892125,3
126489,2
895074,2
893238,3
170761,2
758526,3
924259,2
951615,3
865139,2
264426,3
741233,3
978086,2
788528,3
21708,2
173390,3
164968,1
63022,3
920345,1
53764,2
364299,3
68121,3
995063,2
732910,1
474775,2
958218,2
74186,2
169026,1
530873,3
569633,3
425924,3
894558,3
904051,3
123137,3
696197,3
365893,2
589846,1
208511,2
34157,3
125663,1
210471,2
965428,2
995533,3
581452,1
968570,2
963103,3
571193,2
736870,2
941957,1
865523,3
821781,3
1008562,3
137290,3
392926,2
363457,2
738489,2
247182,2
1043905,3
507912,1
358973,3
736255,3
579433,1
305777,3
791967,2
609340,3
36704,1
1033152,2
742153,1
845460,3
136286,3
1006633,2
793313,2
456691,2
709858,3
819891,1
825321,2
722832,2
483029,2
378554,2
147235,3
293266,3
547715,3
687265,3
133454,3
582005,2
250311,3
99264,3
463605,3
845857,2
299622,2
496415,3
805809,1
553108,2
665445,2
1006364,1
86270,3
21578,3
97934,3
52585,1
551622,3
338698,2
853964,1
259310,3
305064,1
770565,3
596607,3
1004931,2
920159,2
272814,1
288597,3
35356,2
718744,2
826948,2
645658,2
366281,2
884213,3
192096,3
749441,1
132178,2
657511,2
633521,2
725785,2
327939,1
880684,1
459226,2
391912,2
125071,2
139452,2
812101,3
222763,3
238619,2
386618,2
864267,1
542121,2
430321,1
911391,3
109668,3
13339,2
637296,2
960128,2
667460,2
495817,2
865010,3
522577,2
645073,2
361587,1
894727,3
1016987,1
88632,3
500021,1
58770,3
387928,2
739348,2
616930,3
50240,2
777,3
795397,1
4572,2
432796,2
231648,3
164401,3
496957,3
201306,2
881215,3
929729,3
479935,3
220864,3
528209,3
903459,2
454199,2
788600,2
508649,2
960931,3
1033479,2
17712,3
319957,2
1019967,2
332259,3
753257,2
756105,2
559586,3
1037302,3
696024,1
6369,2
543576,3
993532,3
371517,3
388788,3
320127,3
656599,1
186492,3
469913,3
167565,2
344248,2
489464,1
149819,3
728158,1
24502,2
391360,1
555766,2
646823,1
726385,3
922031,3
919200,1
991280,3
931315,3
181913,3
488527,1
922573,1
29982,1
416109,2
57229,2
19495,2
693997,2
227577,2
893706,2
735421,3
797556,3
418327,3
462389,3
181802,2
738540,3
1049537,3
619578,2
619754,2
563305,3
647549,2
455242,2
192068,3
126639,2
140116,2
12148,1
329912,2
231066,3
799092,3
636910,3
1008624,2
748530,3
901968,3
1045197,2
739341,3
208102,2
442565,3
101908,1
1008371,2
238618,1
608614,2
762484,3
1025092,3
193898,2
622947,2
467633,3
511388,2
891800,1
78881,3
217977,3
897099,2
262504,1
999063,2
144241,3
515552,3
518732,1
103317,3
714807,2
727567,1
585678,2
946937,3
316858,3
870818,2
328490,2
770996,1
739571,3
70704,3
372153,2
59931,3
694342,3
471488,3
909492,2
694537,2
519835,2
793729,3
321415,2
413168,3
829104,3
908138,2
992548,3
56910,2
455760,2
520223,2
598246,3
405547,3
555204,2
793080,2
976420,1
365986,3
676885,3
35112,3
81245,3
680015,2
379675,2
212543,2
245868,2
483058,3
979714,3
477708,2
1047205,3
200848,2
380925,3
416769,2
27617,3
552845,2
163159,3
634329,3
730525,2
114528,3
62178,2
572881,3
1027144,3
769886,2
981249,3
379558,2
321326,2
660505,3
446344,2
329408,2
881133,3
133432,3
1015182,1
463897,2
599585,1
325032,2
736354,3
131404,1
266930,1
114105,3
582165,3
207582,2
735415,3
469010,2
261818,3
511505,2
235485,2
930282,1
427529,3
39399,2
681009,1
979966,3
1034563,3
784099,3
94995,2
384411,2
445503,2
777611,2
550946,2
716214,3
299148,2
498175,2
155483,1
125366,3
218985,2
632067,2
386602,1
100593,2
573812,3
372760,2
739084,3
737824,2
799157,2
869545,2
998271,3
547618,3
108240,3
924012,3
971732,1
188400,1
579766,3
962411,2
533305,3
8524,2
877586,2
484193,2
1019311,2
597375,2
604787,1
640546,3
678678,2
948540,2
529719,2
439845,3
407558,2
516138,2
855424,2
717830,2
910050,3
825839,2
781941,3
324644,2
49213,3
246437,2
299571,2
922645,3
604679,1
918494,2
92429,3
1042683,2
107550,3
713533,2
588971,2
912564,3
1013870,3
367653,1
450179,1
877235,2
907726,3
292553,2
991460,3
38485,3
211208,2
563986,1
165640,3
914543,2
30221,3
599267,2
901291,3
416020,3
998256,1
553743,3
285876,1
1010781,1
919035,2
678730,3
958152,2
626765,2
932060,2
71612,1
216109,3
240113,2
408021,2
605885,2
870899,3
200959,2
175998,2
493071,2
1011733,2
801702,2
88276,2
451257,3
455594,3
729700,2
579297,3
715760,3
540365,2
540098,3
960995,3
962672,3
694139,2
53779,3
208849,2
924723,2
152811,1
672387,2
562481,3
274138,3
525597,2
1037739,3
330322,2
660293,1
666432,3
14035,2
647315,2
591437,3
715333,2
200169,3
407880,2
103890,2
328589,3
454826,2
793494,2
959140,2
236543,2
773518,3
819290,3
72905,3
529127,2
953068,2
420465,1
136307,3
679835,3
787465,1
173206,1
216217,3
753700,3
228954,3
131950,3
713503,1
580400,3
737964,2
241952,2
707817,3
46989,3
456433,1
489685,2
109451,1
483166,2
351415,2
1012965,2
285419,1
594553,1
87162,3
126652,2
299255,3
541164,1
963081,3
616698,3
565211,2
71381,2
921178,2
47199,3
351272,3
365018,3
640327,2
361722,3
550555,1
237396,2
194560,2
311135,2
298754,3
877030,3
325393,2
36812,3
370777,2
668628,3
41884,2
43223,2
624630,2
128535,3
501382,1
978671,2
775180,1
819116,2
443188,1
807728,3
697077,3
310066,2
980761,1
727621,2
772074,3
795185,3
78545,1
664822,2
667787,2
634354,1
959956,2
427273,2
888736,3
899856,1
189330,3
3645,3
475549,1
887877,3
214977,3
304710,2
560339,2
863577,2
888652,3
406490,3
322425,3
605300,2
934687,2
427006,3
881721,3
130701,2
937213,2
262218,3
694381,2
553212,3
296923,2
498259,3
346499,3
925865,3
527002,3
405574,3
551381,2
336827,3
1046103,3
2032,1
421838,3
565725,1
816093,1
757161,2
448234,3
1012735,1
767711,2
696915,2
287233,2
1013054,1
609879,3
927138,2
432117,3
997701,3
68361,2
497091,3
234144,2
557887,2
93305,1
649707,2
751554,2
511873,1
634512,1
938480,3
802206,2
471611,2
631510,3
855070,1
673423,1
567339,2
61166,2
380744,2
503262,1
941820,3
382976,1
493693,2
922265,3
880982,2
314941,2
697924,2
422322,1
95676,2
274840,2
244762,3
306723,3
601995,2
360205,1
668730,2
333535,2
884279,3
484549,3
149639,1
376014,1
95801,3
92888,2
224959,2
24557,3
318944,3
736499,3
401998,3
1031317,2
678695,3
67482,3
472422,3
83003,3
174537,2
670316,3
839967,2
74566,1
990492,1
502827,2
981822,2
296153,2
884183,2
723702,3
30109,3
979189,2
244002,3
655462,1
1035018,3
90528,2
897661,1
60772,3
377330,3
810964,3
616294,3
584224,3
384156,2
74248,3
749533,3
84160,3
349000,2
699880,2
686486,2
247160,1
20480,2
727242,1
751246,2
826460,3
1032375,2
573567,3
922337,2
985109,3
1011895,2
854741,3
860387,2
242725,2
824151,3
463395,2
1032455,2
318546,1
74515,2
694235,3
750024,3
5437,2
8665,3
163998,3
858210,2
812821,3
687983,3
242076,3
834101,2
744303,3
480831,3
300727,2
570807,3
189035,2
520416,2
791890,3
448165,1
509888,3
872999,3
515452,3
65956,1
156723,1
650482,3
487423,1
800901,1
670002,3
718721,3
462985,2
829022,1
640827,2
47057,3
677387,3
510770,3
196648,3
205600,2
865377,1
243420,1
77066,3
217025,2
568747,3
772574,3
586250,3
368215,2
154916,3
1023713,2
248211,3
904019,1
279196,2
277992,3
508566,2
601179,3
145393,1
560132,3
584437,2
1052097,3
159816,2
505481,2
448267,3
708521,2
65792,3
203381,2
233709,1
960458,3
1051094,3
657630,1
437503,3
475233,1
258097,2
355760,2
728249,3
808052,2
977561,2
826663,1
904221,2
455952,2
528553,3
283889,3
918153,3
468721,3
347261,3
416146,3
663368,2
337977,2
149051,3
173868,1
269544,3
412228,3
443865,1
177381,3
887306,2
346674,3
218883,2
917587,2
538090,2
92063,2
144135,3
534412,1
1004287,3
967583,3
304204,2
398379,2
398329,3
722826,3
601756,3
975498,2
1013736,3
804045,1
638602,3
344121,3
540710,3
454320,2
377146,2
961689,2
899001,2
153947,3
792236,3
657084,1
847109,2
273171,1
482045,1
843588,1
527445,2
893100,3
802150,2
15130,2
600137,1
930060,3
534522,3
34745,3
880135,2
746439,1
69590,3
156846,2
869803,3
461305,2
615940,1
656070,2
535213,2
886316,3
496259,1
728434,3
982753,2
315090,3
642735,2
775014,3
760143,2
73440,2
392933,2
692674,3
174620,2
355401,3
770756,1
83673,3
1028367,2
104630,3
417409,3
206341,3
469852,1
1021274,2
689811,3
50894,2
418721,2
540086,3
695800,1
961166,1
257250,3
842707,1
406349,2
313305,3
798834,1
971777,3
145342,3
693571,2
805639,2
859127,2
66130,2
962862,2
550319,3
86549,1
969351,2
661504,3
688989,2
201295,2
711512,3
518311,3
323546,2
194553,2
144250,3
808305,2
258382,2
4797,3
318136,2
913900,3
627722,2
1040081,1
56801,1
25806,1
148288,3
519289,2
53586,1
842194,3
621455,2
554599,3
187385,2
157039,1
286162,3
745924,3
296454,2
25543,3
478929,3
316094,3
105814,2
150148,3
225060,2
608423,3
641730,1
291418,1
671462,3
987457,2
90389,2
467881,2
355879,2
222610,1
265559,1
786552,2
916180,3
143381,3
579914,3
788133,3
18143,3
750302,3
445234,3
359439,1
999745,2
344797,1
57561,2
5653,2
367529,3
694285,3
558133,1
140027,3
1016436,2
682996,3
176388,3
263156,3
1012707,3
767791,3
811276,3
745332,3
249800,3
103901,1
88800,3
837765,1
392251,1
577062,2
650710,3
1037101,2
126848,3
734234,2
677019,3
793530,1
196793,3
459672,3
654077,1
756441,3
163741,1
217862,3
489078,2
109319,3
615628,3
642333,2
1034854,3
362601,3
576970,2
367682,2
721869,3
169875,3
775044,3
72874,2
928706,2
646897,2
674038,2
748563,3
843157,2
901745,1
758536,1
552384,3
407724,3
969950,1
303300,2
709961,2
641951,2
732492,3
883916,2
638387,2
188402,1
964981,3
1041033,1
855149,2
263147,2
881606,1
266318,1
111182,2
1037564,3
437746,3
256055,3
899680,2
668662,2
465480,2
49641,1
608530,3
683806,2
857543,3
521032,3
467086,3
216562,2
651229,3
849059,3
167403,3
862199,3
591366,2
11504,3
197303,2
541089,1
184356,1
572798,2
39876,2
874139,3
789208,3
950984,3
123338,3
478123,2
988720,2
736410,1
462007,2
236545,1
596028,3
609296,3
807929,2
737596,3
916776,3
283672,2
125599,3
82390,2
864048,2
1003839,3
147892,2
841161,1
437904,2
65945,3
434867,2
1042802,3
538173,1
69480,2
639480,3
205008,2
277142,1
35870,3
643278,1
953336,2
395814,2
747995,1
384804,3
914436,2
713132,2
485218,2
1001736,1
218585,2
319942,3
111478,3
895805,3
884004,2
642947,1
256766,3
552470,3
1034535,2
825998,3
110839,2
115429,1
180747,3
1024704,3
866714,2
948030,2
1001301,2
963299,3
704815,2
374554,3
285048,1
539214,1
65465,3
288254,1
692996,1
924872,2
175995,3
904245,2
607551,3
281626,3
660015,3
746921,3
557577,3
861865,3
69311,1
5757,3
1013340,2
465054,3
494277,2
610153,3
749423,2
419624,2
879007,2
142300,2
202618,3
325376,2
870613,2
420584,3
907638,1
943447,2
570629,1
961975,1
255705,2
191068,2
814412,2
3100,3
497892,2
302398,2
691795,1
158504,3
755467,2
245777,3
785856,3
35862,3
860332,2
75972,1
690705,2
611034,2
428036,2
453172,2
452160,3
773106,2
380861,2
130855,2
400085,1
162787,1
466294,2
478561,3
422410,2
108231,1
607480,1
1043687,1
465524,3
590479,2
806031,3
483638,1
624904,3
656859,3
1046352,3
558457,2
761588,1
472469,3
403019,3
1039972,3
942835,3
90821,2
785068,3
64508,2
615653,3
570537,2
631580,2
803358,3
474846,2
514222,1
756535,2
108934,3
17327,3
740838,3
22971,3
453779,3
395589,3
120909,1
420488,1
949558,2
513196,2
651837,1
781678,3
862327,3
632462,3
307075,3
359226,3
1003942,2
37706,2
784201,3
331071,2
545893,3
11897,1
349646,1
668271,1
353487,2
1033766,2
797981,3
130917,3
570831,1
441047,3
161938,2
97836,2
1004790,2
687106,2
471391,2
320131,3
250712,1
1011490,1
860541,3
880720,2
941253,3
360530,2
790501,1
237877,2
649430,3
254990,2
383700,2
322280,3
131871,2
648832,2
385632,2
14186,2
205874,2
423111,1
934785,3
598594,3
353484,1
857243,2
941652,3
128327,3
259866,1
903104,1
310681,1
698485,2
16926,1
244794,2
394528,2
646407,2
300437,1
796985,2
80834,3
439997,1
979131,1
91254,3
21473,3
388769,2
130793,2
425139,3
55025,1
135159,2
674073,2
248606,3
816730,3
662344,1
235040,3
383415,3
61823,2
1043499,2
399540,3
886585,2
741032,3
244444,3
1023428,2
117905,1
698503,2
33081,1
75642,2
818950,1
284233,3
1020523,2
597865,2
315250,2
461039,2
52028,3
838664,1
114686,3
350842,2
497853,2
13954,3
493086,2
418863,3
725845,2
227015,3
320361,2
60886,1
832224,2
78281,2
108857,1
564581,2
516748,2
51044,2
221718,2
1000479,3
761614,2
704667,3
140171,3
1049698,3
956329,3
534052,3
67795,3
819060,2
867683,2
599425,3
508181,1
231479,3
759995,2
688635,1
649618,1
766977,3
245131,3
479009,2
85375,3
626522,3
1022871,2
455371,3
32687,2
139196,1
209157,3
900729,2
410599,3
386647,3
443649,3
487013,2
364344,2
687760,2
520418,2
471153,3
356768,2
272840,3
707220,3
676964,2
617349,3
622416,2
97116,2
575516,3
269165,3
931970,3
920778,3
914097,2
100295,3
696366,3
975239,2
18453,1
83574,2
925597,3
967925,3
480393,2
618301,3
694308,3
777247,2
941448,3
702962,3
484607,3
133693,3
421419,3
998757,3
271068,1
437120,2
968263,2
1036719,1
629643,3
270477,2
95116,2
837767,3
91492,3
666369,1
50222,2
459912,2
193910,2
243855,3
769784,2
834052,1
222960,2
1018847,3
46034,2
119286,1
344622,3
765921,3
156735,3
666560,1
973085,3
928114,3
508700,3
123480,2
226833,2
646943,2
387277,2
672959,3
435624,2
807958,1
823058,1
791493,2
617738,3
402748,2
891070,1
19026,2
470071,2
5569,2
581211,3
34030,2
131665,2
941367,2
890265,2
1927,3
93350,1
915473,1
138185,2
86444,2
1037946,2
184983,1
855734,3
658791,2
18920,1
272240,2
298330,2
40476,2
800086,2
255062,1
1011564,3
317480,1
900644,1
1034844,3
296093,3
29912,1
430920,3
474181,3
944107,3
79587,3
778246,2
698420,3
649524,2
145078,2
761466,2
77714,2
437765,2
380086,3
613144,1
75839,3
318602,3
845621,3
824339,3
229130,3
805149,3
46306,3
16298,3
852503,3
1007662,3
555459,1
280708,3
644634,1
309433,2
121703,3
887785,2
35982,1
205696,3
819437,2
913172,2
376769,3
613759,2
42839,2
379639,2
483461,1
402943,3
134359,1
463594,3
92296,2
1047170,2
360460,1
497477,2
700357,3
627437,1
285103,3
982609,3
461431,3
581736,1
396927,3
40421,3
132501,2
245608,2
629993,3
783573,3
368912,1
854297,3
173255,1
341983,2
263556,1
777599,3
482689,2
16208,3
834998,1
984730,2
53972,2
475594,2
838413,3
71985,2
337918,3
225054,1
917609,1
426312,3
437247,2
810089,3
457012,3
807488,1
568745,2
673799,2
662130,3
232894,1
881054,3
854026,3
686990,1
637386,3
889353,1
491913,1
28216,3
521608,2
998015,3
423267,1
29449,3
790660,2
498628,3
562866,1
946233,3
358817,2
188468,3
474401,3
1005597,3
751771,2
592544,2
815691,2
836774,2
327409,2
247570,2
950449,3
561866,2
225606,1
363893,1
459426,3
206492,3
570598,2
953113,3
438104,3
481111,2
123455,3
207692,2
46628,3
693234,1
427632,3
712587,2
339312,2
201743,3
877733,1
882463,2
734708,3
504039,3
509194,3
1052210,1
53332,2
724199,3
780085,2
829649,3
256722,2
49772,1
58431,3
369991,1
458669,1
290260,1
716520,3
515169,3
825759,2
509778,1
653212,1
444279,3
45547,3
108500,3
492834,3
730182,3
13922,2
418508,2
394308,2
380998,3
379509,3
353376,3
981743,3
371423,3
194379,3
197278,3
56113,1
283290,3
475609,3
180738,3
239284,2
378374,1
347841,2
35325,3
653333,3
153681,2
715042,3
869032,3
646377,3
159263,3
25280,3
363840,2
265331,3
782904,1
332446,3
195047,2
313601,3
824621,1
225152,3
255982,3
194967,3
719205,1
941506,3
714946,1
476478,3
237707,2
721366,2
547096,3
962114,3
876569,2
477706,1
77704,3
273963,3
575855,1
545338,3
356567,2
1029825,2
673315,3
223479,3
174283,3
745152,3
240506,3
393833,3
567606,1
785844,3
1010352,1
941879,2
208869,2
521513,3
705831,3
805032,2
838266,1
355090,2
271297,2
908114,1
190309,1
304299,2
302997,3
546676,1
624112,2
359627,1
498097,3
432953,3
1026646,2
860210,3
93918,2
696561,3
442834,3
491560,2
182044,2
292620,2
638635,2
98706,3
68737,2
235559,2
752376,3
592189,3
678441,1
405761,2
99778,1
787812,3
53014,2
271806,3
193973,2
255204,1
379528,3
225277,3
988409,3
710055,2
595988,3
144109,1
882468,3
281720,1
44798,2
33810,3
711876,2
438715,2
62504,3
26407,3
928707,2
33130,3
551320,2
961624,3
149864,2
882966,3
459338,3
224003,1
1017120,3
563762,1
683437,2
870190,3
522095,1
324168,2
342236,2
822784,2
278252,3
1006528,3
202094,2
492081,1
719594,2
35504,1
628778,3
742029,3
428673,1
533166,2
119483,3
853636,3
201730,3
755754,2
340922,2
643868,2
299184,3
774015,2
333867,2
473751,1
511035,2
69689,1
765225,3
218833,3
564754,3
156504,3
714151,1
995598,1
775170,1
1030687,2
69288,3
533979,3
811931,2
284845,3
1021211,2
18378,1
164018,3
314674,2
944830,3
119933,2
13370,2
577218,3
280683,1
931962,1
20717,3
974514,2
753587,2
869197,3
261042,3
766246,2
19539,2
416912,3
871703,2
967744,3
587184,3
618415,3
137508,1
1016102,1
188348,2
779974,3
987907,2
333975,2
764877,2
131893,3
686363,3
202213,3
854558,2
48643,2
164919,2
623725,2
574183,3
386435,2
187610,2
112001,3
243690,3
136083,2
664942,1
384168,1
723564,2
169960,3
331394,1
249335,1
502381,3
400495,2
126378,3
800433,1
359309,1
851668,3
419154,3
808161,2
951037,2
47379,3
161358,2
815989,2
514201,3
660717,2
271225,3
355259,2
1025306,3
196216,3
36405,2
893433,3
223989,2
728289,3
818781,1
1009110,3
735976,1
369778,1
440386,3
804825,3
437689,3
570364,2
630511,3
49265,2
260914,1
541338,2
1049764,1
197041,3
903864,1
709032,2
392307,2
395267,2
696372,3
908724,3
46182,3
811664,3
1029168,2
47827,3
880499,3
793766,3
899541,3
378227,2
604877,3
197063,3
115085,2
96694,3
912171,3
397026,1
718449,2
206697,2
709190,3
473316,3
429720,1
577191,1
686132,3
594253,2
1050212,3
896993,3
463029,1
35022,3
410602,2
663104,3
490673,2
339568,3
528525,2
728817,2
862855,3
498150,2
212058,3
669333,2
901593,2
112489,1
27107,3
72655,2
776503,3
771494,2
838682,1
535899,2
505348,3
481686,3
443481,3
789536,2
882982,1
537543,2
566980,2
455931,3
554994,3
446456,3
967915,1
243659,1
130482,2
635702,3
354097,3
11733,3
259345,2
530454,2
152716,1
1042588,1
269894,2
242013,1
632751,2
571453,2
211549,3
972689,3
1014322,2
594627,2
144096,1
252728,2
511734,3
75756,3
65234,3
489222,2
233395,1
1040159,3
733516,3
406594,2
998329,2
1041532,3
201412,2
147755,1
71130,3
1040058,3
96311,1
520657,3
113233,2
785761,2
137323,3
939993,2
82191,2
52571,2
657461,2
25329,3
99210,2
780719,3
300622,3
682239,2
505417,2
280984,2
1037506,1
281168,3
491207,2
191222,3
950550,3
444869,1
167706,3
802084,3
997940,3
548030,3
970683,2
491758,2
1047816,2
817699,2
782883,2
704205,2
842074,3
189043,2
777489,3
565377,3
78103,3
833603,3
804175,2
721486,2
268799,2
1047096,3
640802,2
884078,2
848355,1
813553,2
516979,3
480891,3
578491,2
734561,3
214214,3
575029,2
593793,2
143960,3
165206,3
329137,2
281494,1
992694,1
127638,2
832700,1
674310,3
999025,2
1018919,2
962267,2
216529,3
855488,3
291775,2
771180,1
596505,3
373437,3
554678,3
730176,1
890574,3
445027,2
78038,3
140916,1
634783,3
896165,1
426414,2
233993,1
317477,3
126071,3
779855,3
1021963,1
445122,2
687675,3
770345,2
866843,3
176228,3
636540,2
318172,3
452632,2
119163,2
283157,2
423788,2
329933,2
584865,3
210937,2
160797,2
359421,1
651936,1
59791,2
928723,2
207451,2
139597,2
589615,3
38803,2
817796,2
122249,2
906907,3
1009094,2
891811,2
596280,3
453818,3
1019374,3
823220,2
902016,2
604832,3
273965,3
289201,2
264715,1
496564,2
557507,2
1045621,2
141076,2
906514,2
970678,2
277523,2
284948,1
869315,2
581791,2
533259,1
404197,3
248061,3
665676,3
907138,3
369490,2
474719,3
28290,3
542044,1
234412,2
833049,3
465405,3
444783,2
269946,3
1037276,3
48306,2
789706,3
914065,2
29674,3
307427,2
59894,3
341829,2
1018956,2
550248,1
900795,2
506907,3
172532,2
865900,2
560681,3
985625,2
1035163,3
384049,2
252271,1
799888,1
27472,3
922132,2
498161,1
705477,2
1021290,3
100687,3
1018745,3
136355,2
47042,2
448189,3
578389,3
342292,3
273373,3
714518,3
1009780,2
445505,1
796499,2
889511,2
771706,2
135714,3
686191,3
763542,1
769430,3
1026325,1
744876,1
442490,3
679410,3
554395,2
666801,3
249667,3
179808,3
845645,1
215804,2
669344,1
308054,2
811784,2
365731,1
658675,3
859894,3
135578,3
382534,2
400734,3
827825,1
732912,1
770624,3
871378,2
187067,2
1011997,2
261591,2
437065,2
150250,3
238389,3
229135,3
694403,2
265447,2
1022664,2
995640,2
924864,3
31563,3
641064,2
314432,1
34926,3
226381,3
201601,1
889697,2
498576,2
707057,3
307395,2
861643,3
318352,2
666718,3
980447,3
586449,3
28008,3
707084,2
182391,3
312955,3
503694,1
813714,2
209244,3
775372,1
909365,2
745301,3
655157,2
441949,2
117841,3
728912,3
1010146,2
661727,2
112121,2
826312,2
17760,2
978010,1
934543,3
796219,2
122853,2
56519,3
766858,2
230811,3
951214,2
634651,2
784655,3
913215,2
291822,2
765498,3
178950,2
904202,3
612835,2
856951,3
423429,2
77543,1
370726,2
726348,2
121379,3
31840,1
720862,1
659194,1
174187,2
933410,1
750336,2
739989,3
756492,2
932638,3
328323,2
882030,3
47480,1
679685,3
95407,1
976077,3
18649,3
463070,2
134319,2
210330,3
633296,3
898711,3
972596,3
884848,2
969680,2
813952,2
406973,3
345690,3
36242,2
99322,2
217396,1
493564,3
223514,3
616212,3
37390,2
479734,3
365788,2
386428,3
12721,2
402414,2
703774,2
92416,2
318974,2
946829,2
346864,2
617552,2
81309,3
342017,2
881028,2
45494,2
91579,2
263853,2
290045,3
111448,2
194609,3
134292,3
364206,2
72398,2
14189,2
102268,1
960646,3
941896,3
644090,2
558625,2
249442,3
283380,3
869390,1
22038,3
118778,3
122597,2
689694,3
145129,3
635001,3
497256,2
575881,2
533226,3
506387,2
569700,1
866295,3
167686,3
609364,3
134443,1
156918,2
397828,3
243105,3
822834,3
214562,3
263754,2
680430,3
861410,3
655838,2
744735,3
507856,3
613666,1
964101,3
561829,2
620207,2
90378,1
650007,2
491970,2
338252,1
815061,1
262022,2
106363,3
806860,3
142974,2
502266,3
561105,3
925128,2
470582,2
255092,1
223484,3
245690,3
935874,2
1051828,3
1007140,3
594642,3
407699,2
135978,1
610379,2
935041,3
334961,1
944313,2
252161,3
979673,3
528449,2
478181,2
123322,2
760870,2
72620,3
827312,3
405192,2
378001,3
943089,2
305915,3
821604,3
463828,2
353290,3
911309,2
562464,2
759577,1
774999,3
227902,3
22981,2
810613,3
553243,3
305430,2
564466,3
630244,2
302713,2
891976,3
296098,2
873977,3
1040716,2
857099,2
987104,3
730135,2
946521,2
222841,3
47189,3
454449,1
343797,2
1015515,3
523414,2
779540,1
158385,1
577354,3
956225,2
240520,2
370554,2
511821,2
553920,1
534775,3
924038,3
105936,3
371614,2
758920,3
833132,3
904509,3
659004,2
10877,2
547053,2
782391,3
30786,2
791466,1
197070,3
78120,2
15500,2
951092,3
418722,3
25942,1
208045,1
859270,3
711648,1
647200,2
320990,2
425575,3
183985,3
813801,2
106824,3
487074,1
386713,2
807144,1
185195,3
1049505,3
81263,1
350955,3
755085,3
616450,3
772764,2
180447,3
320976,3
720143,3
963651,3
205551,2
102250,3
96983,3
379566,2
347827,3
287710,2
541712,2
875356,1
36507,3
189799,3
436104,2
806907,3
912998,3
851663,3
447467,3
641772,2
309268,3
796941,2
264130,2
848764,2
937127,3
806832,3
241084,2
330487,2
215506,3
849192,2
4130,3
278867,1
458872,3
151146,2
305038,1
729415,2
880418,3
807742,1
980219,2
235653,3
563566,3
846986,3
1026965,2
824726,2
397330,1
847023,1
1026926,3
220307,3
875661,3
130068,3
671872,2
862507,3
235676,1
33090,2
782573,3
506857,2
953414,2
456240,2
689693,2
353667,2
528062,3
92969,3
422042,3
45486,2
127714,3
862330,2
327205,1
970482,1
21769,1
316689,3
582540,1
637905,1
819701,3
229278,2
874503,3
1001954,2
434001,1
354681,1
1021146,3
1012525,3
326361,2
739910,3
478399,2
808246,1
535179,2
995659,1
67605,3
240093,3
741662,3
177922,2
611353,1
730462,3
1032100,1
266027,1
453043,3
496732,2
739746,1
545001,3
806552,2
188095,3
594943,3
481893,1
846362,1
282057,2
30298,3
505907,3
67350,2
848113,1
914339,3
199040,2
732821,3
580583,2
326674,2
895130,2
770747,2
919956,2
915079,2
64015,3
73211,2
718987,3
858962,1
528915,3
366707,2
145852,1
848275,2
527282,2
754574,2
706766,3
606243,3
352136,3
199995,3
264256,3
327328,1
620515,2
974756,2
375973,3
353199,2
574227,3
708079,2
971434,3
93122,3
1035726,2
194869,2
564841,3
74087,2
229491,3
357674,1
631576,2
738053,3
861177,1
55634,2
351449,1
511267,3
942776,3
430056,2
37655,1
407735,2
530089,2
823234,1
979667,2
791107,1
220362,2
144543,1
267604,3
495415,2
28479,2
412433,3
41282,3
757407,2
549165,3
171141,1
685844,3
498328,3
1003642,1
157705,3
291301,2
120453,3
850660,2
440653,3
465067,2
274502,3
179777,3
771367,2
980716,3
225895,3
148824,2
747050,3
1014607,2
721329,3
9453,1
436438,3
742766,3
193353,2
205888,2
714230,1
594973,2
240217,3
492453,1
357009,2
279122,3
1037126,1
748740,2
442199,1
368137,3
730713,2
571610,1
471918,2
542124,2
857260,3
1008986,2
158193,1
73944,2
331999,1
400692,3
583020,3
931620,2
296144,2
1006446,3
369041,1
1002903,3
601312,2
1007354,3
325366,2
179558,3
461961,2
1048257,2
549859,2
527328,2
897623,2
761561,2
1010205,1
39387,3
592692,2
832800,3
185336,2
993109,3
99408,3
742490,2
1003018,2
136632,1
234174,1
904822,2
1004375,3
542839,2
12854,2
490633,3
998405,3
54984,1
1002654,3
1051789,2
310416,2
475560,1
457187,1
678309,2
2518,3
427346,2
684235,3
851658,3
479619,2
122771,3
303786,1
505505,3
603945,3
81724,3
581056,3
948136,2
625499,1
683263,2
354962,3
879422,2
417174,3
692482,2
277587,3
470755,1
821957,3
515453,3
223589,2
936178,3
120922,2
610567,1
422117,3
926882,3
322961,2
878612,1
514122,3
720397,2
968762,3
19533,2
218071,2
972380,3
583649,2
668798,3
353248,1
861858,1
385194,2
945767,2
310944,1
1049606,3
282932,1
532011,3
324546,2
979376,2
620497,3
682807,2
836127,2
226343,3
448459,3
130159,2
217037,3
689593,1
512891,1
963172,2
651972,2
823288,2
209309,3
721503,3
748517,2
962245,3
971657,2
632577,3
419217,3
430532,1
380074,3
708507,2
1046061,1
925771,1
144545,3
489176,3
155378,2
394773,1
332008,2
379689,3
557748,3
204848,1
776749,2
344494,3
901383,1
127093,2
473167,2
823262,2
301,3
773196,2
538763,2
445494,2
61126,1
115950,3
397908,3
591727,3
343680,3
741640,3
953741,3
1036396,3
559921,1
442578,2
492448,1
552506,3
980147,2
20164,2
503713,3
923405,2
198296,2
681645,2
988584,2
310142,2
186735,3
433918,3
17641,3
828270,3
219523,3
771634,3
421602,1
987882,3
969185,2
97168,3
201800,2
110033,2
255760,3
942527,3
750003,2
941291,1
489831,1
450604,2
849802,2
756686,3
602492,3
612157,1
398769,2
217559,2
699034,3
389073,2
757573,3
210073,3
1039516,2
108143,2
999796,1
971908,3
32785,2
659102,2
78145,3
461893,2
888087,2
90366,3
653279,3
80542,1
373350,2
576850,2
92484,2
254654,1
786951,2
202469,2
145285,1
784333,1
351912,2
9039,2
687572,1
557608,2
420158,1
507660,3
531743,2
738918,1
209816,2
693615,2
885252,2
202308,3
264380,3
672423,3
403020,3
550466,2
966477,3
382576,3
1025105,3
138379,2
807790,2
923177,3
563512,1
127808,2
884492,1
838215,3
537166,2
1002270,3
1025117,1
316106,3
919825,3
845211,2
213270,2
348488,3
314954,3
115921,2
818146,3
55722,2
422981,3
85701,3
922045,3
726091,1
904750,3
337344,3
865798,3
692122,2
886157,3
826229,3
687290,1
947792,3
355953,3
81608,3
565970,2
790061,2
727310,2
359870,3
131022,3
977096,3
918302,2
711701,3
38392,3
432329,1
833598,2
892774,3
259135,3
846015,1
779800,3
828527,2
167231,2
7786,2
619295,2
206227,3
651353,3
663704,2
680468,2
17006,3
25341,2
400754,2
255501,3
266600,2
430167,3
490095,3
204077,2
401568,2
466682,2
289063,2
1009937,1
383172,3
326908,1
691824,2
163858,3
143963,3
696193,3
695225,2
575222,1
680217,2
743652,3
130501,2
516636,2
18660,1
747633,3
361536,2
380294,2
727359,2
139455,2
461611,3
817183,3
623553,3
967685,2
86100,1
886668,3
253659,2
742402,3
200250,3
212041,1
303375,3
500904,3
732810,3
691219,2
941500,3
42627,2
795516,3
61430,2
384473,2
755726,1
213550,2
618578,3
311281,2
1050326,3
380893,1
467726,3
1009338,1
140169,2
46040,3
80965,3
203093,2
529271,1
205411,2
300520,2
977621,2
896845,2
857369,3
616685,3
679012,3
858927,2
35465,3
781600,3
497169,2
144936,3
762683,2
514254,1
542947,2
492786,2
72148,2
1000561,1
103473,2
551358,1
631120,2
989492,2
628190,3
996854,2
567756,2
1001163,1
430589,3
842146,1
607110,2
432093,1
19986,2
115614,3
779273,3
54418,3
326386,3
570506,2
602455,2
990434,2
678592,2
112697,3
759881,2
591405,1
805080,2
67191,3
176678,2
58157,3
1003015,3
21786,3
703638,3
296858,1
276576,2
447805,1
356354,2
168347,2
684111,3
301321,3
30989,2
727455,3
341107,2
301280,3
602680,2
511488,3
107409,2
44119,2
57666,2
75545,3
694271,1
469868,3
418660,2
247916,2
539594,3
974294,3
443177,3
662049,1
116780,2
999490,3
206314,2
525244,1
895604,3
23823,2
831987,3
634251,2
689392,2
156583,1
39566,3
967096,2
756138,3
369836,1
716712,3
699449,3
1014627,3
34212,2
693424,3
766103,3
96752,1
935777,3
898018,2
129540,2
157022,1
352792,3
897374,2
1049100,1
664513,1
46065,2
787317,3
559003,1
59874,2
957663,1
892045,2
472309,2
979254,2
869721,2
937672,1
781961,2
699157,3
380728,3
402747,3
173676,1
366741,3
1003096,2
53858,3
768802,3
464652,1
326316,3
767692,1
540447,2
243599,1
39587,3
746627,3
33598,2
76684,3
177845,3
24501,1
772484,2
330748,1
240019,2
393629,3
34506,2
437996,3
823693,1
797102,3
922522,2
415976,3
816250,3
220450,2
702294,2
956855,3
221210,2
47467,3
584466,2
1010763,2
608413,3
744406,3
565255,3
546189,3
574478,3
979925,1
171776,3
356381,1
816372,2
941525,3
1045562,2
608599,2
549540,3
891612,1
996591,3
269665,2
622263,1
159109,2
444630,3
661766,3
446857,2
489138,2
27172,3
857028,1
331224,3
178782,3
27191,3
169006,2
308124,3
959835,1
179722,2
725328,2
8080,3
669568,3
655912,1
772513,2
325068,2
417382,3
534599,3
198049,2
963450,3
220660,2
855483,2
116650,3
422301,2
496059,2
808300,2
540808,2
266906,2
983243,2
610579,3
393667,3
871548,2
506227,3
319240,3
52533,3
485756,3
851007,3
554123,2
65306,3
1050694,2
62974,3
932298,3
899976,2
713530,3
701557,2
259451,3
791296,2
191335,2
991919,1
364714,1
196921,2
15328,1
1032652,3
292051,2
803411,2
790538,3
221968,2
1012478,2
358161,2
938275,1
880303,3
25245,1
806168,3
972115,3
1010565,2
251263,1
109620,3
611533,1
680243,2
530957,1
218700,3
531773,2
951397,3
397406,3
593612,2
88257,1
66645,2
538282,2
266355,2
915058,3
393190,1
396169,2
303871,3
167551,3
164739,2
378821,3
140032,3
78774,3
391886,2
576311,2
840319,3
725121,3
517408,3
310255,2
717242,2
801834,3
881355,2
75259,1
565717,1
390490,2
354470,1
630927,3
145598,3
996336,3
345895,3
264457,3
458678,2
297378,1
834915,3
380137,1
856956,2
5599,3
716965,3
122744,2
582409,3
344694,3
430329,1
943748,3
372622,2
554600,1
845220,2
898584,1
164119,3
738587,3
816153,3
80343,2
797293,1
579429,1
627140,2
701371,2
636590,2
377553,1
4415,2
564704,2
589149,2
958495,2
8486,2
122561,2
326981,2
295858,2
23731,2
521898,2
988688,2
886746,2
1040134,1
238514,3
253904,2
752039,2
211589,1
124991,3
1006496,2
620406,2
323994,1
399880,2
226588,3
977002,3
349065,2
252057,3
773568,3
398047,2
563617,2
66772,1
783575,1
1039232,3
884054,2
381985,3
297821,2
68672,2
314453,1
1005856,1
1019255,3
731738,1
746937,2
1000211,3
624268,3
363410,2
1037059,2
245242,3
721145,2
896016,3
939981,2
183671,2
996141,2
906399,3
416558,3
581996,1
98403,1
729911,3
512472,2
513426,1
341441,3
389693,2
817449,3
299832,2
853484,2
207782,3
174844,3
227045,1
851194,1
93103,2
924031,3
128862,2
126143,3
143531,3
190825,2
803069,2
267177,2
740805,3
667675,1
562152,3
370383,3
1029435,3
955614,1
435232,2
49662,3
596619,1
363018,2
166386,1
755490,2
927585,1
214669,3
963141,2
662786,2
117530,1
124436,2
88005,2
307762,2
315989,2
987352,2
395021,2
226742,3
443862,3
737922,2
995189,1
593578,1
510006,2
657905,1
986521,3
814447,3
210611,3
325969,2
185349,2
59644,2
12433,3
558309,1
567550,1
484890,3
480433,2
125857,2
915842,3
112202,1
366502,3
349842,2
485983,3
405834,3
939247,1
989122,2
912653,3
854994,3
207444,3
741473,2
1004404,3
668035,3
93833,3
672465,1
93050,2
52784,3
991104,2
1025008,2
359944,2
578348,1
735770,1
439592,3
181027,2
275123,2
201616,1
875981,3
871143,2
1051618,3
400551,3
619932,2
773875,2
645724,3
861150,1
204750,2
135005,1
659665,3
908622,3
75786,1
456491,3
490555,3
371999,3
474489,3
96082,3
314469,2
5656,1
396631,2
215405,3
839661,2
70067,2
925000,2
396407,2
223704,3
338612,3
514063,3
437826,3
648965,3
953508,2
379981,3
101339,1
488919,2
220497,2
75746,1
759593,3
152031,3
865875,2
729394,3
149087,3
218025,2
593088,2
795559,3
462374,2
825989,2
827552,3
708454,3
399387,3
563284,3
470366,2
586220,3
483773,3
445190,3
129971,2
389362,2
921447,3
267797,1
282270,3
231353,3
171052,3
914698,2
581739,3
300627,2
509168,2
949684,2
799429,1
120518,2
708938,2
198271,3
1043553,3
536717,3
871631,3
177201,3
259164,2
143443,1
1040676,3
1047956,3
185048,2
161118,3
655321,2
66387,2
194377,2
900664,1
438831,3
880703,3
154544,2
683500,2
81394,2
261561,2
708009,3
712760,2
1025973,3
708311,1
37243,3
372655,1
543042,3
537325,3
102235,3
1034804,2
430885,3
430469,1
219234,3
597361,2
397598,2
737705,3
119853,2
895282,3
247430,1
139928,3
20373,1
929181,3
554980,3
725263,2
231851,3
570876,2
852082,2
58438,2
947129,3
921406,3
1004851,2
212806,3
751874,2
905184,3
723400,2
810539,3
746526,3
782807,2
653897,3
883468,1
25955,2
282915,1
226235,2
503961,3
650553,1
92462,3
5841,3
890483,2
339949,2
447678,1
182631,3
910258,2
640165,3
142130,2
649254,3
704133,2
258276,1
551012,2
217238,1
101329,3
270325,3
333714,2
935549,3
421516,3
263290,2
949705,3
50015,3
270504,2
53487,3
597668,3
252895,1
469686,3
396463,3
549578,3
656900,3
479961,2
785584,2
759216,1
131149,3
629792,1
44922,2
346845,1
702413,3
239665,1
718758,3
418235,3
692305,2
755891,2
93989,1
553000,2
874645,2
897669,1
870035,2
160167,2
617501,2
399348,2
620982,2
740249,3
218956,3
249708,2
38230,1
836836,2
347167,1
425529,1
31782,2
279539,3
982734,3
181429,3
1045039,2
44962,2
717371,1
393650,3
501263,3
986340,2
846513,3
745961,1
236876,3
846343,3
81476,2
15215,3
219322,3
610446,1
807964,3
769212,3
224179,2
238,3
168771,3
592309,2
454726,3
777750,3
948047,2
888407,2
1034438,1
500452,3
535226,3
928448,3
1036188,3
566576,3
8031,3
551822,3
949681,2
160660,3
927707,1
567794,3
43575,3
1028797,3
746136,2
229198,2
211680,2
569001,3
407734,2
602508,2
896542,2
305001,3
976502,3
723737,3
665406,1
542376,2
102613,3
365386,3
93409,3
192831,3
966859,3
835114,2
84373,3
882344,3
537079,1
176499,2
601401,2
79529,3
155110,2
243242,3
468152,3
172528,2
612785,3
946313,1
245509,3
180967,1
202859,3
95400,3
369337,2
193143,2
857182,3
51357,3
283666,2
1032149,3
669769,1
43574,3
250730,2
7426,2
1008256,2
451335,2
971553,3
974867,1
301698,3
654140,2
373941,3
142896,3
644098,2
566220,2
128614,1
681318,3
208645,2
472282,2
376873,1
234247,3
768728,2
530856,3
886145,3
8843,2
216463,1
373652,2
110208,2
941430,2
724636,3
81783,1
933551,2
1032156,3
832816,3
657393,2
901901,2
743684,2
840465,2
739142,2
655100,2
542740,1
732076,3
114295,1
542750,3
50493,2
713196,2
789052,3
147727,3
479873,2
267267,3
158364,3
913887,3
2956,3
980680,3
459743,2
646328,2
472768,2
820030,3
68700,2
384238,2
61250,2
319307,1
504377,2
1033159,3
288032,2
406600,1
220623,3
652091,2
352153,3
572058,2
321562,1
471859,2
122636,3
938400,3
955947,3
706169,3
492363,3
222012,3
67701,2
973951,1
674785,2
862033,2
539627,2
392717,2
935441,3
1018566,3
73794,2
422062,1
1046157,3
417536,3
743945,2
725677,2
413310,2
487302,2
830163,2
609995,2
452759,3
669159,1
976697,1
502356,3
3286,1
380064,2
707605,2
127978,2
980068,2
109460,2
119639,3
338403,2
474243,2
702473,3
328721,2
1030802,1
677732,2
375718,3
31743,3
941071,3
357240,1
42238,1
624082,2
434178,1
990651,3
398449,2
752213,3
95354,2
349028,1
563143,2
494312,3
855653,2
863650,2
351632,2
566552,2
375905,2
523247,2
999491,3
992132,3
620360,3
688588,1
165121,2
44844,1
928246,3
766602,2
956751,3
67868,3
284500,1
706627,2
282238,2
70309,1
1029011,3
415553,1
240066,3
769629,2
892880,3
644519,1
93367,1
399981,3
771869,2
624941,2
60605,3
873166,3
510863,3
660709,2
361772,3
1027582,1
203877,2
881671,2
450284,2
642268,2
42540,2
437450,3
681908,2
183825,3
771269,1
998976,3
213647,2
609519,3
302646,2
467643,3
514357,2
341275,3
818980,3
512678,3
199317,1
702147,1
557543,3
302509,2
752503,1
715649,1
682584,2
159617,1
205121,3
686444,3
212580,3
245627,3
584195,1
748267,2
272440,1
223088,3
309225,3
1004327,2
956321,3
24071,3
374787,2
593074,3
664257,2
957536,1
502665,2
906963,2
58185,3
467123,1
538713,1
379674,3
689708,2
660599,3
533847,3
520291,2
986660,3
997049,2
19640,3
111593,3
650324,3
438810,3
615993,3
438702,3
638327,1
159212,1
92718,3
496595,3
537062,2
730177,1
368583,2
580971,3
445405,3
427146,3
835863,1
633001,3
873716,3
165607,3
809940,3
39700,3
130735,2
610635,3
774843,3
34546,3
395793,1
965922,3
932983,1
469349,3
972847,3
102463,3
818506,3
544036,2
58311,2
268194,2
1049408,3
140188,3
463209,3
851430,3
425855,3
331338,2
403033,2
946175,3
332158,2
171267,1
491220,3
331075,1
729888,2
162378,3
710875,1
899487,2
996989,1
379567,1
931466,2
532696,2
153786,1
606426,3
304059,2
919057,2
81861,2
278424,1
91817,2
784946,3
433493,3
481231,2
870987,2
856279,2
875507,3
445767,2
435364,3
1044223,3
971128,3
689587,2
761229,2
831370,1
445477,2
526188,1
518570,2
593142,3
161637,3
241990,2
165622,3
36660,2
674348,3
161748,3
683321,3
1039918,3
627580,3
853523,2
230950,3
988948,3
164587,3
948857,3
970412,3
604090,2
13625,2
62407,3
105999,2
430935,3
67259,3
801643,3
516836,2
799998,3
841317,1
346825,1
577166,3
1025478,2
99166,2
92175,3
798645,2
246996,3
66726,2
52769,2
176375,2
71726,2
141928,2
277646,3
297979,1
766269,1
1007417,3
911436,2
683114,1
647984,1
51997,1
975404,3
600454,2
254542,2
689785,3
547139,3
874379,3
50829,3
1034085,2
250231,1
488306,3
900547,2
925636,2
604799,2
668986,2
570766,1
712803,2
929374,2
117254,2
751570,1
184338,2
450544,2
648571,2
813480,3
630526,3
263499,1
71587,2
212082,3
735881,2
526918,3
905320,3
604340,3
692918,3
969822,1
333338,1
912614,2
126186,2
656040,2
365814,3
462338,3
684855,2
176486,2
585524,3
898988,3
30691,2
43852,3
357948,2
618792,3
160239,3
886250,3
569025,1
541445,3
766840,3
451231,3
611891,3
1050217,2
362523,3
955956,2
198073,3
981750,2
648094,2
581065,2
1045390,3
452287,2
451131,3
1003345,2
39069,3
79577,2
991836,3
685575,3
684777,2
517226,3
608195,3
149188,3
948083,1
1042045,2
270119,3
410556,2
1045661,2
591199,3
661709,3
747896,3
978528,2
872678,2
957861,2
746169,3
719540,2
832825,2
570780,2
764116,2
928323,2
234606,2
793802,1
122497,2
640998,3
371727,3
701333,2
438812,2
665400,2
983638,2
854734,1
437198,2
979829,2
450420,2
927374,3
565512,3
644790,2
891105,2
77087,2
905284,2
591174,2
478944,2
136027,2
371904,1
912504,2
554704,2
387533,3
850705,1
717616,2
462648,3
376231,1
55122,3
928328,2
126035,2
631015,3
307820,1
109073,3
790161,3
181572,1
371068,2
617744,3
669956,3
847487,2
82032,2
563161,3
78407,3
74534,2
928192,2
159612,2
413119,3
553253,1
1040133,2
6302,1
70248,3
301052,3
641520,3
267058,2
993830,2
406423,3
620783,3
561068,1
878714,3
776020,3
85492,3
225222,2
469613,3
408890,3
591557,2
11916,1
272475,2
98665,3
343324,2
618180,3
206815,2
2957,2
24682,2
895367,3
916528,1
781180,1
80172,2
861136,3
1051066,2
333201,3
152478,1
170846,3
370180,2
70086,2
700384,2
879787,3
874717,2
131530,3
729856,2
359585,2
4113,2
572143,2
947650,1
994675,3
962564,3
611393,2
617046,2
215126,1
164891,3
870068,3
931900,3
610904,1
725446,1
124953,2
469048,2
1031848,1
473922,3
134819,3
610010,3
128978,1
298832,3
613116,3
392530,1
1031043,2
1051123,3
720145,3
74264,3
1051150,3
40975,2
984345,3
5471,3
934794,3
285099,1
117724,1
655660,1
928337,3
1023349,1
446991,2
1046010,2
609243,3
256687,3
79137,2
790255,3
629393,1
442667,2
284619,2
962809,3
858243,3
832649,3
302622,3
697816,3
460945,2
771940,2
133967,1
903731,1
823533,2
529875,2
340418,3
834973,2
104292,1
487187,3
437486,2
523111,2
749169,2
784303,2
643392,2
588321,3
212537,3
417893,3
281170,3
14817,3
837417,3
1027913,2
277950,1
590902,3
721357,3
560489,2
708039,2
398162,3
932670,2
579335,1
977523,2
71379,2
987411,3
844094,2
1037122,1
948114,2
230132,3
569099,3
963855,2
1026559,3
385816,1
271590,2
893958,3
631636,3
206693,2
360830,2
373700,3
152520,1
489744,3
72761,3
1016387,1
803517,3
338066,3
232420,3
250549,3
791108,1
431750,3
725344,1
251228,2
212748,3
1010379,2
729345,1
281414,2
521585,2
723065,3
285527,3
826636,1
77725,3
812547,2
452400,3
158854,2
66443,3
941773,2
829816,2
724998,2
180869,1
240770,2
338835,3
910731,2
72945,2
205461,3
902188,2
658805,2
878110,2
17371,2
762602,2
107794,2
753883,3
941116,3
377380,2
126119,3
303700,1
594875,2
237005,3
1001169,3
210642,2
300764,2
52192,3
505624,3
983490,2
870010,2
490423,2
33489,3
807771,2
442782,3
1022743,1
659498,3
84178,3
96666,2
943290,2
1048125,3
615006,2
462503,1
180193,1
328339,1
924472,2
880474,1
474380,2
189341,2
244884,2
543247,2
259793,1
653912,3
596664,2
114191,1
988012,2
350557,2
520325,2
114565,3
741440,3
939124,2
549541,2
817303,2
724989,2
179469,1
828233,2
186983,1
990190,3
941951,3
214420,3
829069,2
129727,3
346746,3
970691,2
117051,3
478213,2
256424,3
862279,2
334248,1
232352,2
423927,1
824737,3
16005,1
761608,1
515005,1
584016,2
117875,1
138131,2
86404,3
666410,1
856730,3
208145,1
340387,2
662570,3
338489,3
788624,3
245286,2
416687,2
287848,2
814982,1
849151,3
96271,3
266226,3
8034,3
641222,2
102855,2
975203,2
129888,3
283857,2
290326,2
503321,2
82047,2
790410,2
216486,3
27980,3
780972,2
934706,3
855180,2
711615,1
622148,1
893988,2
514541,3
636960,1
1008315,2
452267,3
118159,1
781820,3
527533,3
396397,3
906141,2
411414,1
946575,3
651380,2
593401,2
378886,2
184644,3
520034,3
443719,1
245228,3
761316,2
697043,3
406206,2
718548,2
83380,3
3780,1
663133,2
409874,2
893605,1
834732,3
231436,2
354451,1
968258,3
838379,2
312035,1
724674,2
929175,3
974396,2
28843,3
441206,1
621868,2
529615,2
538069,3
755876,2
928542,3
105097,3
463983,2
435449,1
283728,3
557019,3
964028,2
759721,2
144086,2
587033,2
1039751,3
1178,1
478406,3
600614,3
761273,2
148689,2
985047,3
229057,3
94798,3
519973,2
247019,2
230419,2
173995,3
458931,3
329893,2
61694,2
141098,2
58787,2
781384,1
441826,3
879846,3
338235,3
329455,3
318902,2
570674,2
396120,2
307320,2
404924,2
791462,2
170677,2
689775,3
364077,3
263425,3
922363,3
888261,2
546012,2
638784,3
727277,2
42453,3
4825,2
589146,2
494842,2
863898,3
790576,2
45055,3
894948,3
879310,2
553925,1
736700,3
85040,3
702020,2
112547,1
691947,1
424424,3
811429,2
724352,2
278625,2
775112,2
95994,2
111785,3
771249,3
927283,3
763147,1
1010435,1
686324,2
262952,2
936958,3
976806,3
593362,2
275409,1
906065,1
529577,3
189446,2
202841,1
396038,3
229113,1
450087,2
551795,2
516087,2
165924,2
96369,3
782852,2
476417,2
985407,3
1052607,3
629840,3
251000,3
807554,3
282621,3
522386,2
29428,1
898568,3
110663,3
708701,1
27453,1
383539,1
1010428,2
139496,3
142400,3
38335,2
1040222,2
899555,1
537587,2
1008280,2
312571,2
390341,2
916919,1
457907,1
322809,2
678051,2
936731,2
576880,2
1023844,1
643712,2
949617,3
1010272,2
1031203,1
684904,1
458469,2
706102,3
1003896,2
528871,2
174365,3
349881,3
856063,2
22518,3
123122,1
788771,2
642187,2
373794,1
177990,2
1020499,3
555464,3
749707,1
965355,2
1031735,1
600947,2
239031,1
120163,2
76798,2
105678,2
913426,2
970634,3
177480,3
342836,3
816013,2
420873,3
753499,2
923541,1
780959,3
255567,3
987301,1
695412,3
950373,2
563001,2
139316,3
574881,3
427606,3
410983,3
581327,3
316082,3
863816,3
952650,3
905351,2
288693,2
201910,2
198811,3
992769,2
960648,2
357867,3
58797,3
740197,3
598056,3
1023824,2
841587,3
460275,1
436245,2
69799,3
428103,2
105913,3
18512,3
509432,3
197370,2
933776,2
971497,2
662618,2
842014,3
535324,1
42273,1
580986,3
807265,3
677761,2
547105,2
697273,3
599372,3
544269,1
97051,1
227906,3
161320,1
646525,3
948238,1
666472,3
197837,2
333998,3
211352,3
859899,3
620194,2
934217,2
758488,3
51004,3
583946,2
891499,3
570377,3
118432,1
337073,2
637732,1
197451,3
851367,3
73992,2
52347,3
57997,3
67019,3
875420,2
254642,3
229610,2
179920,3
556070,3
683213,2
687976,1
624501,2
1017951,2
687550,3
685567,2
338169,2
478020,3
294333,3
77972,3
320831,2
709302,3
992981,3
956400,2
268309,3
747971,3
35312,3
68227,3
212257,3
636999,3
12754,2
813869,2
461399,2
353612,2
864906,1
376932,3
43186,3
329491,3
186886,2
293494,3
725889,3
539990,2
58850,1
163650,2
298801,3
533996,2
960639,2
237268,3
44773,3
188782,1
1005176,1
453428,3
281082,3
48150,2
961183,2
677150,2
284866,2
857883,3
471846,2
301700,3
130042,3
899842,2
517105,1
462701,3
137871,3
785288,2
1000080,3
320104,2
387305,2
784605,3
473646,3
188166,3
19990,2
595427,2
242718,2
689266,3
126612,1
741137,2
243070,3
983176,1
838338,1
481087,2
999026,2
316443,2
1039505,2
215655,2
556094,3
466393,2
319375,3
730216,2
1012140,2
731461,3
248248,3
709531,3
166285,3
579712,1
223276,1
552994,1
345795,3
523656,1
675780,3
501706,3
972362,3
279899,3
493423,1
254771,3
157070,2
192026,3
763403,3
447235,1
636564,3
864724,2
124824,3
944484,1
731875,3
422786,3
737184,2
809166,3
1036662,2
896021,2
311730,3
63017,2
47628,2
366514,3
381191,3
393341,3
638105,3
683727,1
606854,3
381118,2
274564,3
324119,2
38612,3
531829,1
733448,3
915618,1
669690,3
772206,3
945907,3
193371,1
170685,1
100037,2
677631,1
680426,2
780533,1
10445,3
835378,2
615758,2
175109,2
415456,3
667997,3
404227,2
1033670,3
475056,3
171230,2
761266,2
689184,2
292775,2
458402,3
193156,1
630091,2
344166,1
338056,3
573518,3
692704,1
441693,3
108421,1
456185,2
43442,2
1046823,3
899478,1
750090,2
549271,3
629510,3
880167,2
439891,3
499266,3
24558,2
841746,3
680824,2
614438,3
566060,3
676980,2
436760,2
229439,3
975362,2
265369,3
24700,3
827964,1
79742,3
683022,3
615970,3
396532,3
497691,2
303513,2
83116,2
304898,1
76043,3
191170,2
644232,3
333713,2
325,2
327563,2
425050,1
321306,2
432655,3
742764,3
818914,3
563759,3
377031,3
568567,1
396290,3
105805,2
131949,1
821718,1
559480,3
725513,3
870558,2
394345,2
450743,1
1046948,3
997233,3
669749,3
513124,2
115325,3
258185,2
716748,3
1043907,2
192963,2
712090,3
711856,2
925939,1
47670,3
705983,1
277246,2
613475,3
832531,2
558881,3
793707,3
311439,2
37790,3
261079,3
281623,2
5984,1
277615,3
848734,3
10970,3
701058,3
295423,2
397757,3
842276,1
1655,1
44041,2
620073,3
208681,1
766385,2
820449,3
610222,2
254394,2
623034,2
663597,3
368282,2
916794,2
615593,3
723790,3
938656,2
330150,1
799977,3
922381,2
623207,3
781561,2
247215,2
821285,3
197983,1
166,1
444751,3
196522,3
855109,2
659325,2
731560,3
967258,3
835455,2
132641,3
212608,2
476965,2
433948,1
911712,1
760198,3
406766,2
307215,3
989159,3
696642,2
661714,2
572150,3
59603,2
860388,1
387293,2
424995,1
898198,2
531873,3
56203,3
291158,3
55398,2
33074,2
1044686,3
918865,3
213391,3
645172,2
186424,1
764712,3
16691,1
1001836,2
24391,3
929991,1
852080,1
34882,3
521460,1
817416,2
639875,3
963750,2
673105,2
103727,2
860525,3
781802,2
348581,3
481815,1
555095,2
359717,2
453298,2
537420,2
862208,3
518176,2
832394,2
819704,2
493355,2
366818,3
47907,3
345920,2
468758,1
251001,3
162065,3
968111,2
753843,3
1037485,2
1002291,3
590439,3
790535,3
911955,2
927133,1
980184,2
927979,3
402331,2
296257,2
862662,2
602912,3
379029,1
768488,3
466162,2
49606,2
521811,3
78091,2
408439,3
122512,2
625244,3
234653,2
154538,2
869959,3
883235,3
1007593,2
484579,3
652774,3
185589,2
966964,1
637496,2
589017,2
48359,1
415594,3
231217,3
862416,2
874627,3
374682,3
699382,3
1042780,2
377145,2
752884,2
155048,3
324748,2
245833,1
241159,2
103310,1
388519,2
607606,1
191304,2
993484,2
597778,1
829358,2
576435,2
8584,2
182795,3
755321,3
911949,2
928058,3
676654,3
724767,2
932952,2
663940,3
59944,1
71997,1
130019,2
356603,3
34982,3
1038539,2
824464,2
377713,3
1030720,1
968441,3
476860,1
420841,2
803861,2
364635,2
809445,2
196951,2
917920,1
719064,3
393128,3
541850,1
1049550,3
124477,2
994569,2
968450,2
1033584,3
157723,3
611723,3
218703,2
514443,2
263730,3
734666,2
899491,3
742288,1
785457,3
377243,3
212525,3
944832,3
632785,3
695439,3
526796,2
32002,2
775908,3
359816,1
295553,2
360588,2
312566,2
910536,2
385051,3
697094,2
959989,1
593952,2
277585,2
238551,2
529335,2
759831,1
966436,3
610352,3
353238,2
304076,2
706172,2
324909,3
130376,3
777530,3
558352,3
667972,2
329608,3
937485,3
121103,3
412872,3
820979,1
920930,3
623863,2
827650,1
250295,2
945250,1
479172,3
72414,1
261463,3
628721,2
548099,3
293097,2
877062,2
641395,3
265849,2
171198,2
581133,3
369437,3
786677,2
26560,2
811022,2
675515,2
316667,3
432195,3
705555,2
388363,2
974240,3
560606,2
758459,2
26433,3
878350,2
338189,3
519347,3
611256,2
859871,1
662378,3
561563,2
918806,1
563927,3
468599,3
39903,2
812588,3
430015,3
963161,2
278862,2
751728,2
833272,3
743908,3
658741,1
885826,2
101455,3
1045255,2
396461,2
815423,1
392294,2
594031,3
989966,3
325471,1
374753,2
245810,1
824299,2
1017610,1
858942,2
576331,2
1101,3
167609,3
487093,3
649024,1
598475,2
518739,3
674186,3
40570,3
405131,1
446347,3
942849,1
481633,2
478294,2
704498,2
351711,3
177934,2
26631,3
949523,3
457508,1
410743,2
878205,3
680574,1
690391,3
809798,3
580966,3
124139,1
215614,3
640843,3
955436,3
238666,2
504574,3
802474,3
290619,3
619146,3
1023132,3
225437,2
341117,2
500827,2
521329,3
366042,3
530683,3
270388,2
945009,2
796069,2
547272,3
431537,3
561508,1
764110,3
559377,2
368247,2
785242,2
72965,3
481424,2
927970,1
1007195,3
302056,1
45480,1
33093,1
1004068,2
789176,3
428088,3
466425,2
727089,3
213424,1
49,2
970554,3
318068,1
528444,3
688370,2
250858,1
654836,1
239836,3
576972,3
290705,1
198524,3
948757,2
95877,3
600775,3
115627,1
453148,1
884991,2
175740,2
323521,2
514208,3
918622,1
499778,3
1038152,2
512693,3
523965,1
782040,1
350924,3
613076,3
599291,1
434203,3
168626,2
61978,3
413463,3
825805,2
992234,1
957970,3
3082,3
831065,3
931352,1
125884,3
775777,1
532701,3
141578,2
116026,2
744912,2
864218,3
462537,3
631777,3
51023,3
683032,3
349332,3
634410,3
941596,3
266684,1
370613,1
478520,3
434790,3
910160,3
859687,3
974605,1
821090,3
669621,3
131431,3
335263,2
210639,2
936678,1
289186,2
539463,3
91617,1
730822,1
602351,2
708406,2
239378,3
896226,2
701982,3
121643,1
664365,2
500236,3
618450,3
66302,1
945196,1
138480,3
460713,1
459644,2
932291,2
493041,3
250153,1
83292,2
523006,3
24705,1
4228,1
337263,3
365938,3
551260,2
509251,3
818726,3
928372,2
692058,2
382021,2
622287,3
432338,2
553424,2
949594,3
170330,3
715182,2
315115,3
1017068,3
604420,2
504968,3
602936,3
284913,2
130898,2
587267,1
969524,3
813610,3
306062,1
165976,3
705533,3
1010736,1
595646,2
965038,1
295639,2
787859,3
10365,2
440745,2
159138,1
239722,1
512785,1
515499,2
567219,2
962377,2
524554,2
645415,2
23394,2
89365,1
472069,1
897094,3
627999,2
698272,2
814345,1
627222,2
335620,3
1027652,3
472664,3
169681,2
1046558,3
371048,2
481962,2
270370,1
193111,1
723825,3
903053,2
578272,3
287061,3
326232,2
292024,2
346726,3
120417,3
193441,3
251829,2
837616,2
951375,3
54196,2
880903,3
804628,2
926392,3
742301,3
893311,3
701465,3
834243,2
1046950,3
17633,3
868678,2
551526,2
71599,3
1012888,2
910754,3
493378,1
342710,2
738568,3
911085,2
258345,2
854641,3
9595,3
1033785,2
345726,3
496205,3
136664,3
873177,2
645114,2
57563,3
600460,1
71668,2
572948,2
442329,1
76627,1
861163,2
618607,2
637354,2
971299,3
93838,2
163114,3
347558,1
279779,1
653715,1
412378,3
145880,3
93303,2
426928,3
167875,1
907507,3
890577,2
171206,2
247339,3
924186,1
768975,2
488250,1
152800,2
985236,3
247362,3
55740,3
637777,2
518591,2
569074,1
512580,1
807680,2
893743,2
969035,3
789271,1
335340,1
91799,2
898837,2
855621,3
852602,2
506700,3
753568,3
501487,2
88063,3
161449,3
423958,3
642379,2
804835,2
918374,3
882218,3
747590,2
148199,3
44278,3
306057,1
725907,3
935493,2
377057,2
5207,2
1012696,3
28122,3
1029834,2
902560,3
1014873,3
468183,1
183150,2
206288,3
509118,3
304849,3
1030032,2
463669,2
464070,2
135473,2
624975,3
178246,1
20011,2
130182,2
903494,3
996664,3
292455,3
771994,3
488227,1
364034,2
1006502,3
916534,1
669338,2
870470,2
188819,2
485848,3
33034,3
820820,2
594719,2
519817,3
12168,3
106655,1
613289,3
148879,2
108901,3
692545,2
382493,3
318942,2
245733,2
610695,2
773952,2
494237,1
324891,3
706642,2
366666,2
479630,3
793126,2
572806,2
204070,2
395380,1
163287,3
967416,2
652385,2
28371,3
327668,2
701038,2
1042476,2
341214,3
237838,2
146921,2
365803,3
553362,1
350854,3
414308,3
93845,1
1044530,3
504733,2
766949,2
594324,2
986372,1
552967,2
547014,2
683314,2
202925,3
205546,3
268766,2
868255,2
231552,2
165698,3
777827,2
178057,3
346267,3
731982,1
687894,2
5571,3
455970,2
386353,3
409718,1
623851,2
449306,2
335576,1
531867,1
141166,3
290685,3
848023,2
807649,3
1043393,2
258244,3
403614,3
920762,3
114504,2
930299,2
8544,3
53859,3
250016,1
727279,3
638221,1
424275,3
127353,2
889138,2
934796,2
321636,3
99920,2
252383,1
384849,2
374808,2
538344,1
728461,1
200790,3
381588,3
523431,2
366025,3
791354,3
170906,2
795000,2
362648,2
772136,3
413411,3
814000,2
101576,2
474815,3
778444,3
269633,3
647972,1
571157,2
672792,2
887,2
784428,1
744997,2
615654,2
221546,2
404677,2
540927,1
586773,2
948639,2
74823,3
788101,3
329507,3
880996,2
568111,3
587349,1
59251,3
90307,3
227410,2
1013007,2
838047,3
175250,3
810345,2
497744,2
275335,3
915331,3
566199,3
263502,1
248287,2
298647,3
643617,2
638362,1
465077,2
18088,1
508542,2
529545,2
730286,1
421217,2
474625,2
570385,1
578027,3
130716,3
414992,3
307834,1
420844,1
955079,3
413534,3
622199,3
384448,2
86980,3
917123,3
409787,2
13508,3
593457,3
748365,3
405000,2
177057,3
225559,3
507273,3
434494,3
454054,2
758212,1
587155,2
412910,3
592117,2
810019,3
791339,3
353169,3
564266,1
557787,1
423366,1
844635,2
331768,3
273928,1
351430,2
592532,3
236274,2
976277,1
980411,3
344943,2
135493,2
784613,2
343606,3
1025713,3
659765,3
765215,3
683457,2
893161,2
746301,1
667723,2
618780,1
434292,2
899073,3
885321,2
416535,3
822146,2
644304,3
247871,3
252162,3
844980,3
441917,2
816868,3
266851,1
145296,3
596574,2
419392,3
461212,2
289241,1
665815,3
89713,2
525243,1
442814,3
885752,3
893732,1
105372,2
880731,3
386490,2
378844,2
381129,2
817635,3
551095,1
864745,1
76510,3
434621,3
87738,1
29036,2
29599,3
820490,2
722912,3
42993,2
898192,2
1026611,2
974407,3
722960,3
255344,3
745124,1
30683,2
532918,2
23988,3
886781,3
620968,3
1010282,2
824958,3
246214,2
995378,1
319290,1
664921,3
758053,2
764636,1
803932,3
65992,3
315916,3
314638,3
147043,1
186230,2
478843,3
788188,2
1013095,3
665979,2
289840,2
592781,3
1052260,3
446838,2
704030,2
630804,1
348585,2
61175,3
900592,2
322867,3
148592,3
821042,3
207948,3
377364,3
626185,2
988907,2
85576,3
776581,3
925220,1
554405,2
1047680,2
363655,3
158990,3
129009,1
636514,3
793585,3
82687,3
676557,3
637128,3
984692,1
316225,2
959206,2
433596,1
702715,1
525891,1
303279,2
181855,3
536424,1
168491,1
83779,3
238102,2
991037,2
870996,3
292625,3
635348,3
745745,3
281052,2
347899,1
853360,3
180134,2
194145,3
573595,3
969087,2
65804,3
16959,3
920060,2
666747,1
867813,2
721124,3
416759,2
461119,3
737381,1
316248,3
403240,1
761393,2
357171,2
173644,2
628694,1
507745,3
50190,2
596053,3
722748,3
639577,2
226375,3
171335,3
190990,2
209115,2
255697,2
728844,2
247406,3
547736,3
391507,1
693337,2
960614,3
151913,1
599689,1
452691,2
27386,3
837586,2
213549,3
724577,2
312532,2
427921,1
833500,2
853765,3
599970,2
323592,3
607165,2
487118,2
679630,1
967748,3
335443,2
53991,3
4710,2
518141,3
938245,3
10258,2
385407,2
772669,3
309935,3
848080,3
784837,2
858126,3
617551,2
948372,2
452201,3
265677,2
147672,2
1035703,3
730672,3
435856,3
343320,3
417488,2
834297,1
317099,3
140700,3
187920,3
248731,2
723862,3
663250,3
852236,2
115772,1
717691,2
161579,2
109517,3
41452,3
363582,1
212988,3
111302,2
399158,2
711468,3
120627,2
866334,2
612217,3
587621,2
1033740,2
261099,3
315243,2
105064,3
1027124,2
304896,1
310473,2
958647,2
698222,1
6015,3
99051,3
578514,1
182382,3
35321,2
96625,2
76992,1
353073,1
911726,2
272097,1
568992,3
88158,2
318407,1
1011454,2
461227,3
576278,3
492615,3
689140,3
611430,3
598002,1
430776,3
662941,2
500588,1
273224,3
388513,2
472682,2
620692,3
474838,3
95832,2
116575,2
875493,1
555384,1
569346,3
758940,2
78835,2
571232,3
917142,2
374961,3
735805,3
289696,3
634597,2
429919,3
353173,2
459459,2
126820,3
467841,3
15655,2
19403,3
843375,3
65198,3
150455,3
415604,3
952081,3
290846,3
641886,1
583261,3
950673,3
585659,3
743386,2
942691,1
926363,3
941892,2
599214,3
496940,1
984802,3
997514,2
301986,1
27904,3
720343,3
169089,1
866019,3
310781,3
391528,3
503797,3
263822,3
761487,3
639378,1
814131,2
401519,2
246827,2
322239,2
281586,1
378896,3
526534,1
691916,2
905547,1
319830,2
464271,2
687881,1
673030,1
885989,2
952176,1
849090,3
474921,2
803742,3
74973,3
682366,1
675264,1
382169,2
46792,2
676368,1
551918,3
433527,1
337406,3
489616,1
266536,2
412589,2
350492,3
641268,2
899015,2
815530,2
765823,3
167476,2
1008945,2
880423,3
355049,2
1024902,2
701764,1
836737,2
430426,2
1047789,3
667246,2
601114,1
524433,2
172095,3
738994,2
130191,3
314899,3
421385,3
455190,2
34694,3
420009,3
648900,3
881954,1
1024248,2
902499,2
357037,2
257000,1
589359,3
523791,2
232488,3
936759,2
440453,3
1021570,3
662901,2
615317,2
953942,1
296016,2
855176,1
496978,3
371709,2
550614,2
924599,3
582656,1
27588,2
83912,2
594441,3
955804,2
662455,3
577544,1
148120,2
149198,2
414826,2
685903,2
1026427,3
977196,3
65446,3
866233,3
769926,3
227777,2
154386,3
860545,1
556529,1
921804,2
856226,2
956506,3
517597,3
1007978,3
84132,3
516160,3
146155,2
238782,2
651952,2
923843,2
25626,3
821591,3
827741,3
647536,3
295790,2
828506,3
1031884,1
689359,3
836387,3
539948,2
750888,3
115982,1
850143,1
1039374,2
897702,1
586029,3
379245,3
944010,3
387685,3
900455,2
432015,3
836596,3
290719,1
303415,3
802736,2
833158,1
569647,2
349052,3
936252,3
1009553,3
510482,2
316119,2
591734,2
627308,1
405883,2
178388,3
727877,3
972592,3
229350,2
316760,3
335947,3
672058,3
971206,1
427013,2
481096,3
226638,2
433071,1
982917,2
808740,3
644695,2
943403,3
551475,3
557509,3
110255,2
67168,1
717997,2
419651,2
1016180,3
636034,1
936421,3
231139,3
971166,2
779452,3
441380,1
585955,3
796810,2
821842,2
7060,2
377429,2
786979,2
670332,2
191372,2
485463,2
247539,3
20588,1
358857,3
440115,1
277146,1
663241,3
686729,2
515844,2
569173,1
360332,1
1030663,2
326546,3
408214,1
788323,2
676386,1
515393,1
470566,3
587620,3
1046326,2
85521,1
767553,3
50270,2
844199,2
1006886,2
895214,2
184701,3
559293,2
893737,2
913473,3
906442,3
582968,3
554743,2
266407,3
164730,3
867062,2
158076,2
630197,3
434609,3
744714,3
20949,3
962116,3
241052,3
208044,3
748718,1
180142,2
489626,3
855510,1
441785,3
564853,3
930532,2
750911,3
615179,2
253063,2
215310,1
334637,1
854850,1
97630,3
962639,2
154670,2
982935,2
955196,2
321010,3
372563,3
231488,3
280329,3
994542,2
458702,2
413335,2
632433,2
997344,2
553378,3
203245,2
359702,2
314156,3
743681,2
540019,3
309742,2
608946,3
623142,2
598476,2
30753,3
92733,2
331667,1
147948,2
735915,2
77428,3
376576,1
747488,2
627053,3
788976,3
216216,1
783973,2
930223,3
525610,3
533760,3
435348,3
973293,2
914143,1
883594,2
371993,1
32884,3
893144,3
675023,3
1008003,3
874492,1
127847,3
682586,2
467728,2
742685,3
617868,3
223758,2
814650,1
1036670,1
225894,3
304848,2
858713,3
630699,2
98598,2
391806,2
38890,3
145956,1
168200,3
844252,2
375505,2
660491,2
475822,3
394149,2
126897,3
356632,2
873613,3
101217,1
690145,2
171042,3
588809,3
448345,2
445530,3
2524,1
675429,3
647555,3
847761,3
822986,2
993257,1
732008,2
777970,1
721656,3
80865,3
1040306,3
155557,2
699268,3
387832,3
864117,2
508349,3
682181,3
471487,1
316084,1
184709,1
987092,2
843779,2
575247,2
937150,2
492117,1
940879,2
726754,2
793554,1
195432,1
753912,2
60256,3
283519,2
291895,3
484600,3
932346,2
482012,2
397342,1
537876,3
128346,3
252861,1
370407,3
394631,2
80496,2
271686,2
720876,3
364267,2
821921,1
948919,2
333472,3
637306,2
363892,2
387634,2
881433,3
319956,2
279107,2
508805,2
398320,3
993172,2
501327,3
860918,3
569620,1
702093,2
182912,3
524434,3
685987,3
974124,3
833754,2
982101,3
584141,1
1005113,2
547299,2
1006968,2
54967,2
712678,2
352692,3
263961,3
958311,2
352313,3
742454,2
897509,3
780029,3
395117,3
748217,2
965113,2
92544,3
466133,3
567148,2
135815,1
732174,2
744652,3
672672,2
214306,2
21391,3
865470,2
303127,1
457583,2
160926,3
58615,1
596346,1
263197,1
881459,3
853310,1
691494,3
353790,3
551391,2
743815,2
552769,2
819121,3
132505,3
344327,3
1012232,3
111057,2
26784,2
724795,3
673034,3
270083,3
858060,3
763748,1
887413,3
40194,2
880365,1
321910,3
723237,2
884537,2
1016421,2
594125,3
879963,2
681529,3
118802,2
127441,2
569299,3
218134,1
1040673,2
691537,2
30198,2
72766,3
169073,2
578920,2
137640,1
20595,2
687045,3
496073,1
731519,2
465158,1
164943,3
980226,1
807055,1
8906,3
751155,3
530037,3
631648,3
687981,1
530894,3
125890,1
471377,3
921352,3
197984,2
993634,3
86215,2
669522,2
496131,3
175914,2
289625,3
392044,2
324238,3
900760,3
187645,3
354609,3
988429,3
972671,3
1008483,3
684208,2
189680,3
946954,2
344022,3
335762,3
249276,3
307120,1
481985,1
20439,1
462474,2
268745,3
600690,1
396351,3
879525,2
753987,2
705964,1
111733,3
543005,2
206408,2
639218,3
1047339,1
614410,3
264550,3
267012,3
1002020,2
296750,1
88137,3
949584,1
158752,2
946783,1
900105,2
155755,2
829510,2
492559,3
681898,3
600118,2
209732,2
919657,1
731349,3
294304,3
898621,2
774891,2
807048,3
438406,1
642196,3
1024009,3
125329,3
787121,3
841459,2
20509,3
577896,2
345659,1
613865,3
949823,1
549534,2
597921,1
13550,1
817043,2
177007,1
746034,2
224064,1
506479,3
792478,2
590395,2
906127,3
444535,3
719863,3
859446,3
850286,2
487525,3
466171,3
586254,2
445384,2
50145,3
554171,3
545925,1
261985,1
25247,3
235801,2
405265,1
988250,2
886673,3
23423,3
1018437,2
617494,3
620992,3
743181,3
573703,3
107153,1
665842,2
341261,2
906150,2
140426,2
658058,3
898558,3
582315,3
787231,3
477672,2
107648,3
348880,3
762650,2
512895,2
1030894,3
1015125,3
223141,2
774774,1
547756,2
1042853,3
514674,2
512636,3
342998,2
826189,1
115547,1
828130,3
938608,2
943038,2
105759,3
17617,1
1031141,3
994985,3
655738,3
752314,3
462112,2
236081,3
54316,2
485618,3
1032511,3
726927,2
506344,1
929327,1
403513,2
949695,3
322398,2
513953,3
860791,3
486663,2
707868,2
304665,3
749699,2
268164,3
791278,2
386515,3
132127,3
881532,2
1036532,2
78611,3
801567,2
314431,1
509402,1
3764,3
718643,3
972138,1
827886,3
100063,3
312364,3
422827,2
172089,3
952983,2
193071,3
459903,1
158601,2
611184,2
808559,2
365424,1
967229,2
898550,3
828565,1
441270,2
449753,3
927405,2
310091,3
603045,2
136740,3
327449,3
1046718,2
711766,3
434468,2
179454,3
148428,2
811585,1
586598,1
464315,3
932374,2
39706,2
894038,2
585020,2
115532,1
863681,2
160698,1
803760,2
180835,2
80946,3
610822,2
961029,2
1044963,3
93512,2
178772,2
297498,2
238186,2
454359,1
209335,1
574737,1
65988,2
126824,3
121969,3
360592,2
457456,2
737847,3
627229,3
549610,2
790483,2
190321,2
361852,1
697181,3
976550,3
145051,2
967754,3
462935,3
976659,1
944250,2
906032,1
872889,3
710871,1
325855,2
108295,2
128267,3
346235,2
776208,2
1010161,3
766826,3
345330,3
611336,2
1034911,3
29192,3
589412,2
736253,3
766926,2
728141,3
226305,2
703907,3
700897,2
840167,1
186968,1
403876,1
46915,3
721448,3
135937,2
503588,1
754087,3
288395,3
415789,3
972092,1
1047172,2
650557,3
1016699,2
261277,2
19238,2
541659,3
197249,2
456604,3
676861,3
669661,3
128853,2
859530,2
309708,1
59709,1
202705,3
729939,2
253661,2
238838,3
234171,2
529410,2
784862,2
961145,1
709074,2
12120,3
957207,3
376868,2
887405,3
842569,1
313173,1
578249,3
182987,1
107182,3
477454,2
397670,2
425064,2
363899,2
181641,1
608662,3
495386,2
950623,2
650610,3
424115,3
185341,2
51951,1
297746,1
857230,2
854271,2
370509,3
682286,3
895761,3
322308,2
473494,3
275670,3
881119,2
1051287,1
944272,3
910919,3
997431,2
309813,3
769371,3
187598,3
1033186,3
418835,3
501695,3
953156,2
782404,3
345155,3
433238,2
981031,2
24509,2
472700,1
14179,1
324854,2
101446,2
122817,1
581798,3
1031228,3
728879,2
384635,2
815710,3
344608,2
414125,3
139,2
109363,3
740006,3
765929,3
365215,3
870182,2
668042,2
781767,3
1029957,2
969477,2
737865,1
922987,3
688758,3
552233,3
865014,3
592930,1
277518,3
123681,2
55503,2
423890,3
567083,2
88224,1
248355,3
424236,2
77488,2
505652,2
847833,3
492380,2
524382,3
402312,2
733320,1
158636,3
663549,3
360167,3
718953,3
452607,3
357479,2
189151,3
396944,2
278471,2
1019973,2
983506,2
665552,2
638773,2
682024,3
830172,2
176884,2
268212,2
709351,2
481395,3
211948,2
699239,3
452030,1
819288,3
982311,3
281127,3
492170,2
864428,3
201625,1
214513,2
148518,3
923749,2
469095,2
647936,3
405662,1
625940,2
430704,2
447165,3
733237,2
395199,1
987914,3
931507,3
245015,3
725787,1
533688,2
978823,2
283448,2
480865,2
195816,3
1001112,2
473186,3
147203,1
110825,3
456054,2
262173,2
16962,3
284846,3
67852,2
839991,3
657039,1
977750,2
83857,3
649222,3
667220,3
566214,1
567144,2
267672,1
773493,3
752459,3
538787,2
334353,1
1018126,2
826606,3
1051670,2
721517,3
651759,1
160304,2
392276,3
398410,2
143577,2
855307,2
765324,3
353542,2
3335,2
542012,2
804061,2
217218,3
270769,2
882230,3
29152,2
973252,3
1011973,2
354993,2
981082,2
606545,3
995111,2
521396,3
537559,3
297870,2
570749,2
243214,3
423979,1
75326,1
705947,2
563813,3
825979,1
147990,3
1010858,3
72668,3
369069,3
832199,3
635982,3
284544,3
799883,1
307775,3
997596,1
563445,3
314902,3
486504,1
782375,3
243908,2
607940,1
829802,1
480977,3
1032883,3
406637,2
87147,2
324766,2
25336,3
619273,2
840907,3
312575,2
1010018,2
776808,3
408333,3
714044,2
953467,2
695400,3
629338,2
825286,2
430836,1
933794,2
384883,3
1032373,2
716899,1
672948,3
998165,2
325270,3
20009,3
892731,2
200579,2
833031,3
326366,3
144911,3
828040,3
443636,2
365555,3
624200,3
51936,2
882941,1
403086,2
330653,2
886174,1
237202,3
899185,2
714592,3
694107,3
649201,3
709756,1
632002,2
174011,2
910597,2
913269,2
200044,2
573351,2
372526,2
254930,2
484924,2
6664,2
437437,3
555834,2
509189,1
510532,3
519811,2
567112,1
824139,2
451171,2
367661,1
201846,2
48763,2
940414,3
375233,2
1052850,3
190239,3
73087,1
518234,2
909199,3
42573,3
522016,3
468507,3
743428,3
833706,3
369775,2
166561,2
879137,3
835942,3
459224,2
659681,3
931034,3
32559,2
843435,1
145968,2
943381,1
158745,3
899378,3
26569,3
540801,3
536078,3
993747,2
658800,3
922109,3
918703,2
708604,1
265767,3
151977,3
819353,2
30224,3
837303,1
925807,2
821396,3
1015841,1
459618,3
191264,3
816283,3
923163,2
87022,3
1002968,3
29849,1
495103,3
160256,3
923634,2
779309,3
925836,3
325660,3
557196,2
631999,2
497258,2
1047139,2
81913,1
521468,3
833374,3
551880,3
712035,1
65355,3
129048,2
432436,3
450707,3
845828,2
541613,3
151098,2
535115,2
271624,3
972482,3
967673,3
615090,3
98129,2
474820,3
13958,3
345565,3
988961,1
738515,3
769510,2
772617,3
690683,3
170771,2
15553,2
486097,3
281517,2
237071,1
21435,1
220150,2
44708,2
206660,3
677286,2
546961,3
923132,3
758147,1
654582,3
707420,2
169043,3
184744,1
895331,3
595198,2
1032558,1
326593,3
47611,3
291302,2
316289,3
750179,1
420355,3
989821,2
805317,2
440949,2
633478,3
152395,3
674504,3
713871,2
637598,1
458890,2
565733,2
331221,1
364482,2
503938,3
699893,3
916971,3
75651,2
231457,1
669271,2
687984,2
28149,2
31943,2
574352,2
304954,3
955314,1
756530,2
285829,2
577172,3
535955,2
407059,2
810443,2
175079,1
428610,2
692776,2
399278,1
630876,3
965000,3
115587,2
863778,3
3664,2
365457,1
99410,1
250044,3
841938,3
607750,3
1039338,3
584173,2
676039,2
467311,3
464648,1
341371,3
134705,3
533637,3
25678,3
742753,2
846285,1
179986,3
1023190,3
320637,1
101599,3
753982,2
666284,2
973541,3
137686,2
212163,2
516696,3
228722,2
985894,3
817381,3
398872,3
1047594,3
810169,2
215317,1
834712,2
20334,2
417527,3
186459,1
641003,3
792803,1
663659,2
186605,1
14366,3
911875,2
884843,1
424024,3
795215,1
54225,3
252646,3
347584,1
495970,3
546827,3
722637,3
619704,3
969699,1
333373,2
377739,3
25755,1
356158,3
906513,3
765937,1
13156,1
1034504,1
216955,3
810437,1
620780,2
184873,1
972412,3
1010554,2
612631,2
228576,1
641146,1
261825,3
656271,3
431168,3
735630,1
804030,2
965620,3
763672,3
1035548,2
900785,3
471523,1
696529,1
12751,3
268980,3
587125,3
647816,3
587408,3
115054,1
369161,3
904629,2
20023,2
994861,3
675301,3
230881,1
780615,1
944949,3
356583,2
905755,2
216211,3
1025842,2
797999,2
311734,3
586391,3
606637,3
422702,3
423897,3
336420,1
665318,3
393722,3
947350,2
888907,2
942731,1
709144,3
478431,3
763609,3
234441,2
728859,2
11466,1
845614,3
13852,1
544539,3
511253,2
418274,2
19766,2
573749,2
256444,3
989152,2
884238,1
208956,2
190662,1
365916,2
205242,2
544846,2
44284,2
493789,3
39886,2
1019527,2
119942,1
93899,2
414126,2
414925,2
434133,1
484213,2
358509,3
227126,3
437640,2
825022,3
373088,3
984651,3
446360,3
901514,3
811824,3
243007,3
151033,2
192626,2
617390,2
430462,3
303093,2
1022565,2
164628,3
96146,3
273946,2
695759,3
714250,3
92116,2
136915,2
342807,2
930220,1
864941,2
196409,3
195249,3
911069,3
250313,2
255601,2
699472,3
235209,2
747620,3
735574,1
277770,2
578582,3
618991,2
346044,3
326810,3
567680,2
289550,3
982693,1
391097,2
279735,3
917588,2
434531,3
469968,2
167283,3
463963,2
1006288,2
506012,3
439059,1
700952,2
18386,2
708671,1
600902,2
377519,3
51841,2
1029081,2
1022550,3
365179,2
326053,1
1017362,3
691621,1
835220,3
1020828,3
977177,2
1044658,3
819776,1
1039208,3
1049711,2
555453,2
16203,1
270420,3
663778,3
2467,1
899272,3
728961,3
867746,3
263884,2
449214,2
76303,2
543451,3
204763,3
676511,3
137218,2
572616,2
390516,3
176199,2
121827,3
302468,2
286541,3
243521,3
547639,3
646666,3
662847,2
666852,3
554268,3
475379,3
840444,3
549006,1
650466,3
508652,2
137939,2
489290,3
304405,2
800289,1
679214,1
409299,3
810842,2
1044557,3
363523,2
113207,2
966298,3
477757,2
81206,1
269421,1
481165,2
654458,3
769469,2
980370,3
677923,2
501827,3
404311,3
206853,2
531681,2
647538,2
91294,2
386599,1
29971,2
642419,3
786412,3
535508,3
456531,3
976085,3
135994,3
450416,3
1008155,2
471559,3
827405,1
557442,3
648937,2
72008,3
781751,2
34000,3
237549,3
430455,2
847245,3
674603,1
1038502,3
98231,1
304715,3
864394,2
416680,2
400518,3
71070,1
760658,1
998504,3
898624,2
304111,2
423186,3
363681,3
689121,2
643126,2
207915,2
492142,3
689851,2
1041876,2
1031213,3
243591,2
809212,2
274532,2
576174,2
425323,1
526088,1
565576,2
636010,1
919849,1
221302,2
560582,3
591881,3
581353,3
307377,1
33793,3
32920,2
711623,1
1021373,1
458102,1
53283,3
736413,3
462684,3
370052,1
902240,2
662751,2
845234,3
534976,2
630972,1
138893,2
549427,3
129761,3
856369,2
451833,2
840911,2
1009736,3
530718,3
782765,3
121925,2
670592,1
809944,1
46320,3
252300,2
369968,3
764677,1
431941,2
839024,3
298343,2
969194,2
869072,3
880881,2
114457,1
818743,3
839105,1
961695,2
553998,3
875859,1
705470,3
211536,1
205516,1
944082,2
748313,1
1027020,3
855533,2
213964,2
90890,3
1045779,3
384568,2
478585,2
191797,3
148657,2
294816,2
984837,3
713682,1
726359,2
674701,2
28842,2
250897,3
1023866,2
912293,3
424791,1
182908,3
121281,2
1028221,2
1015176,3
147664,3
658807,2
330083,3
920461,3
432269,3
353154,2
867157,3
1012511,2
552558,2
111138,2
3375,2
126252,2
1048478,2
655699,3
734236,3
563959,3
558429,2
793024,1
681474,1
828523,3
199424,3
564063,1
723937,2
647606,3
384679,3
824418,3
435358,1
605019,1
333446,2
741252,1
469471,3
950356,3
662906,3
915154,2
607254,2
838402,1
232801,3
382382,2
983531,2
700426,3
975238,2
1018325,2
326570,3
528496,3
770554,3
906675,3
217349,2
782604,1
1016627,3
890527,2
447556,1
62526,3
113527,2
963364,3
651440,1
119707,3
616503,3
45438,2
391227,2
95102,1
788729,3
484815,1
754112,1
294869,2
193867,2
608230,3
529266,3
97492,3
696457,3
694736,2
826339,3
401185,2
943068,2
912510,2
233730,3
223048,1
172247,1
602975,3
598875,2
297862,3
503969,3
364875,2
542211,2
562402,3
574955,2
844436,2
549412,2
1051907,2
933324,1
556053,3
271588,3
759816,2
551078,2
914468,3
811241,1
47640,2
181797,3
675180,3
987028,2
716866,3
488911,1
273435,1
544558,3
854717,3
489282,1
629388,3
560566,2
724748,3
310991,3
796560,2
226767,3
400028,3
392711,3
573002,2
907943,3
51827,3
93914,2
881587,2
181811,1
618972,1
741865,2
1045662,3
47484,2
949049,2
735009,3
805131,2
908505,3
569592,1
807806,2
526457,2
56901,3
88967,3
1014605,2
746853,3
753440,2
677216,3
497518,2
573346,3
14364,2
851624,1
362503,2
618129,1
348139,3
124797,3
256058,1
322055,1
398851,3
1026642,3
316249,1
71753,2
924748,3
24956,3
277621,3
534111,1
595712,3
715378,3
200308,3
365780,2
440352,1
154586,3
149082,2
76806,1
430547,2
185183,1
986900,3
344582,1
943575,2
652113,2
751848,2
998064,3
235680,3
98174,2
251849,2
351059,2
411027,3
307838,2
746427,2
453110,2
522691,2
51210,3
125829,1
925709,3
55804,3
402673,2
609417,2
822444,2
973378,3
847853,3
972225,1
20738,2
803650,3
817710,2
114262,2
785141,1
720686,2
594566,2
816422,2
844846,1
978324,3
1040307,3
40075,3
964565,2
298900,2
347980,1
481918,1
456721,2
335624,2
88685,2
344371,3
1033539,3
950391,3
789162,2
466830,3
676720,2
243240,2
256772,2
982005,1
849625,1
710726,3
789945,2
553097,3
729500,2
692460,2
179153,1
358483,3
591743,3
129488,2
294305,2
348845,1
242847,2
642669,2
925287,2
671494,2
408509,3
228523,2
738417,1
790180,1
382565,3
941366,1
97433,3
951255,1
618845,1
597201,3
582438,3
123767,2
231387,2
693375,3
728112,2
282390,1
41750,2
860819,3
857381,2
944776,2
84268,3
784044,2
179544,3
351002,3
209879,3
781283,3
177561,2
420263,1
481185,3
642059,3
466466,3
379199,3
280695,3
362118,2
698572,2
877591,1
662267,3
250316,2
877022,2
1012576,1
858982,2
904014,3
153631,3
14845,3
877538,1
104477,3
1024738,2
871365,3
235399,3
912987,3
38096,2
28900,2
56193,2
678947,3
269518,1
294016,3
115247,3
175346,2
94713,3
1004819,2
935313,1
188791,2
107663,3
351756,1
1043077,1
991709,3
662048,3
117533,2
7931,3
721139,1
1007631,3
978711,3
261077,2
1017035,2
792722,1
756386,2
1036723,2
373045,2
688192,1
1008,1
1022727,2
577723,1
214787,3
921043,3
559789,3
344034,3
955766,3
870686,3
143178,3
52634,3
316984,3
949593,2
342978,2
187007,1
1036061,3
1048975,2
490970,2
654308,2
565484,2
772829,2
624346,1
784117,3
664540,3
401473,1
449038,3
530325,3
594488,2
158420,3
674976,1
148878,1
363597,2
1042892,2
406888,2
579926,3
280822,3
138091,1
511443,2
425838,3
113235,3
861731,2
899315,1
993677,1
775997,2
826529,3
755234,1
656924,1
1036302,1
272785,3
133272,1
840771,1
713941,3
828992,1
672165,2
423500,2
133903,3
767064,3
892048,1
889179,3
853526,3
452221,3
693965,2
149281,1
835698,3
143244,3
1013322,1
135211,3
734162,2
296699,3
402750,2
730084,2
1023503,3
1045928,2
473861,3
807382,3
254767,2
430863,3
918061,2
90588,2
1006782,2
334064,2
780549,2
367853,3
299106,3
632399,1
329939,3
108115,1
467475,2
1011447,1
731737,2
141468,3
126561,3
323490,3
774269,2
833263,2
533747,3
475847,3
402328,3
192680,3
494844,1
952460,2
318846,2
533923,1
365653,3
572307,2
243206,3
700823,2
301273,2
13781,3
116392,1
72343,2
890792,3
928464,2
216443,3
469192,3
453105,1
714730,2
997531,3
787822,3
990265,2
750247,2
562907,3
929043,2
271330,2
143323,2
518753,2
145484,2
382544,2
490373,3
782476,2
782025,3
268234,1
48652,1
356417,1
83582,2
319749,3
509052,1
736548,2
494687,3
192314,2
606762,2
91164,2
883608,2
772626,3
757214,1
335262,1
925889,3
253405,3
1017506,2
706469,2
611666,2
20441,2
403190,2
332507,1
441170,3
623420,2
1050056,3
828742,2
279190,3
926140,2
812425,3
132584,2
296174,2
718796,3
403811,3
187573,1
296215,3
942743,2
205344,2
116185,3
999205,2
675919,1
503791,2
575042,2
47941,2
584292,1
649378,2
66696,2
572794,3
481442,3
13769,2
667390,3
663917,3
545887,2
781890,3
55832,3
758229,1
922650,2
116910,1
151819,2
287425,3
673076,2
618843,2
965254,1
793556,1
833581,2
666302,1
62777,2
605278,3
555977,1
1008917,3
437999,1
872270,2
673676,3
518987,2
942860,2
762449,3
799847,3
842892,1
530985,3
555772,2
469612,3
287980,3
477741,3
1026223,3
950280,2
46352,3
636732,3
478556,2
111676,3
506645,3
304585,2
340186,2
221676,3
334503,3
386065,1
524298,1
696507,3
817336,2
584984,3
224219,3
816959,2
943504,2
865140,1
815875,3
459858,1
695950,3
190778,3
564663,2
1037221,2
302460,2
246783,1
62310,3
802239,3
262963,2
611657,3
615196,3
724901,3
1018136,2
277259,3
125209,2
4269,2
8625,3
876506,2
246196,2
685872,1
828884,1
302529,2
794325,2
235380,1
623215,3
74241,2
676025,2
12429,2
143280,2
896766,3
21810,1
184379,1
890678,1
870732,3
876574,3
913339,2
122906,2
239670,3
302209,3
145926,3
540567,1
604675,3
941995,2
749192,1
149246,2
612226,1
156823,2
722588,2
731869,3
611520,3
465418,2
495374,1
258368,3
451378,3
30236,3
204969,2
397742,3
178447,2
735558,2
553654,2
897061,2
817400,3
960824,3
920518,2
343301,3
362007,2
389526,2
55686,1
194402,3
673767,1
984296,2
94003,2
1026632,2
895999,3
264555,2
618031,3
1036858,1
356652,2
757437,2
353858,3
807319,2
79853,1
830880,2
1003450,3
914054,3
357398,3
261821,2
257643,3
641310,3
925399,2
646865,2
351785,3
756358,2
364154,3
763239,2
405764,1
989678,1
56201,3
303296,3
795788,3
455238,3
541802,3
80480,3
906508,2
995773,2
961246,3
97624,2
784093,3
982535,3
589223,3
565778,1
295022,2
990099,2
470311,3
951690,3
790663,3
171087,2
207141,3
40611,3
100399,2
683406,1
189760,2
26336,3
443697,3
661143,2
80243,3
430339,2
46522,2
631481,2
62969,3
951411,2
582822,3
335110,3
700613,3
767619,3
1012042,2
844414,3
811658,3
599917,3
252550,2
297625,3
646830,2
1001048,3
539766,1
292427,3
885606,1
715239,3
859817,2
441929,2
1052588,3
845958,3
535980,2
978551,3
911824,1
563800,2
837275,1
25911,3
675188,2
291552,3
455369,3
689454,3
206104,3
262010,3
254787,2
702692,2
636314,3
826597,2
499086,2
622337,3
977590,2
828407,2
177266,3
972946,3
806075,1
118058,3
96124,3
187349,2
406288,1
518852,2
336198,1
302924,2
123958,2
448575,2
779841,3
247784,3
586305,2
923777,3
771387,3
644835,2
874387,3
26131,3
666021,3
932316,3
184625,3
915952,1
892413,1
885030,2
630644,3
787487,1
280008,2
668267,3
588338,1
168411,3
884833,3
901378,3
522473,3
235764,2
165395,3
322233,1
564487,3
281240,2
467946,2
444501,2
989913,2
864768,1
111867,1
923980,1
450684,1
859024,3
599436,3
2852,2
823819,2
789069,3
295708,3
888305,3
701983,3
1000759,3
701720,2
1263,3
846209,1
863598,1
823354,3
789627,3
906471,3
757416,3
794907,2
924885,3
41505,3
342264,1
781312,3
945360,3
496511,1
445162,1
351656,3
425744,2
979310,2
412177,2
947357,1
137075,3
161808,1
712033,2
447083,3
283470,3
526595,1
934452,3
1038252,2
1018064,2
691983,2
83091,2
998348,3
275420,2
421155,1
42403,1
484718,3
440396,2
781586,2
882024,3
582331,2
643333,3
58500,2
1052492,3
584809,2
478932,2
964499,3
900465,2
488619,1
478360,1
512129,3
523315,2
865969,3
559546,2
11997,2
852136,2
593992,2
39250,2
794698,3
332522,3
856495,3
633745,1
335750,3
437109,2
269850,2
855160,2
536190,2
878683,3
1052514,3
772327,3
420333,2
616358,2
577759,3
743704,3
896616,3
20896,3
187606,2
641889,3
1008435,2
323512,2
944264,3
270403,2
220460,2
14288,3
970433,3
861577,1
402703,3
686874,3
511616,3
88291,2
84362,3
541505,1
594149,2
849185,3
625758,1
97448,3
64542,3
914968,1
406844,3
623980,2
55007,3
357515,3
60485,2
890987,3
813594,2
548486,2
544544,3
910082,3
497503,3
641729,2
967375,3
490219,2
189548,2
570269,3
933570,2
491292,2
92809,3
14652,3
611429,1
369720,2
233851,2
939957,2
652708,2
547058,1
334196,1
849252,2
691414,3
897979,2
183093,3
442665,3
378318,3
980681,3
863771,1
145452,1
812785,2
133266,3
821643,1
815891,2
334638,2
1020545,3
908933,2
183156,3
13864,2
375623,1
327565,3
773918,3
743700,3
951351,3
504722,3
672871,1
855525,2
762782,2
862190,3
13981,1
1020259,3
36664,1
841443,1
901824,2
836505,2
694144,2
435605,3
964611,2
760451,3
690502,3
343361,2
524431,2
1000056,1
382969,3
1026521,2
286461,2
101171,3
493935,2
1023206,1
556158,2
904035,2
109200,1
561716,2
56374,3
348569,1
856758,1
922914,2
648052,3
874760,3
722115,1
402359,2
628150,2
751678,2
489574,3
601739,3
596435,2
542892,3
659581,2
752576,2
653559,1
917448,1
258477,3
701179,2
538830,3
178139,3
297279,2
631705,2
367239,3
821677,3
710495,1
150904,2
779929,1
361559,3
83179,1
742661,1
689265,2
377967,3
125683,1
582965,2
35170,3
746888,2
816302,2
666842,2
431524,2
1025925,1
845762,2
409741,3
223580,2
719660,1
72189,3
664135,2
647643,3
883026,3
965504,3
863161,1
1032968,2
854583,3
183598,3
452902,2
299229,1
152705,3
314816,2
225568,1
256845,1
65814,3
1011626,1
10146,2
543122,1
797297,2
619000,3
916667,2
571277,2
922533,2
703499,1
828904,2
139661,3
682912,1
955993,2
499513,2
339598,2
394643,1
489154,1
172801,3
568558,3
128697,1
740758,1
739640,2
282104,3
926926,3
433295,3
975504,3
363722,3
226877,3
39956,3
1014179,1
652877,3
272393,2
794627,2
872399,1
209574,3
607057,3
46425,2
479393,3
839754,1
501351,1
43038,2
1029203,2
832064,2
617163,2
322602,2
589425,2
150943,3
970091,2
81164,1
37029,1
850958,3
794183,1
235716,2
440599,2
1031713,3
317725,3
763136,2
828058,2
233222,3
278988,2
454100,2
113038,2
350516,2
45011,2
818231,2
575096,1
928821,3
117430,1
297612,1
196482,2
306645,2
1031659,3
723568,2
932766,3
755546,1
44387,2
576952,3
460966,3
736898,1
218732,3
323436,3
239874,2
706858,3
14055,3
373227,3
558973,1
1049368,3
654626,2
760501,2
838722,2
649736,3
313991,3
132237,2
43455,2
100825,2
971280,3
663987,2
655786,3
980875,3
76690,2
53963,2
324153,1
421165,3
410742,2
313112,1
860506,3
867147,1
207422,1
660790,3
497219,2
365026,1
710730,3
1003540,2
798587,2
724758,2
533951,1
185539,2
868408,3
132876,1
649415,2
451616,2
265528,2
610321,2
329636,3
47602,2
764374,2
956487,2
457020,3
544360,3
236906,3
1027074,3
447505,3
996827,2
812503,3
280921,3
1009768,3
952350,2
482176,1
230724,3
820027,3
18475,2
67790,2
37153,3
956116,3
300956,3
293909,2
683983,2
470441,2
711887,2
888263,3
472087,1
30385,3
831285,3
670129,2
610502,3
357995,3
697048,2
197882,3
560092,1
521303,2
421642,3
990508,2
520720,2
949136,3
511006,1
830975,2
179762,2
271566,3
638578,3
47284,2
480983,1
952680,2
914055,3
526004,2
671626,1
280010,2
333913,2
63694,2
925427,3
931984,1
543723,3
495828,2
118885,2
316409,3
576233,1
346624,2
738015,3
528872,3
279931,2
168901,1
370253,2
770679,3
383228,3
482881,2
435523,3
943002,3
565693,3
374624,1
516120,2
6211,3
951535,1
992106,3
370014,3
181473,3
359007,3
441263,3
565403,2
861377,1
821405,3
649218,3
301635,3
1019857,2
84124,3
950985,3
702154,3
212285,3
529800,3
235880,1
93588,3
108346,3
767443,3
1034765,3
264354,2
468584,3
160463,1
494551,1
80124,2
996831,2
92878,1
683915,3
1002247,3
661515,2
1015198,3
365720,2
36679,2
202259,3
750311,3
973896,3
226911,3
912899,2
868859,3
18798,3
723062,1
44156,3
587022,3
32350,2
461550,3
402348,3
294718,2
815742,3
403422,3
856522,3
48364,1
554346,2
971258,3
676321,3
901754,1
312815,2
810575,3
370173,2
804983,1
957275,2
299657,3
1003552,2
787897,2
64146,2
560700,1
621456,3
407341,3
964013,3
164883,3
131643,2
151204,1
540734,2
689645,3
904456,2
2337,3
602513,3
759781,2
428603,3
124802,3
430688,2
221911,3
731536,2
327210,2
425927,2
848498,2
752973,3
502426,2
888544,3
224845,2
533702,1
739091,3
96632,2
413223,2
511188,3
464599,3
857716,2
920154,3
1013044,1
856007,3
1015138,3
397765,3
556744,1
109865,1
780046,2
1008712,3
262970,2
715700,1
133431,2
640909,3
558332,2
694614,1
783468,3
929106,3
871549,3
747662,3
29124,2
77094,1
1011188,2
115206,2
946396,3
11944,1
156370,1
305209,3
890230,3
583457,3
573119,3
106908,3
441681,2
1026169,2
512234,3
131096,1
252267,3
869398,2
198892,2
830844,3
432176,2
588516,1
191867,2
866833,2
108783,3
943914,2
709350,1
185904,3
533740,2
274811,3
874731,2
925438,1
265579,1
229125,3
154911,3
591990,2
156423,3
81918,3
360222,3
656278,3
891580,3
804468,2
714408,3
69820,3
610398,3
745317,2
660515,3
1046353,1
702252,3
396734,2
121768,3
153739,3
274466,3
1015958,3
745686,1
448076,1
796417,3
692012,1
614895,2
116254,3
1028339,3
375428,3
380253,3
819662,2
486909,3
260239,2
989484,2
962227,2
514996,3
533813,3
758096,2
750398,1
73787,2
16480,3
478761,3
287698,1
897266,1
776665,2
101210,2
461965,1
645973,2
729672,3
359496,2
128651,1
132932,2
793159,1
186458,3
695812,3
756631,3
145317,1
496937,2
566530,1
259650,3
774920,1
126365,3
320623,3
909870,2
782147,2
120209,1
129889,1
92419,2
248178,2
439459,2
324380,3
551535,1
51273,2
723218,2
358152,1
6231,2
381073,3
549971,1
599532,2
540168,1
902635,3
781986,2
1025403,1
740741,3
864583,2
40920,3
212259,2
1008733,3
265815,2
658087,3
137214,3
886614,1
253991,2
278946,3
924510,3
73575,3
398890,3
10036,3
896091,2
812191,2
322516,1
995093,3
505306,2
13495,2
73961,1
439744,3
797923,1
351075,2
425836,2
1015822,1
593324,3
422413,2
767172,3
47161,2
646726,3
211727,2
999344,1
557670,2
314164,1
1052560,2
274577,3
490499,2
37641,3
583703,1
674149,1
603570,3
182384,3
1024090,3
773661,3
962288,1
63314,3
392361,2
569603,3
304038,2
1024292,3
331171,3
911680,3
579264,1
24935,1
22914,3
762565,3
297312,2
41645,2
790440,3
231039,2
339234,3
879686,3
353988,1
411705,3
457290,2
372759,2
4846,3
638597,2
1024884,3
885079,2
62632,3
192032,3
983456,1
365308,2
140082,1
442211,1
544614,1
990214,1
671246,1
553054,2
21656,3
458370,1
251336,3
872917,1
535654,1
853815,2
834755,3
370579,2
789992,3
312839,2
1038557,3
188366,3
3506,1
454159,3
213931,2
766366,2
549760,2
760197,3
1025131,1
357070,1
731830,3
498601,2
615043,3
448946,3
664990,1
793262,2
668589,2
288332,2
306631,2
959702,2
992059,2
618243,2
727155,1
637956,3
388019,1
802302,3
757411,3
230892,2
297408,3
510579,2
90195,2
872748,2
31912,1
156671,1
841421,3
834762,3
193218,2
652504,2
11050,1
17089,3
6704,2
113481,3
928331,1
550568,3
807404,1
912145,1
2472,1
412012,1
58524,3
972803,1
45397,3
279167,3
63126,3
50224,2
321004,2
485461,2
363443,3
72420,2
684765,3
486387,1
529304,3
442075,2
583436,3
891975,1
121694,2
14509,2
426394,1
682313,1
690910,2
765145,3
363797,3
703042,2
562954,2
979523,3
377567,3
834152,3
61754,2
596883,3
727703,2
475731,3
72916,3
46191,3
937933,1
726234,1
162518,1
1026544,3
100586,3
944162,2
23057,2
101461,1
426305,3
334595,2
973851,3
780932,3
825871,3
819307,2
1003110,1
370902,3
135547,1
329175,3
448390,2
1024250,1
923043,2
727380,2
153447,2
849604,1
280612,1
1012394,3
428507,2
625168,2
384255,3
550705,2
913159,2
1019921,3
292924,3
631221,3
146264,3
217831,2
817752,3
748354,3
446052,3
252481,3
353543,3
347117,2
674975,3
557780,2
168663,1
811579,3
368005,3
832722,3
236015,3
882706,2
913550,2
938135,2
396514,2
150469,1
775810,3
715119,3
941759,1
930400,3
210234,3
545607,2
1005703,3
169771,3
739102,3
1037832,1
309908,3
434945,3
120110,2
804556,3
744927,2
168960,1
740878,1
1037190,1
426048,1
622989,3
229160,1
993139,2
1041387,2
1026519,2
375524,3
172456,2
708444,3
429109,3
365929,3
676391,3
849611,3
186351,1
100105,2
982771,1
612783,2
829465,2
111256,2
805636,3
473120,3
949980,3
991021,1
143704,2
584360,2
754975,3
880257,3
402216,2
87471,3
943526,2
209517,2
156306,2
965876,1
299457,2
740542,3
74329,3
542222,1
335991,2
402575,3
180098,3
114593,3
148777,3
559848,3
556154,1
842669,3
37116,2
140927,2
7759,2
620311,1
1018998,2
222831,3
108950,3
802265,2
115032,3
400851,3
58443,2
29027,3
907365,3
425757,3
684078,1
884918,3
531396,3
751998,1
767668,3
406392,3
171291,3
297497,3
1020717,1
398939,3
541457,2
511863,2
710353,3
800566,2
58169,2
784954,3
16883,2
351225,3
190093,3
433609,3
509151,2
807115,2
727984,2
341380,3
298404,2
463849,3
429659,3
838686,1
401127,3
705893,2
850369,1
82313,3
368601,1
642276,3
301157,3
239570,3
100218,2
238796,3
396672,2
600184,2
58630,3
379603,3
255852,3
45634,2
112194,2
98682,1
895827,2
101426,2
663360,3
697168,3
501816,3
885389,1
494599,2
884641,2
262157,3
930318,2
50084,1
273055,3
830007,3
571043,3
516445,2
132938,3
1022360,3
18327,2
468370,2
377584,2
359711,1
55282,1
669488,2
959635,3
155619,2
713076,3
541149,2
192738,2
317544,3
351687,2
794121,3
806969,3
605889,3
296537,2
140298,2
1008186,1
78067,2
304098,2
441997,3
1051473,3
663785,2
311408,3
306839,3
40967,3
237287,3
253925,2
451849,2
504919,2
961900,2
603488,3
784581,1
125449,3
159428,2
839315,1
285647,3
455181,3
117706,3
739309,3
779901,3
459892,3
135893,1
552716,2
435435,3
277879,2
935226,2
401872,1
568686,1
371104,2
387490,3
29209,2
591617,2
578107,3
654389,3
884063,3
379853,2
939268,3
285166,3
452747,2
878620,1
969226,3
489661,3
274030,3
741139,3
850574,2
217164,2
699969,3
645230,3
1030454,2
1042540,3
726214,2
596614,2
701052,2
385183,3
388619,3
531058,1
327315,1
817476,1
845258,2
166478,2
336812,3
423578,3
766215,2
1043517,2
314795,3
151438,3
453753,3
257934,3
505996,3
2679,2
57745,2
1027050,2
104160,2
973811,3
735961,2
83534,2
344663,3
667876,2
83951,1
97198,1
674460,1
386304,1
891197,3
620287,2
655847,3
651287,2
860302,1
152760,3
410036,2
81493,1
415264,3
28483,3
725000,2
972205,2
449672,3
438258,2
919511,3
648537,3
259084,3
64763,2
336304,3
574730,2
830708,2
462379,2
591985,1
170879,1
406117,2
937987,1
230170,2
46372,2
52748,2
37904,3
226814,3
946042,3
906468,3
815707,3
29178,3
922124,2
897918,2
542980,2
17037,2
755651,2
872190,2
904773,3
265648,2
285928,1
960826,1
980620,3
981974,2
857514,3
59470,2
264272,3
188330,2
102181,3
369468,1
663779,2
385688,2
990976,3
948867,2
998632,1
71034,2
1015430,3
105885,2
514263,3
444185,2
324999,3
19933,3
730776,3
454149,3
702854,1
132489,3
239058,2
889827,2
324025,1
246083,3
1005488,3
318251,3
85616,2
703494,3
1001645,1
551695,1
577137,2
675946,2
422951,2
1037375,3
876124,2
70642,3
283885,3
86666,2
823834,2
293685,3
293891,3
386224,3
1045361,2
419886,3
635714,2
451186,3
188006,3
492923,3
516438,2
312487,3
739197,2
693993,3
262847,1
394498,2
700379,2
138696,3
202776,2
384127,3
289327,1
790735,3
928862,2
847188,2
333190,1
568087,3
913566,3
310834,3
185919,2
709333,3
898786,3
897060,1
635692,2
114415,2
664192,2
1028297,2
35128,3
504758,1
271630,1
814899,2
295955,3
634154,2
29344,1
922874,3
902604,1
851041,2
757533,2
736639,3
601390,3
1026044,3
1029434,3
257613,2
693323,3
73200,3
574192,2
920308,2
937612,2
1018710,3
988058,2
823286,1
206231,1
154786,3
805214,3
389171,3
368361,3
355769,3
734362,2
1019178,2
66202,1
898140,3
197257,2
699740,3
622062,2
105185,2
633787,2
29107,2
908850,2
563941,2
326881,2
402447,2
55505,2
530696,3
955060,2
471054,3
966606,3
20992,3
468431,3
889903,3
25418,1
109095,1
567937,2
517583,2
67691,2
542827,3
319894,1
115090,2
54739,3
605235,2
573180,1
201977,3
470968,3
579093,2
881745,3
853178,2
749500,3
23973,2
134887,2
858782,2
1045266,3
799208,3
440441,3
578782,3
432572,2
845758,2
761602,2
704379,1
385524,3
663289,1
679306,2
609648,1
993973,2
98980,3
191757,2
2791,1
668521,1
804205,3
593057,3
778356,1
1041126,2
79353,2
524376,2
814663,3
726509,3
911200,2
291767,3
910348,2
1019681,2
544757,3
192488,3
605755,3
934631,2
653287,3
284514,3
476679,3
245215,2
503599,1
520960,3
938761,2
607498,2
282213,2
10054,2
905508,2
942866,2
249359,2
985765,1
446632,2
547918,2
867906,3
178078,3
204096,2
586233,2
918172,3
230117,1
15396,3
142205,2
847563,3
236713,1
956899,3
833819,1
969417,2
595151,1
1028103,2
213523,2
1040106,3
680610,2
615850,1
934767,3
188978,2
1008750,3
19894,2
189349,3
130763,2
144228,3
623434,1
755671,2
456977,1
760048,3
808116,2
427049,3
233919,2
443556,2
661577,1
833460,2
726215,2
463476,2
903930,2
574504,2
23216,3
775716,3
169942,3
390445,3
11533,1
291982,2
888612,2
843579,3
502613,3
188803,3
967391,1
207390,2
63460,2
37604,3
467952,2
271122,3
680128,2
776481,2
527147,2
637048,1
560908,2
934914,1
314090,2
2456,2
72193,3
124248,3
782592,3
905535,2
365240,2
790575,2
569489,3
957569,1
392911,3
977327,2
538136,1
213009,3
580787,2
1005167,2
37681,3
541854,3
788113,2
964281,2
537949,2
205228,2
622799,3
1049760,2
420012,3
356009,3
862016,2
208774,1
302784,2
342741,3
869384,3
509879,3
1026485,3
2100,2
579626,3
946298,3
462230,2
77710,2
27919,2
491636,3
669218,2
262427,3
994598,3
793086,2
926876,3
811667,3
865054,2
198758,3
976122,3
273216,3
472844,2
977753,2
59404,3
604297,3
549877,3
606756,1
787696,2
40397,3
754585,3
450159,3
643430,2
863449,3
577730,3
747582,3
31562,1
279057,3
448298,2
301262,3
338518,3
945527,3
606574,2
913874,1
144088,2
919582,3
639078,2
183742,2
678801,3
891409,2
555341,3
112292,2
683640,2
417373,2
790648,2
322147,1
285629,2
1016878,3
296015,2
273112,2
803879,1
563530,3
619079,3
435890,3
101543,3
193777,2
468439,2
631810,3
799077,1
784968,2
425252,3
752604,3
811320,3
317455,1
790390,2
1037724,2
279255,2
797081,3
804309,2
15093,1
468304,3
496311,3
372267,3
313010,2
24352,2
234878,3
351836,2
998893,3
1003539,2
108522,2
358465,2
94417,1
388928,2
713955,2
145415,2
797450,3
861460,3
669528,2
257271,2
602251,2
205462,3
595559,3
587073,1
220272,3
170133,2
286285,2
885840,1
27553,1
1015401,3
721070,2
358797,3
308603,3
264375,3
678569,2
224413,3
927654,2
1012490,3
591783,2
676678,3
1034866,1
713165,2
1014556,2
263296,3
493863,1
883437,3
848162,1
799939,2
184040,2
795362,2
486955,1
281112,2
93579,3
700796,3
276409,2
29296,2
376077,3
690260,2
862447,3
28121,2
714902,2
22908,3
465578,2
90800,2
383350,2
739223,1
420220,2
990222,3
1012653,2
730766,3
75503,3
366333,2
537025,2
898709,2
546604,2
461080,1
895629,2
718555,1
770473,3
55481,1
548913,2
640828,2
277965,3
662993,1
408469,3
806740,3
146278,2
98362,3
501438,1
579462,2
531538,2
466717,1
96977,2
625356,2
549180,3
43261,2
123089,2
357527,3
823929,1
308012,2
348556,1
795247,1
17929,2
351971,2
961081,2
725560,2
382663,3
352100,3
191674,3
731694,3
293755,3
553088,2
19870,2
578132,1
1041969,2
368623,3
909698,2
470648,2
544238,3
297512,3
424655,2
882582,2
218565,3
185193,2
122296,1
36811,1
392225,3
366509,3
909676,3
360128,2
60033,3
929960,3
789862,1
651156,3
140723,2
495586,2
359854,2
512438,2
983475,3
628915,3
245772,3
924171,3
704466,1
780606,2
968923,1
712840,3
644392,3
978728,3
954654,2
15898,2
527531,3
148746,2
640790,3
886553,2
615971,3
136697,2
216904,3
939200,1
735652,3
63394,3
477685,3
496082,2
9432,2
71415,2
518066,3
316221,1
352061,3
74167,1
585208,1
688506,1
892361,1
379357,3
561487,3
153566,3
72913,3
275498,2
295034,2
485926,2
551812,2
547564,2
79420,3
112688,3
366924,3
894260,2
408105,3
496213,1
294466,3
490112,3
704797,3
934699,3
481785,2
231355,2
482372,3
850846,2
56743,3
208979,3
1033357,1
775692,3
604477,2
1012245,3
453495,3
173964,3
560571,3
9490,1
507708,2
482334,2
334287,3
455532,1
106164,3
649968,2
200529,2
400138,2
477026,2
716379,1
499782,2
321381,3
473041,3
744529,3
521931,2
544762,2
514668,1
253296,2
416425,1
196310,3
882139,3
942115,3
673664,3
723841,2
826940,2
25353,1
1037755,3
618930,2
897982,2
873532,1
539304,2
969227,2
276647,2
234739,3
683540,2
407882,2
122023,3
161779,3
577666,2
49528,3
427331,3
490196,3
253674,2
1048260,1
925092,3
930816,3
532028,3
534230,2
5717,1
219667,1
346478,1
51106,2
10254,3
169559,3
922837,2
601763,3
713650,1
240172,2
355743,1
446650,3
546774,3
356383,3
801522,2
416893,3
373668,3
628568,2
885317,1
716191,2
309170,2
1005801,3
898741,2
986835,2
774441,3
579155,3
31934,1
477747,1
1037435,2
245700,3
1021440,3
720207,3
877978,2
273776,2
895249,2
784765,2
1026744,3
975956,1
768175,3
1032187,3
494614,3
518443,3
795679,3
251258,2
755453,3
348502,3
216977,2
399360,2
180070,3
139791,3
325514,3
477983,3
890918,3
375124,3
435440,3
1052247,2
591460,2
224362,1
540759,1
726873,2
693944,3
148665,3
50993,2
678356,3
912253,3
438365,1
950339,2
982041,3
318620,3
481206,2
366593,2
12239,3
204719,3
1017341,2
49500,2
824764,2
750400,3
159575,2
331979,2
182649,2
1047786,1
241253,3
301513,3
403044,3
326664,2
775951,3
364393,3
731210,3
545610,2
216334,2
301095,3
236623,2
54565,2
87527,3
376855,2
720453,2
366789,3
88430,3
560336,2
756092,1
698549,3
700422,3
316398,2
62061,1
629587,2
1049329,3
595764,1
535543,3
850836,3
187347,3
82195,3
37330,2
507771,3
749801,2
310470,1
323000,3
312359,3
914892,2
251537,2
79319,3
698537,1
997393,3
115076,3
112704,3
607216,3
851118,1
148811,3
123441,2
911453,2
624621,2
630634,2
476836,3
280479,3
703785,2
1003142,1
484526,3
340085,2
1039524,2
1005523,2
43357,3
152694,2
566815,3
499831,2
456714,3
185531,2
768174,3
1014727,3
516110,2
346444,3
477381,3
929469,1
800117,2
432372,2
76795,2
106925,2
621576,1
677129,1
48033,2
937116,3
960233,3
328630,1
530636,1
468911,3
630260,3
187948,1
834729,3
212407,2
748259,3
380048,2
580871,2
63450,1
1026772,2
170248,2
737454,2
381858,2
85735,3
660084,3
679727,3
826157,1
786194,3
875252,2
325841,2
707504,3
885103,2
477557,3
248816,2
21631,3
390379,2
563897,3
50054,3
500893,1
28302,2
254213,3
994161,1
843744,3
445945,3
374860,2
145973,3
223994,2
133700,2
446846,2
404488,1
472812,1
665851,2
975887,1
685917,1
41342,3
828173,1
691580,1
122356,2
907577,2
626278,2
391503,3
818965,2
780805,3
198267,2
687742,3
1034760,1
20976,1
12119,3
704636,3
716203,2
507786,2
995186,3
443629,2
962071,3
171438,2
978733,3
154606,3
850854,2
1010015,3
435325,3
799246,2
648734,3
96176,2
888309,3
823367,3
574605,3
442545,3
825031,3
830131,2
884868,3
838305,2
390859,3
135072,3
1016737,3
756509,3
795182,1
753707,2
22553,3
79967,2
903583,3
154102,2
265345,3
872844,3
129433,3
128766,2
522366,2
25226,2
358254,3
381795,2
616130,2
917388,3
358322,3
529519,1
523468,3
270607,3
494115,3
755194,2
635989,2
883725,1
699809,1
523272,3
545204,1
838221,3
919890,3
736395,2
419837,3
857547,2
11495,3
52849,2
881099,2
719651,2
304175,2
370643,3
228220,3
446261,2
196640,2
831742,3
642767,2
150284,3
1038704,3
32922,2
786087,2
116928,1
558386,3
476942,1
951594,2
287537,3
1000414,2
716675,3
168370,3
442737,3
686453,1
787114,3
628408,3
342526,3
632296,2
763578,2
447293,3
346314,3
11550,3
820008,2
514790,2
334837,2
639155,3
283204,3
805526,3
820564,3
889009,3
106444,3
859993,1
548577,3
635860,3
695097,3
444992,3
494542,1
1000677,2
852361,2
838933,3
311601,3
986085,1
40740,3
227969,2
247619,2
915141,3
833566,3
817708,2
448116,3
778081,1
504715,2
751186,2
16841,3
569797,2
218550,1
369851,1
646031,3
620261,2
430375,3
953325,3
863392,2
473893,3
973462,1
459795,2
427125,3
244842,3
222759,2
933176,2
248472,2
40547,3
635300,1
785082,1
142991,3
434273,3
277350,1
62518,1
753136,1
846390,2
371336,1
960729,2
428737,2
508962,3
561418,2
913368,3
40224,2
951878,3
285590,1
796973,1
370035,2
328803,3
278639,2
719397,3
501815,3
974542,3
212323,2
451528,3
224817,2
733284,1
878464,2
851273,3
975786,2
352588,3
833667,2
871098,3
940426,3
381320,1
192764,2
711249,2
799278,3
665177,3
314189,3
383195,2
654273,2
72016,2
1036529,2
223690,3
85172,2
939149,3
600975,2
666494,3
883285,3
92513,3
701166,1
617419,2
994050,2
145161,2
822511,2
974290,2
887265,3
635832,2
3930,1
936155,2
30701,3
262569,2
626987,3
718191,2
445467,3
731559,3
674951,1
407578,2
610773,3
273999,1
474029,2
249360,3
929471,2
411165,3
980516,3
128510,3
329444,2
281700,1
383266,1
647750,3
652565,3
872683,3
236572,1
440419,3
552118,1
555564,2
170052,2
961002,2
289366,3
695259,2
362704,2
311854,1
354250,1
1038269,3
288430,3
767180,3
569053,2
553241,2
885859,3
459000,1
963041,3
721846,3
423377,1
636096,2
590501,3
737689,2
1004705,2
730139,3
902871,3
771887,2
324667,1
269323,3
86365,1
121027,3
417081,1
131712,1
324579,3
660221,2
122692,3
41671,2
681672,1
763394,3
807373,3
578909,2
995313,3
561316,1
28537,2
295310,1
216481,3
885020,2
773384,1
239774,2
635224,3
263278,3
650724,2
514592,3
548260,2
116632,2
41382,3
808824,3
978037,2
577881,2
225971,3
974188,3
610086,1
216789,2
981017,1
821217,3
199240,3
370204,1
240730,3
530599,3
711703,3
425576,2
1036571,2
1030373,3
458599,2
360790,1
241910,2
927659,1
912468,2
673065,2
111918,2
194766,1
897111,3
792709,3
606773,2
676233,3
502130,3
615857,3
929445,2
928564,1
672808,1
161761,2
662368,2
640676,2
380106,1
102884,2
294340,2
808372,1
314430,2
710044,3
718547,2
824481,3
738674,1
525093,2
893945,1
205394,1
331167,3
20101,3
837730,3
154800,3
162828,1
353444,3
553006,1
511210,3
298156,3
248174,1
502735,2
982205,3
113048,2
809180,2
1013542,3
171759,2
911019,1
186809,3
469732,1
590517,2
947172,3
884056,1
1010966,1
605624,2
223163,3
756024,3
192124,3
697059,2
1014342,3
671079,2
640326,2
927402,1
861838,2
88006,3
970834,2
68033,3
649214,3
708508,3
1028633,3
505822,3
555143,2
437738,2
872927,1
979176,3
97404,2
928202,3
789400,3
800394,1
459852,2
8366,3
822800,2
901663,3
134377,1
557827,2
163772,3
321960,3
76124,2
225261,3
271723,3
958372,2
226461,2
647312,2
27254,3
753364,3
614886,2
284984,2
177370,3
661301,1
1007774,3
768008,3
988355,2
791492,2
442878,3
338477,3
555226,1
386994,3
547230,2
480735,3
149197,1
412672,3
763399,3
242298,2
600347,2
341981,2
91865,3
624450,2
859142,2
514391,2
380148,2
600243,3
121538,2
961562,3
280309,1
564127,1
485284,2
25878,1
780904,2
212432,2
793268,3
12623,2
1038394,3
356831,3
378086,1
943896,2
702361,1
956829,3
945220,3
813984,2
808495,2
126308,3
22010,3
838174,1
86722,3
143025,2
880630,2
860873,2
293208,3
803870,3
819416,2
845019,1
389713,2
959904,2
653712,2
816985,3
144779,2
264066,2
426788,2
226323,1
47906,1
265045,2
472428,3
696401,2
1032077,3
935110,3
478212,3
978335,3
550739,3
890961,2
889618,1
464742,3
388271,2
754891,3
418765,2
944271,3
872052,3
915600,1
453447,2
987329,2
97152,2
506290,3
156949,3
367061,2
418559,1
1023510,2
695647,1
73044,3
568162,3
1029847,2
279251,3
780530,1
35991,3
412072,2
481514,3
670321,1
946692,2
730280,3
778751,2
197141,2
221227,2
186578,3
658160,3
369561,2
375658,3
821267,3
850008,2
925820,3
213816,3
1000541,2
878297,3
950991,3
198616,2
233710,2
180672,3
922360,2
145356,2
397178,2
11003,3
829,1
748098,3
99575,3
428854,2
11402,2
333692,3
823454,2
901414,2
688650,2
34233,3
685989,2
992502,3
530050,1
801297,1
551716,2
8210,1
777845,3
11973,3
117176,3
149644,3
912635,2
73597,3
324726,1
379649,2
985616,1
140478,3
105009,3
722596,3
991205,2
196259,3
341868,2
302279,3
379192,3
913039,3
355937,3
118399,3
866213,2
808321,2
93469,2
245023,3
919889,2
202875,2
523297,3
411546,3
854863,1
937591,3
821558,1
643445,2
422638,3
1005821,2
774005,2
368693,3
174488,3
52470,3
952181,2
108052,3
528536,3
185518,1
309,2
151685,3
501751,2
554040,3
303934,1
291997,2
31183,3
394010,3
377218,2
21029,2
982303,2
413816,1
556888,2
691006,1
1046338,2
798449,3
212705,3
777209,3
49994,1
276878,2
385052,3
70740,3
167266,3
352621,2
640737,2
985334,2
143301,3
244549,3
388521,2
314966,3
886813,3
285939,2
903111,2
39752,2
748618,1
977405,2
414145,2
611912,3
1045595,3
495758,3
345699,2
657724,2
537754,2
833560,2
403989,1
256360,3
851388,3
279557,2
858522,3
392190,2
682349,2
680577,3
1035189,3
566150,3
644570,3
880247,3
281348,1
56760,2
135457,3
635003,2
481345,1
109587,3
580758,3
368572,3
784511,2
615617,3
493494,1
411994,3
1050256,1
364796,3
783678,3
185428,1
219633,3
590172,3
869270,3
619577,2
667942,2
491463,3
585788,1
609937,3
342664,3
330212,2
187852,3
859396,2
107477,1
672220,3
116039,3
739594,3
171849,3
208993,3
610166,3
823369,2
910352,2
707672,1
209023,2
620593,1
512499,2
548675,3
39042,2
870559,3
923131,2
657241,3
302015,1
404202,2
64525,2
1012329,2
608651,1
533684,2
777596,1
612702,2
867556,2
531249,3
165414,3
594272,3
906372,2
922252,2
664829,2
176829,3
1038595,3
610519,2
548000,2
558764,2
611958,3
610007,2
314314,1
326867,1
543215,1
77612,2
948209,3
417267,1
123004,2
426277,3
173926,3
877596,3
833830,3
875585,2
684832,3
818606,3
134331,1
83276,2
869783,2
194366,2
208689,2
935016,1
963565,3
131757,2
692936,3
582434,3
702282,3
717163,3
937147,2
590362,2
315245,2
501150,1
459842,3
782048,2
140440,2
407805,2
1030653,3
125575,1
558087,3
613338,1
555635,3
601151,2
394969,3
773065,2
658598,2
378578,2
110397,2
718702,3
158188,3
778272,3
390023,2
491854,3
507815,1
640043,3
989824,2
360151,3
283139,2
970777,2
784842,3
125780,2
992294,2
408549,3
21206,3
157731,2
733900,2
238085,3
461630,2
683347,3
692773,2
956363,2
23430,3
549285,3
310928,1
783203,2
880428,3
83094,1
986648,3
83551,3
483633,3
115649,3
594852,2
986993,2
442303,2
476631,3
797469,2
106895,2
1025327,3
876562,3
601799,3
391686,3
869761,2
330136,3
46662,3
429639,3
723853,2
985282,3
544489,3
620058,3
282516,2
208143,1
745699,3
788297,1
387885,3
366340,2
305782,2
118486,2
494080,3
755766,3
731309,2
480755,3
369234,3
418589,2
525482,2
983242,2
560205,2
141431,3
329712,3
1042323,3
352191,3
641297,1
836154,3
704346,2
555092,1
618956,3
244277,2
586316,1
743780,2
142690,2
835042,2
839871,1
316991,1
105969,3
33177,3
719642,3
656764,2
774884,3
832763,3
806284,2
1036948,3
518496,2
702436,2
274499,3
738896,3
628086,3
921303,3
977444,1
702610,2
682392,3
277334,2
842377,3
212133,1
446919,3
70707,2
223467,2
382807,1
736315,1
496553,2
789318,2
38092,1
34533,2
315492,3
705526,3
774976,2
204759,2
395361,2
853079,2
362937,2
422870,3
915540,1
437344,2
2604,3
597043,2
545608,2
328799,2
799340,2
521054,3
899136,3
34503,1
921321,3
150786,2
752761,2
626983,3
806241,3
152075,2
850894,3
170617,3
762830,2
703799,2
326180,3
494364,3
404323,3
215627,3
45016,3
896773,2
353647,2
535604,3
8265,3
394065,3
405601,2
439239,3
400377,3
581499,1
711321,3
455887,3
503394,3
936670,3
351364,3
202324,1
409524,3
534820,1
823311,3
485666,3
37375,3
490660,2
384086,3
1033065,2
715076,2
109647,2
84882,2
1031773,3
197960,3
417660,3
118012,3
302059,3
158983,3
660994,1
961309,3
919439,1
309220,2
485374,1
1003008,3
224010,3
1000255,3
285247,1
88214,2
1032537,2
1030238,2
977135,3
288786,2
505931,1
588197,2
415041,2
729041,3
427702,3
880197,3
931784,2
469761,2
252103,1
872080,2
49382,3
759238,2
586710,2
129100,2
174347,3
93306,2
173188,2
6041,2
861382,2
552538,2
66291,1
391869,2
119723,2
125658,3
665184,2
216468,2
711578,3
608154,3
546808,3
234314,2
1009527,3
744241,2
790497,3
127512,2
683603,1
844640,2
59128,2
424409,2
543404,1
636550,2
66689,2
918354,1
308614,3
766345,2
72099,2
948709,2
643340,1
545542,1
336592,3
634196,2
700868,1
109029,2
300573,2
162719,2
152349,2
211911,2
17066,3
824162,2
259935,3
769460,1
734217,2
1017150,2
89826,2
139513,2
321649,1
665018,2
725148,3
810713,2
42304,3
1023013,2
610402,2
502093,2
572048,2
70778,3
202769,2
813982,1
959152,3
336500,1
890153,2
793805,3
768143,3
545063,3
731404,3
122055,3
942725,2
550899,3
439573,3
670660,2
448877,2
942450,3
854762,2
387504,1
1002676,2
559829,3
815924,1
415205,2
1004754,1
434543,2
537120,3
556072,3
791593,2
488448,3
662634,2
385094,2
79997,1
540359,2
102342,3
350380,3
232562,3
885379,2
260496,3
833119,2
314615,2
891889,3
978799,1
613573,1
848906,3
448541,1
609209,3
1008758,1
31283,3
606009,3
857778,1
737701,2
92559,3
749701,3
797862,2
42815,3
996209,1
428296,2
675024,3
40993,3
264614,3
15666,3
347481,3
134826,3
619573,3
325239,1
749998,3
713386,3
842445,3
461774,1
1052325,3
944361,2
576836,1
22657,3
350519,3
569012,3
562080,2
517533,3
845916,1
902779,3
169233,1
313521,2
227998,1
334300,3
824784,3
673268,3
214622,3
996366,2
534424,1
163555,2
640108,1
674065,3
889121,1
918480,3
936987,2
519277,2
345426,2
461790,1
689387,2
342652,2
768193,2
779638,3
123500,2
681130,3
834005,2
637759,2
105059,3
316631,3
974194,2
284041,3
946987,3
860952,3
449413,1
88532,3
850477,2
590933,1
986663,1
923248,3
22838,2
446925,2
88312,2
688165,1
249938,3
442143,3
539023,2
690138,3
916559,2
660125,3
359332,1
358079,2
224983,2
8820,2
782320,2
233473,2
751090,2
986936,1
599273,2
598146,2
7811,3
768420,1
426213,3
156252,2
666746,2
168578,2
535095,1
603431,3
879229,2
164767,2
511252,2
804044,2
961456,1
952646,2
693451,3
832789,3
124159,2
117416,2
692826,1
189956,3
3386,1
172342,2
772772,2
172241,3
643734,3
458444,2
1041258,3
630171,2
210537,2
990965,3
504885,3
982781,3
623518,3
704882,2
87844,3
634072,3
802518,2
837659,2
918724,1
715324,2
949755,3
804852,3
293057,2
308370,2
657667,2
412888,3
320777,1
904655,3
397327,3
461998,1
875877,3
873057,3
253510,3
929149,1
546325,3
892906,3
656591,1
96805,3
409008,1
953178,2
651447,3
226729,2
101824,2
1040281,2
337088,3
215901,3
640170,2
349577,3
771326,2
82452,1
835615,1
1047893,3
343974,1
273461,3
760758,2
565045,1
788183,3
770578,2
413471,1
771979,3
950699,3
876243,2
6262,2
528836,2
297228,2
389473,1
555964,1
937815,3
861589,2
320327,2
115765,2
387348,3
114781,3
127390,3
70944,3
73780,1
203333,3
104249,3
599003,1
881266,1
313468,2
405401,2
44945,3
1034570,1
516068,3
983920,1
150372,2
886070,2
743749,2
797805,1
902586,3
72310,2
956635,2
859014,3
393968,2
800191,3
380784,2
640200,2
777230,2
796331,3
131342,3
760130,2
419494,3
1033789,1
136501,3
237475,2
1007942,3
666044,2
679829,2
616625,3
899984,2
332340,3
714289,2
385940,3
30282,2
436175,2
800259,2
1003875,2
840908,3
1036523,3
537009,2
972631,3
812707,1
887592,3
455348,2
598000,1
576482,3
731746,2
329566,1
233389,1
210026,2
558416,3
160163,3
428718,2
608117,1
696159,2
118860,2
640131,3
586093,2
810820,2
487084,3
313643,3
435903,3
212140,1
771527,3
336234,2
301774,1
108751,1
480001,3
83366,2
439076,3
276002,1
514518,2
68101,3
799224,2
12206,3
632527,3
849945,2
636190,3
751148,3
478290,2
126620,1
204354,3
959690,1
386025,3
953584,3
413549,3
1006341,3
741308,2
280962,2
950062,2
788851,3
982450,3
348793,2
311053,2
20393,2
420311,2
693659,2
814578,1
957256,2
376081,2
1023438,2
461825,3
796317,3
487273,2
355761,2
163995,2
396523,3
605448,3
694957,2
203684,2
826054,2
816599,2
680492,2
678186,3
787683,3
987217,3
471445,3
598841,1
901931,3
768811,3
1013820,3
449113,3
213261,3
841626,1
1006618,2
396177,1
981640,3
196623,2
944786,2
1050676,1
1043852,1
105615,3
67633,3
131557,2
964704,3
735217,2
205941,2
375944,3
326413,3
627237,2
684055,3
325533,2
815673,1
228705,3
971823,3
1008603,2
765701,2
753941,3
1039852,2
428503,2
251546,2
775116,3
223970,3
125245,2
850468,2
799776,1
29001,3
60890,2
836307,1
88475,3
264583,2
436847,1
738945,3
101516,1
519711,2
124738,2
222715,2
107104,1
383835,1
415128,2
180560,2
682935,3
277790,3
328639,1
620215,2
335559,2
176382,1
550495,2
971988,3
390330,3
621216,2
1032949,2
465226,1
300045,2
111413,3
649170,3
561281,3
673881,2
621278,3
1049712,3
725409,1
504600,3
187773,2
571102,3
7874,2
838205,2
302971,2
862177,1
714057,3
730044,3
740892,2
805672,3
312417,2
923397,3
122643,2
1026301,3
492846,1
780279,2
1014742,3
206061,2
451665,1
198923,2
250001,2
406000,1
289783,1
830774,3
590816,2
945187,1
323913,2
456200,3
800606,2
457277,1
266285,1
244045,1
135696,2
342491,2
718637,3
150011,3
760532,2
552453,3
938002,3
796444,3
1040435,2
129104,1
178922,3
368555,1
702054,3
113285,3
406273,3
789932,1
27064,3
953407,2
689753,2
132013,3
795658,3
194610,3
653110,1
949727,2
447741,2
737432,2
325439,2
867444,1
123327,3
615913,2
559457,3
686600,3
62497,2
11080,2
531125,2
136792,3
178405,1
932878,1
237711,3
528630,3
980654,2
634629,3
10681,3
757583,2
860655,1
1008204,1
282499,2
205235,2
830784,2
691227,2
510346,2
654764,1
687101,3
724447,2
1012333,3
766870,3
6714,2
513745,3
1011475,2
634685,1
987465,1
162267,1
216738,3
15284,3
523577,3
1043991,3
260393,1
714670,1
90349,2
617821,3
413861,3
63277,3
948264,3
784671,3
369307,2
340321,3
589936,3
633791,3
484910,2
888814,3
931236,3
855432,1
94859,2
354547,3
928259,2
751666,2
453820,2
1036661,2
1009591,3
762262,2
1001385,2
424881,2
327109,2
134055,2
486130,2
963259,2
942562,3
725899,1
443917,3
410652,2
56788,2
299095,3
635792,3
130107,2
532744,1
224366,3
906354,2
98939,2
807857,2
204018,2
12414,3
936099,2
19577,3
945204,3
771270,1
214549,2
258422,3
396304,2
412656,3
274600,3
961206,3
345143,3
139579,2
66901,2
505437,3
1052686,3
213334,2
23816,2
128677,3
897805,3
23695,3
1018729,2
484878,3
575301,1
271604,3
217518,2
252532,3
562668,3
8144,2
10356,3
217799,3
703679,3
285435,3
733782,1
723962,2
622397,3
438961,1
934612,1
235841,3
87159,3
519332,3
214356,2
504689,2
79157,3
805221,2
567044,2
132456,2
685611,2
24871,2
251938,3
849914,3
533768,2
347994,2
1007800,2
2513,2
63716,2
270434,3
353713,2
958402,3
854536,3
293424,3
20166,2
227298,2
710828,3
709537,2
458907,3
82324,2
1014421,3
725370,3
165873,1
969737,2
9925,2
486587,1
474911,3
394956,2
884000,2
451235,3
68952,1
463252,2
43834,3
284373,3
775388,1
860238,1
897692,3
33194,1
622312,3
829170,1
377865,3
531205,1
368,3
701590,3
735703,3
133297,3
33804,2
990928,1
970677,3
178573,2
432615,2
74339,2
41177,2
1024126,3
389328,2
616516,3
38100,2
66035,2
186821,3
860748,2
353438,2
304002,2
879920,3
459126,1
494212,3
212681,3
663054,3
760665,3
577943,1
867630,3
87341,3
614152,2
717376,2
454821,2
413560,3
742226,1
66139,1
785252,2
1026050,3
761975,3
178183,1
22096,2
926414,3
627089,3
695947,1
1003139,2
396457,3
96659,1
472543,2
53285,2
552301,3
1548,2
322123,2
745700,3
719405,3
58960,3
756152,1
782252,3
155144,2
538838,2
284998,3
499481,2
284099,2
550882,2
748582,3
167543,2
351268,3
991036,2
841310,2
910647,2
987688,3
706280,3
722565,1
125075,2
373851,3
616841,2
110574,2
448446,2
271730,3
293265,3
348658,3
461131,1
375925,2
22363,1
358124,2
532889,2
1017352,3
127566,1
54206,3
528393,3
923124,3
122881,2
819334,2
682852,3
296742,3
427532,3
320341,1
774522,3
256901,2
499202,2
417634,2
1006992,1
450744,3
587058,3
520766,2
705847,3
487476,1
138426,2
448861,3
154612,2
303251,3
674458,3
651615,2
358458,3
747291,2
99840,3
756261,1
576052,2
1000937,3
1002159,2
903921,2
860934,2
339661,2
171588,2
741488,2
1019024,2
199644,1
355627,2
997397,2
862060,1
723035,1
621260,3
411351,3
964728,2
917761,2
794832,2
375516,1
169199,2
205873,3
414133,3
365186,1
885339,1
265985,2
463183,3
457773,2
411070,3
731037,3
285271,2
97456,3
846677,3
246841,2
641174,2
341682,2
198849,1
331104,3
823671,2
841184,2
263532,1
87314,1
145526,2
413990,3
125533,3
164529,3
835031,2
342596,1
13121,3
684109,3
277531,2
439047,3
583913,1
770460,3
997388,1
554423,2
340755,3
416448,2
156530,2
805011,2
754080,2
532769,2
154985,2
838060,2
829238,3
200063,3
248215,2
44321,3
510256,3
496130,2
695289,2
234827,1
996813,3
422033,3
1013185,1
160777,1
598311,3
564679,2
978879,3
782115,3
589847,3
559572,1
907946,2
311075,3
210313,2
957953,3
309228,2
697350,1
905298,2
627577,2
594700,2
517512,2
452830,2
297416,2
119915,3
366364,2
848034,1
608754,3
86436,3
372910,2
207394,2
585316,3
991803,3
860585,2
1037594,1
434855,1
749629,2
988947,2
525518,2
325124,2
631936,2
336208,2
691542,3
813663,2
451202,3
193341,2
285935,2
951909,2
73785,3
592486,3
77027,3
1036411,2
967757,2
137992,1
228319,2
226697,2
741111,3
919995,3
743038,2
579097,1
883978,3
785462,1
502762,3
578488,3
12587,3
387592,3
711394,2
1045904,2
23962,3
316659,2
588345,1
715489,3
545161,2
657139,3
811603,3
318061,2
591200,3
802591,2
996154,3
324701,3
590562,3
852642,1
785084,2
366681,1
702751,3
135711,2
725682,2
543644,2
25651,2
171914,2
647181,2
462408,2
91173,1
692040,3
1013254,1
12706,2
476828,2
279592,1
814676,3
803126,3
400276,1
810965,3
11998,2
875335,2
426283,1
910439,2
909079,3
108899,3
157356,2
366511,1
511804,3
235714,2
849759,2
308217,3
84457,3
194809,3
632795,1
613395,2
319214,3
48960,3
683845,2
752084,2
205790,2
881357,1
598330,3
426537,3
692330,3
764123,1
22074,3
1028605,1
250232,1
928710,2
371066,1
671696,2
618718,3
820608,2
907053,1
771489,3
904644,3
667810,1
363486,2
530826,2
268785,3
1035755,2
739816,3
160533,2
1039192,2
19589,1
369495,1
809525,2
288310,2
456207,3
752386,3
611037,3
846780,1
569482,3
460875,2
169373,2
644426,3
210099,2
505172,2
873238,3
24608,3
743157,1
109171,3
231089,3
722995,2
70759,2
126165,1
468419,2
922630,3
447943,1
339879,2
734786,1
679566,2
28134,2
506117,1
320675,1
142249,2
274754,2
610008,3
680506,2
166787,3
975204,3
2235,3
363100,2
149134,3
446873,3
960015,3
814283,3
787869,3
113717,1
233904,2
681728,3
491813,3
357159,2
297265,2
21084,3
437561,1
297953,1
656491,3
639253,2
602531,1
1036732,2
715033,1
552545,3
253055,2
460211,2
96667,1
318760,2
180060,2
432241,1
971744,2
232133,2
925867,2
627490,3
1015774,3
84860,3
1012873,2
551163,1
491348,3
31199,2
850588,2
196794,2
69355,3
10252,3
177138,2
446686,2
511460,2
606427,1
1038263,2
850824,2
283949,3
697423,3
92027,2
471129,3
852495,2
213152,1
8338,1
773670,3
51578,1
595551,2
475345,3
604175,3
849425,3
273392,2
557859,3
429938,1
234917,2
186587,3
577990,1
168513,1
260898,2
1005515,3
554028,3
81958,2
593919,2
784818,3
663747,2
625068,3
17336,3
468531,2
379944,3
510501,2
169262,2
703798,3
356698,3
809617,3
103732,1
454666,2
356301,3
636964,1
811497,3
842320,3
514360,3
464123,2
107033,2
992710,3
267585,2
869456,3
366539,2
152161,2
503579,1
13900,2
934888,3
73226,2
742378,2
1045419,1
735294,2
173913,2
759717,2
783992,3
144672,3
792759,3
275349,3
503964,2
38757,3
350570,3
38487,3
703198,2
202569,3
479348,3
682578,3
759489,2
267142,2
275560,2
199237,3
503790,3
565408,2
874486,1
651066,3
383113,2
723027,2
301443,2
1021587,3
532497,2
355850,2
110132,2
213127,3
1023469,2
362797,3
302213,3
560212,1
54835,1
700023,2
888963,2
605942,1
848010,1
400586,2
328544,2
2570,3
308258,2
496787,1
589222,1
105904,3
1040669,2
1046865,3
820711,1
393715,3
3470,1
257506,3
314691,2
960138,3
976466,2
938679,3
290830,2
161788,3
981295,3
558443,2
387796,3
469555,3
961314,1
386361,2
683026,3
278614,3
330227,3
533442,2
372546,1
237955,1
745248,2
87307,3
525513,2
441007,3
716711,2
1052837,3
495147,2
492785,3
16825,2
836798,3
225465,2
979418,1
442485,1
501301,2
832467,2
760232,2
471007,2
413875,3
276052,3
982819,3
643019,3
613198,2
198033,3
925028,2
148795,2
832611,3
737074,3
597183,3
27459,2
977513,3
650156,2
669391,2
16725,3
506516,3
286021,1
824572,2
977704,1
732686,3
974039,2
837090,2
470229,2
487466,3
92869,2
980203,3
323792,2
828055,2
659746,3
977129,2
594762,3
1036222,1
166338,2
952738,3
97654,2
26528,3
17741,3
43556,3
28239,3
763340,2
614862,3
493581,1
519200,3
468938,3
374970,1
716258,3
409017,3
261224,1
9247,2
291092,2
65591,2
959618,3
887107,3
201869,3
137347,3
817196,2
1036950,2
617645,3
352218,2
791066,1
492141,2
267870,2
615842,3
955144,1
351646,1
296020,1
892007,1
358121,2
507783,3
318295,3
109211,3
202932,3
415942,3
540924,2
297710,2
228492,3
1050196,1
291966,3
418272,2
975381,3
953595,3
1031281,2
103468,3
581527,2
393950,1
911250,3
293362,1
784907,3
985180,3
249543,3
76669,2
712217,3
877998,3
546646,3
619201,3
411600,2
986853,1
684664,1
61081,3
557294,3
435957,1
768442,3
730534,1
187828,3
608834,2
97078,3
578842,2
907004,3
275159,2
43594,1
184158,1
76354,1
918614,3
269706,2
738229,3
621155,3
641200,3
347735,3
530479,1
303859,2
845026,3
976647,2
818387,3
1002494,3
422384,3
823797,3
343509,3
858518,2
317372,2
852623,1
212162,2
579195,3
652307,3
650611,1
984341,2
898623,3
86478,3
989823,3
802188,1
234087,1
625473,2
332815,2
607111,3
921239,2
264390,2
99728,2
734192,3
496644,3
860223,1
69052,3
570524,2
413962,2
472471,3
628440,2
409938,3
1015683,3
49310,3
354773,2
718080,2
815799,2
1010147,2
822142,3
964953,2
363929,1
734854,2
279625,2
1003338,2
487824,3
300711,2
108480,3
594916,2
987904,2
371024,1
531450,1
903815,2
409035,2
533991,3
925744,2
9424,1
769093,2
227529,3
347733,1
371815,2
886344,1
911533,1
719553,2
88491,3
837585,3
260389,1
676231,3
451805,3
803640,1
890607,2
62451,3
52605,2
370914,2
820335,1
3834,3
175093,1
916597,3
343513,1
797376,2
215800,3
638377,2
236176,2
380499,2
243401,2
351649,3
945320,1
538128,2
225089,1
931852,3
69184,3
425749,1
522980,1
9552,1
409408,1
75083,3
556141,3
725303,2
95667,2
972875,2
153772,1
919156,1
160869,3
1042048,3
696453,2
365157,2
129938,2
374597,1
57240,2
640083,3
457807,3
628112,3
775621,3
960930,2
404426,2
861834,3
381609,2
340705,3
598362,3
698914,2
752740,2
278360,2
247698,1
903373,3
569289,3
595166,3
601704,1
578601,2
151752,1
485458,1
529561,3
260209,3
137880,2
872466,2
460601,3
37454,3
593073,2
810037,2
344906,1
592127,2
650168,2
236150,3
300114,3
50887,2
537548,2
199542,1
236527,3
533734,3
501591,1
545601,1
311314,2
993812,2
960830,1
576620,3
168979,3
804674,2
555907,2
643885,3
599477,1
952816,2
844115,3
723395,2
1024570,3
819518,3
643353,3
346231,3
421564,2
146191,3
271642,2
388726,2
75806,3
571373,3
204283,3
874490,3
1052181,3
135954,3
279297,3
855326,3
967582,2
566911,1
260199,1
1028884,2
273261,1
568390,1
884167,3
443149,3
631661,3
555847,3
949678,3
173804,2
151475,1
372262,1
315946,3
34131,2
11496,3
194197,2
19666,1
329420,3
409543,3
1043719,3
880938,3
403296,3
681005,3
94000,3
571780,2
1037845,1
360220,2
793016,2
328040,3
148686,3
998765,3
956292,2
972331,3
293658,3
336684,2
997416,1
567225,2
356152,1
166495,2
63624,2
89193,1
99522,3
108096,2
1030505,2
502316,3
5388,1
1036431,3
275467,3
108605,2
798900,3
770154,2
926464,3
732031,3
986655,3
999671,3
724672,2
785127,1
335693,3
811749,2
821831,3
380055,2
719497,2
368148,2
739592,3
968404,3
1009085,3
42682,3
1025665,3
456204,1
166492,3
115898,3
355282,2
469408,3
248309,2
360371,1
296852,1
471790,2
424297,3
1000219,1
163186,3
930193,1
9911,1
445539,1
849233,2
939972,1
785817,1
557330,2
986798,2
461480,2
273612,1
1017818,2
320483,1
574576,3
999276,2
931579,3
83919,1
831926,1
378826,3
1028070,2
822769,3
759199,1
672458,1
657949,1
67761,2
335286,3
58303,2
739554,3
447213,3
582910,3
877379,2
333928,2
210456,3
134283,2
501213,3
10014,2
930971,3
567169,3
563493,2
275532,3
6058,2
408184,3
672769,3
707007,2
675507,2
1024225,2
35669,3
180227,3
478948,2
182489,3
409649,2
295502,3
303673,3
641276,3
772114,2
511501,3
434907,1
6932,3
519114,3
727787,1
454387,3
56778,3
435999,3
34331,2
321146,2
1013922,3
233326,2
746000,3
474171,2
531327,3
856201,2
727719,2
497355,1
425604,3
173229,2
162915,3
521260,3
570341,2
1044460,3
127933,2
370918,2
554579,2
545890,2
359205,3
232863,3
136851,2
207376,2
696380,2
706439,3
61450,3
285975,1
85376,2
928769,2
424561,2
471461,2
353355,3
1041803,1
590691,2
13950,3
651515,3
469898,3
107332,2
75539,2
757320,1
1029941,3
840370,3
811700,2
158523,3
690333,2
752966,3
251272,3
689618,3
419062,3
278405,2
421182,2
643085,3
1014579,3
230913,2
337119,3
993082,2
3868,1
520094,3
752437,2
533192,2
49426,3
365936,2
79995,1
780757,2
930477,2
1004139,3
429009,2
106323,1
209032,3
636553,3
411566,2
776471,3
305723,3
1039117,3
20371,2
892457,1
440328,3
206724,2
285854,3
995925,3
952749,3
984077,3
707863,2
642206,3
436979,2
1009618,2
531931,2
290703,1
243846,1
544357,3
628711,2
234559,2
798894,2
197015,2
143035,1
295598,2
959628,2
709601,2
557785,2
1030963,3
989287,2
508118,2
62670,3
183005,2
348114,3
853611,3
566355,3
861704,3
104067,2
211750,2
85316,1
612977,2
272161,2
355430,2
463018,3
939928,2
138304,2
53006,2
513314,3
689072,3
62376,1
1010744,3
579125,3
823865,1
481849,1
652812,2
342066,3
716286,2
22864,1
138082,1
1049683,1
191311,2
134958,2
113049,2
104904,2
356939,2
574043,2
620637,3
969054,2
115777,1
825386,1
793381,3
742191,3
972020,2
1008212,1
919860,1
109765,3
120467,2
194206,3
3534,3
739095,2
998206,2
97737,1
510991,3
326348,3
90033,1
802419,1
650790,2
112417,2
71852,3
156184,3
670412,3
778440,1
807449,2
1033180,2
140300,2
295577,3
25012,3
707847,3
927395,2
226772,3
896701,3
879965,3
908483,2
367584,1
380505,1
1020762,2
160420,1
1003679,1
923327,2
605980,2
838630,2
116629,2
224454,2
165754,2
1008323,3
739737,2
1017015,3
259667,3
945205,2
327127,2
350019,3
1049959,2
189429,3
795564,2
370451,3
971040,2
673238,2
60962,3
475433,2
33327,2
965787,3
1016740,2
587039,3
90538,1
34780,3
229529,2
334601,2
938636,1
791496,2
402557,3
237035,2
813063,3
566600,3
162158,3
859961,3
595200,3
439287,1
709135,3
535448,1
363368,3
643579,3
161673,1
845200,2
301731,2
111332,1
66325,3
473792,2
597100,3
287644,1
377703,2
396409,1
158332,2
440202,3
533,2
878488,2
948298,1
649985,3
320229,3
541955,2
231530,1
790019,1
299287,2
611825,3
545214,3
544109,3
66235,2
235316,2
1010627,2
794313,2
348140,1
215449,3
718431,1
237191,2
999544,1
314587,2
458969,3
178106,2
30675,1
381961,2
169040,1
515114,3
823134,1
754494,1
510082,2
674452,2
489046,1
461938,2
1035636,2
972404,3
679665,2
511919,3
12717,2
937418,3
382403,2
266375,2
531761,3
123514,3
646127,3
959276,2
620958,2
725755,3
958761,3
174136,2
306050,3
92938,3
51084,3
957793,2
382523,2
744372,1
705391,2
492335,3
114798,3
625675,3
128785,1
875365,3
58198,3
704751,2
934489,2
538988,2
545577,3
221876,3
360347,3
865113,1
374892,1
317769,1
1014392,1
60028,3
881635,3
423227,1
985509,3
47594,2
511991,3
123579,3
719828,3
399215,3
981931,2
102488,2
799975,3
494791,2
161387,1
225123,3
424182,1
938056,1
59917,3
739770,3
415516,3
821327,3
167730,1
290242,3
467767,3
564347,2
454604,2
242009,3
597999,2
1022222,2
645238,3
680870,1
949410,3
1005336,3
271965,2
901616,3
814722,3
519964,3
711441,2
446211,2
64098,3
689698,2
1011629,3
507650,3
495686,3
535106,3
971916,1
1004945,3
877807,2
732233,2
292217,1
655549,2
417399,3
405937,3
124847,3
723216,3
987070,1
520623,2
379927,1
721695,2
618424,2
165311,2
233168,1
463373,3
636422,3
954952,3
1019323,3
429230,3
271324,3
655430,3
530019,2
1014563,1
642636,3
395471,3
234447,3
1017342,3
246912,3
803788,3
368448,2
9286,3
485351,3
191176,3
639465,3
500881,1
689319,2
163586,1
1017460,1
270334,1
772259,2
167705,2
727083,1
714264,3
258098,1
717357,2
775171,2
66708,2
575586,2
922054,2
1023214,3
961207,1
316496,2
568433,3
855682,3
858806,2
742422,3
559045,3
907232,3
210488,3
26250,2
447816,2
469986,2
87160,3
709885,3
892511,3
445443,3
463466,2
837986,3
169993,3
64221,2
833251,3
527887,1
922166,3
981881,2
327028,2
591656,1
842923,3
360473,1
88240,3
49028,2
608957,3
183923,2
166164,3
737274,1
785813,2
914783,3
333097,2
200293,2
579488,1
479832,1
361102,2
901692,2
208522,3
245390,2
902651,2
89029,3
449264,3
15557,1
240140,2
825178,2
874124,2
275385,3
202773,3
371793,2
403164,1
879500,2
588776,2
847771,2
585897,2
1048357,2
695731,3
480112,2
901983,2
483796,3
665011,1
736126,3
366169,2
913474,3
273384,1
469497,2
765294,3
116982,2
992,2
545527,2
340308,3
228642,3
136318,3
486273,3
192746,2
128304,1
218257,1
54751,2
507949,2
868618,3
189586,2
56188,2
301995,2
816725,3
342021,1
836677,3
989740,2
533237,3
542683,3
508384,2
968634,3
45870,2
652111,3
482956,2
111930,3
783948,1
336421,2
961338,2
469951,3
234583,1
437236,3
370211,3
198769,1
978049,2
798762,1
1038253,2
319036,2
742860,3
479076,2
699501,3
864455,2
484876,3
634637,3
35759,2
784206,3
234601,2
343067,2
641431,3
72850,3
271685,1
505012,3
932711,2
473003,1
451941,3
1011684,3
956962,3
737854,3
194408,3
297437,1
588896,2
313121,1
574533,3
258472,2
620977,3
275918,1
876291,3
375692,2
505886,1
858108,1
1025880,2
1041684,3
415422,2
596761,3
351658,3
669770,2
629566,2
798052,3
836949,2
854091,3
276545,2
432559,2
220734,3
582098,3
103582,2
705298,2
152178,3
999719,3
796447,2
682297,2
883021,3
272499,3
936976,3
915319,3
940712,3
446582,3
810468,3
749638,3
375029,2
726167,2
790669,2
166932,2
511362,2
87468,2
605561,2
526922,3
398214,1
520599,3
646568,2
936316,3
316559,3
98518,3
613246,2
411208,3
725359,2
102786,3
416164,1
774266,3
1049032,3
652848,1
3210,2
985542,2
178527,2
691979,2
308508,1
563042,2
1030839,3
1027354,2
1014449,2
103251,1
106582,3
598023,2
534249,2
462661,3
782986,1
329386,3
458785,3
57954,3
562619,3
831212,3
1013733,3
70808,3
617994,2
816861,2
824645,2
392803,2
558794,1
389087,3
1023284,3
569314,1
705835,3
341262,1
341911,3
584848,3
819866,3
250197,3
781419,1
268415,2
800458,3
645471,2
44706,2
917988,2
867296,2
653908,2
949456,2
105780,1
946089,2
421742,1
490173,3
572500,3
274252,2
843100,3
877528,3
1001375,1
462348,1
639131,3
876616,3
390685,1
34969,2
446162,3
409005,2
880061,3
803009,2
127092,3
84691,3
822322,3
28000,2
149561,2
159740,2
877893,1
259496,1
398394,1
412847,3
1029873,3
837230,3
655435,1
276022,2
641662,3
603856,3
1002226,3
540605,2
425330,2
758424,2
599513,1
868748,3
535755,3
210035,3
536808,1
796282,3
886699,1
39485,3
84796,2
333380,3
787303,3
603384,2
682010,3
294864,2
585917,3
807076,2
1032128,3
601994,3
187882,1
989365,2
1019216,1
594367,2
708101,3
191655,2
665224,2
546469,1
3638,2
715380,3
792387,3
315790,3
594893,2
484622,2
306926,3
6979,1
249211,3
1037415,3
1021241,2
140586,2
243845,2
54636,2
643906,2
301997,3
517797,3
794217,3
107128,2
901434,3
247317,1
784420,3
645914,2
259997,1
748560,2
416871,3
202980,2
118501,1
79776,3
14363,1
818547,3
151494,2
289954,2
434534,3
158808,2
621523,2
348461,1
928021,3
269090,1
730694,2
494241,3
804424,3
192687,3
626878,2
714580,2
948085,3
199078,3
701370,1
617215,1
550143,2
682432,3
525967,3
423343,1
276307,2
343880,3
181102,2
691615,3
396790,2
598808,2
693592,3
253114,3
82802,1
535896,3
764415,2
443762,2
184926,1
595255,1
28534,3
896205,3
361112,3
924535,3
250767,1
624088,3
826225,3
739801,3
102692,2
815426,3
830852,2
225303,2
94055,2
935391,1
215571,2
864036,1
831438,2
791299,2
564757,3
686364,2
575013,2
870564,3
745370,2
122929,3
573225,2
563590,3
368635,2
635894,3
634260,2
777528,1
750965,2
476405,3
857387,2
758463,2
714774,2
663288,3
628794,3
106626,1
294089,3
343001,1
270696,2
355647,2
731293,2
1047783,2
130108,3
878127,1
1050133,2
813797,2
121733,3
778224,1
258449,3
928106,2
623149,1
47389,1
122416,2
19499,3
913657,2
851937,3
516336,3
579251,3
654058,1
543390,3
36935,3
259327,3
137360,2
751250,2
24631,3
38527,1
906393,2
164258,2
61582,2
26037,2
979039,2
316891,2
512349,3
14626,3
700800,3
95868,2
578342,1
445814,2
721291,2
1006848,2
545833,3
253787,3
541389,3
865505,2
30307,2
812083,1
278884,3
393237,2
65541,3
604329,2
267955,2
340216,2
404725,3
738094,3
837592,2
990219,1
526256,3
1009081,2
248387,3
407679,1
999545,3
376730,2
523693,2
794917,2
186344,2
727854,3
630770,1
430743,3
1052923,3
978439,3
517074,2
69643,2
634988,1
571523,2
596311,1
650437,1
929065,1
981231,3
7443,2
937753,2
372259,3
603779,2
87158,1
174174,3
660453,3
764401,3
919233,2
314792,1
801779,3
45666,3
1043822,3
1044351,1
804752,3
171712,3
53093,3
559013,2
499423,2
74426,2
1022517,3
498064,2
175505,2
79107,2
977696,1
725547,1
917118,2
17792,1
730806,2
939798,1
283020,3
155677,2
961143,2
207398,2
54762,2
10438,3
259045,3
385331,3
286106,2
957555,3
527954,1
265085,2
75674,3
276282,3
491702,3
820167,1
277913,2
331141,3
863688,3
525739,3
688602,2
204889,1
656814,2
310103,1
150899,3
105502,1
330638,3
721504,3
747654,1
437488,3
937443,3
694512,2
1039109,3
442035,3
103451,3
878442,2
832625,2
977516,2
214411,1
61031,3
260778,2
1005585,2
312584,2
958899,2
126392,3
114843,2
350091,2
627425,3
300033,2
663254,3
219235,1
360188,2
82831,1
938923,1
1020282,3
526261,1
45701,3
22859,1
117748,3
288024,1
861862,2
653816,2
928141,2
851737,2
755353,1
881835,2
420415,1
216270,3
449037,3
571813,2
714631,2
829590,3
341050,2
639591,3
719016,3
749574,3
293019,1
457876,3
332179,2
305221,2
372276,2
447941,2
417270,3
589918,1
220001,2
345675,3
442717,3
219628,3
161625,1
635137,1
351795,2
476256,2
496751,2
631238,2
921753,3
273127,3
286408,3
123755,1
559813,3
1019848,1
195164,2
257843,2
299611,3
289568,3
203923,3
402527,2
738265,3
363873,2
795503,3
68831,2
269695,2
141089,1
261173,1
577128,2
251468,2
86159,2
1041776,3
91373,3
725757,1
293957,2
290688,3
206796,1
933874,2
389117,3
886180,2
245567,2
475348,1
492960,3
746862,2
883336,3
572718,1
1011741,1
959497,2
1019379,2
177750,1
487279,2
170935,3
1045737,3
845694,3
663855,1
528594,2
671582,2
1001837,2
881019,3
147036,2
214812,2
619341,2
495410,2
377598,3
927123,2
269853,2
108420,2
51547,3
322626,3
171490,2
1016400,2
977863,2
151285,1
991574,3
260718,1
275897,3
709568,1
860698,3
189316,3
978663,2
319802,2
220368,3
276841,3
343987,2
464773,2
749947,2
471374,1
369159,3
826015,2
1018459,2
339668,2
638047,2
230071,3
266554,3
71144,1
337817,3
220778,2
97625,2
122558,2
368645,1
71107,1
1050770,3
395302,3
315257,2
694314,3
278958,3
906163,3
834959,2
95583,2
27593,3
774099,3
18652,3
796711,2
777997,3
267031,1
653730,1
732937,3
1007616,2
575911,3
482962,2
661938,1
349153,1
875122,1
787922,3
754794,2
208410,2
831429,3
439259,2
700529,2
519069,2
859684,3
384468,3
573402,2
59828,3
734758,1
1030179,3
333862,3
419687,3
698453,2
698496,2
61716,3
428750,3
727955,1
847384,1
379101,2
38532,2
197247,3
124097,2
1035911,2
750639,2
708963,2
96133,1
915429,3
667724,3
16692,2
666579,3
179979,3
339562,2
278835,2
1041134,3
867066,3
282758,2
398565,1
480489,3
175607,3
160126,2
959910,3
310916,2
48065,3
621093,2
978368,3
656089,2
987628,2
186307,1
809299,1
598908,1
603683,2
266212,2
147545,1
9987,2
157548,2
203225,2
855019,1
888601,3
387855,3
23998,3
80522,2
216880,3
189715,3
230504,3
972400,3
46843,3
709418,2
288591,2
456065,2
255646,2
219228,1
652375,2
220966,3
236580,2
657746,2
700997,2
725049,3
687140,3
105609,1
250291,3
199889,2
774217,3
533070,2
586175,3
734860,3
630514,3
837775,2
294107,3
987705,2
1007145,2
942585,2
128898,3
220865,2
928325,3
998897,3
745088,3
710990,3
77780,3
903064,2
718662,2
449026,2
77036,3
488862,2
550866,3
348951,2
66865,1
756377,3
641756,3
415280,1
800935,2
392929,3
670714,3
975240,2
561872,3
572658,2
618056,2
696588,3
969415,1
185621,2
669050,3
76723,3
221143,2
729882,1
224634,3
231000,3
78886,2
663205,3
623977,2
645316,3
580005,2
900039,2
818822,3
973669,3
102794,3
410610,2
791187,1
230918,3
598589,2
263926,2
535155,3
838076,2
343695,2
545873,2
162244,2
957662,2
244423,2
1003022,1
813695,2
693127,3
421021,1
441838,3
722931,2
976488,1
1017915,1
662185,2
407557,3
195039,3
139696,2
382131,3
82828,3
456859,3
824871,2
989818,2
755916,3
828709,3
579182,3
860732,1
731766,1
729981,3
416221,2
262355,3
868890,1
714052,2
929846,1
958366,2
192663,2
245024,3
839299,2
93826,3
843704,3
925334,2
352965,2
396307,2
145535,1
405783,2
870059,3
641783,2
1045837,3
127249,3
976658,3
94424,3
578904,2
54696,1
143607,2
684185,3
240917,2
450788,2
629864,3
135852,2
258040,2
561071,1
285355,3
215824,1
121367,2
1025240,2
742909,2
29661,3
477379,1
516559,3
659586,2
739151,3
433822,1
429096,2
581175,2
640698,1
524602,3
489796,3
262093,1
501914,3
865163,3
1007909,3
380186,1
616489,2
839084,3
224451,3
733829,2
510852,3
749301,3
557556,3
666812,2
28957,1
786837,3
210940,3
251040,3
24285,2
723335,1
720926,1
1017119,1
493293,2
455899,3
838032,2
56206,1
79050,3
226916,2
785012,1
985014,1
764545,3
995434,2
129116,2
332920,2
266308,1
307040,2
953987,2
219450,3
62815,3
491413,2
665148,2
561315,3
731669,1
332271,1
620932,2
49524,3
691577,2
175480,3
437439,2
37269,3
326029,3
430314,2
457285,3
817572,2
257661,3
435082,1
840775,1
900562,3
598792,2
828049,3
31794,3
59447,2
735101,2
981146,3
338148,3
550905,1
916321,1
501368,2
847813,1
980774,3
103723,3
809765,1
906103,2
892502,2
238696,1
746589,2
796694,3
265069,3
666943,3
1050843,1
436769,3
924448,2
784504,3
539154,2
416348,1
334572,2
582675,1
405680,3
923122,1
1035293,2
658441,2
513412,2
506246,3
700015,3
704825,3
392193,2
941583,3
456980,3
708894,3
1044861,3
683159,1
781697,3
839941,2
244318,3
481600,2
702157,3
897740,3
179901,2
552310,3
1041451,2
190538,2
958046,3
819292,3
419196,3
487117,2
1019550,2
293204,2
824019,2
684986,3
466815,2
175503,3
176005,2
848576,3
637016,3
386582,3
822297,3
800093,2
778932,1
389576,2
217577,2
2487,3
588102,2
308103,1
812620,3
1032881,1
27151,2
47431,3
985405,3
991531,3
298356,1
383948,3
1013562,1
282531,2
733794,3
856780,2
471955,1
460171,2
325624,2
362401,3
530576,2
503121,2
735005,3
308117,2
1469,3
655905,2
7193,2
805800,2
646463,2
889518,2
281828,2
852946,3
10187,1
988430,1
125505,2
930743,3
348778,2
1040149,1
716285,2
838097,1
749333,2
823200,3
65330,2
191941,2
737988,3
814096,3
873457,3
136272,3
33123,3
205549,3
349867,2
114509,1
157140,3
427443,3
951640,3
974447,2
981812,3
34430,3
619948,2
376567,2
91403,2
376693,1
141440,3
525843,2
201555,2
3482,3
887997,1
390611,2
752586,2
707751,3
893517,3
155340,2
28274,3
217652,3
419644,3
619607,2
739136,3
1019174,2
1015030,2
141751,2
208448,2
695660,2
867143,3
307591,2
942264,2
588405,3
243042,1
694572,2
609065,3
1035738,1
361474,2
378114,1
564829,3
38304,2
919299,1
397495,3
708294,2
881353,3
419508,2
678881,2
1027676,2
426990,2
35479,1
132696,3
990034,3
407854,2
495145,3
842186,2
305710,2
327701,2
470538,2
175386,1
351576,2
787957,3
477932,2
299759,2
799203,2
852279,2
879093,3
678190,3
757754,3
940270,2
701351,2
61057,2
413287,1
655466,2
224225,1
596460,3
422927,3
1019533,3
126673,3
904987,1
616092,2
571335,3
192543,1
287579,3
41343,1
110689,2
61672,2
833322,2
735464,3
74971,2
1031943,3
384977,2
826915,3
494747,1
527725,3
341013,3
523067,3
858733,3
624956,3
190918,2
995214,1
499492,2
630997,3
450911,3
91475,3
879239,3
636620,1
736477,1
851510,2
47656,3
846653,2
621802,3
56622,1
353102,3
656795,1
604286,2
191026,3
353672,2
2818,2
1308,1
417525,1
130747,2
876553,3
136954,1
583322,3
732983,2
762758,3
760018,1
207918,3
114556,1
550572,2
548775,3
319270,2
719918,3
501366,3
9434,2
1042840,1
973364,3
2361,3
65232,2
905741,3
592611,3
597453,2
1027760,2
348632,3
248013,1
1021425,3
175804,2
822781,2
675099,2
416067,1
96173,1
795862,3
326072,2
273669,3
417988,2
424689,3
443517,2
530541,1
283381,3
155342,2
256912,1
418914,2
751346,1
924793,3
678061,3
424095,1
210950,3
579448,2
942405,1
405621,3
318742,1
780838,3
710238,2
829152,2
787715,2
1014304,2
582283,2
693677,3
837725,2
1017678,2
214366,2
125097,3
598634,2
861367,2
586760,2
983654,2
30947,1
870920,2
1037028,2
238013,3
39204,1
137663,2
834325,3
35898,2
1034753,3
402678,2
307400,3
588479,1
541054,2
984188,3
361535,3
363806,3
317295,3
691202,2
304219,3
55420,1
724144,2
823309,2
36790,2
377538,2
941143,3
649761,3
1046775,2
159700,2
849120,3
453995,2
974063,2
316299,2
887142,3
652105,1
810814,3
1033985,3
82785,3
516363,1
142327,2
789967,2
632531,3
380783,2
877726,2
308923,2
665431,3
688915,3
693477,3
350989,3
913694,3
882678,2
148045,3
154511,3
733173,3
29535,1
354497,1
9792,2
401870,1
157980,2
1011202,3
416168,2
494383,3
975881,2
376581,2
867500,1
97215,1
878312,2
659932,3
1046767,2
783559,3
13319,3
763304,3
65196,2
485085,1
956722,2
883300,2
606402,2
14258,2
544929,3
501684,1
773591,3
133647,2
353229,3
50413,1
1024737,3
110733,3
709479,1
74247,2
905194,2
510780,3
1387,2
945457,3
134354,2
1011679,1
323661,3
347163,1
898203,1
28708,3
287912,3
217154,2
414977,3
40387,3
348884,1
427194,3
910548,2
810983,3
145121,3
373673,1
872803,1
630319,1
563193,1
90779,1
593028,3
355047,3
156250,1
40493,2
960851,2
635939,2
744582,3
121922,3
119573,1
5132,3
879255,3
127567,2
585593,3
1039768,2
778933,2
646121,3
97244,1
107526,1
817023,2
845227,2
47034,3
415524,3
575322,2
675312,3
470548,2
307865,3
899689,2
634968,2
996821,1
110488,2
353256,2
340165,3
1010266,3
775831,2
766862,3
677055,3
1017931,3
183890,3
972110,3
789288,3
853942,3
189767,2
948554,3
412786,3
844102,3
910276,2
948681,2
411065,3
133645,1
564636,1
349762,3
614752,1
620061,2
694764,3
724147,2
125099,3
674104,3
564219,3
867952,3
241059,1
681010,3
606974,2
809977,2
941644,3
265865,3
305668,3
477461,2
51496,2
1022011,2
300800,1
115430,3
1049395,2
151173,2
1005717,3
948904,1
715967,2
214191,3
847722,2
951655,3
486957,1
449496,3
808352,1
779046,3
850004,2
998362,2
299721,2
476337,2
990819,2
1037393,2
661799,2
284912,3
799322,2
674409,3
95499,3
36287,3
544903,3
614879,2
521100,2
239481,3
819343,1
384139,2
1035986,1
665239,1
11109,3
544643,3
87007,3
339557,3
1010782,2
928512,3
197069,2
7391,1
401901,1
459931,2
573508,1
3900,3
339418,2
392951,2
673480,2
479792,3
49207,2
594071,3
777864,1
212796,1
51228,2
313152,2
278256,3
491920,3
91298,3
422090,1
638713,2
461731,2
341751,1
361892,2
840284,3
289895,3
138906,1
1005172,1
912016,3
1045314,3
825083,3
146913,2
994729,3
524322,2
186864,3
647393,2
900524,2
355415,2
732584,2
1040853,1
616896,2
932229,2
743011,3
574519,3
689725,3
246810,3
855987,2
501262,3
688219,3
193194,2
550894,3
703817,3
472390,3
431262,2
156453,2
700616,3
398818,3
856409,3
916929,3
280584,3
686519,3
259983,1
917954,1
689538,1
448626,3
713,2
280916,2
522009,1
42700,3
47208,2
878353,3
1034788,3
836503,2
872615,2
999381,3
578543,2
729171,2
993488,3
567165,3
963725,3
613820,2
796154,1
919930,2
954252,1
906550,2
203493,2
659509,3
690755,3
653414,2
570504,2
541553,2
1014256,2
841063,3
428340,3
237281,3
794322,3
493726,2
349350,3
190242,2
351717,2
1027366,3
841640,3
78101,1
938692,1
290153,2
553811,2
863669,3
644015,3
707062,3
336144,3
154728,3
325483,3
368737,1
403802,2
815732,2
1025750,2
912682,2
32443,3
294182,3
323552,2
1008908,2
804292,2
699206,2
80683,2
894763,2
505254,3
987029,3
434575,2
878699,2
71962,2
562196,3
962169,1
308948,2
937923,3
979244,3
152281,2
897585,2
369500,3
99710,2
501437,1
85134,3
476022,1
474917,3
466134,3
718125,3
990374,1
168717,3
833650,3
130117,2
439157,1
97220,2
878472,2
457446,3
819257,2
836433,3
521515,1
782506,3
528499,3
368219,3
319263,1
1042021,2
478581,2
102769,2
332392,1
341151,2
510170,3
345616,2
544748,3
322636,3
258670,3
241196,3
359864,3
1031557,2
493780,2
115948,1
283727,3
704269,2
932042,2
757109,3
900630,3
785026,3
138884,3
699618,2
515934,2
37909,1
441892,3
644719,1
837849,3
12878,3
566653,2
115913,2
831331,2
266265,1
1003133,2
314616,1
803587,2
572074,3
716415,2
415868,1
614898,3
367964,3
832567,2
877490,3
112835,2
826276,2
340176,3
29167,2
586147,1
406205,3
876219,3
538649,2
57150,3
566676,2
1046081,2
196756,3
816680,2
99986,1
82456,3
822943,2
410966,1
1039229,2
981993,3
473611,1
652467,2
111627,3
2190,1
208876,3
309233,3
28222,1
878016,3
919688,2
435924,2
243934,1
332063,3
427470,3
650776,3
399411,3
146995,3
496195,1
345863,2
692711,3
455529,2
82014,3
966805,3
434767,3
817238,3
10373,3
35177,3
415679,3
428377,1
148348,2
367707,3
671214,3
1020270,2
635168,3
43095,1
426309,3
54084,3
944131,2
12818,2
995978,3
995581,2
354610,3
822510,3
276812,2
1049142,2
610460,1
119629,3
947677,3
566696,3
852497,3
665959,3
154155,3
834399,3
1007205,1
746321,3
523047,1
225871,2
405506,2
986272,2
152621,2
660503,3
406896,2
762776,2
397523,3
388364,3
450713,3
900095,2
602866,2
601073,2
310710,2
579013,3
215717,1
530775,3
947256,2
478634,3
34740,2
714085,3
959360,2
21844,3
280102,2
230260,2
133661,3
151603,3
363482,3
800827,3
274990,1
365123,1
1003399,3
998364,3
897001,2
1045877,1
578421,3
850955,2
819908,1
284798,2
334378,3
111140,3
369777,3
487210,2
567406,3
670194,3
805342,2
122044,1
310385,2
124137,3
1027419,2
438908,3
959656,2
678059,2
377184,3
244935,2
612887,1
569420,1
706064,3
217965,2
464827,2
312395,3
222889,2
486952,2
823842,3
45918,2
1038381,1
409979,3
106961,2
247115,3
488616,3
679666,2
356061,2
831582,2
448594,3
69114,2
105073,3
496295,3
771096,3
176099,3
401460,3
408595,3
30809,3
1026435,2
784821,2
697484,2
72228,2
764035,3
642291,3
935383,1
462442,2
997667,2
1042525,1
816262,2
871501,2
129642,2
986581,3
953293,2
395698,1
663317,3
448000,1
19135,2
1042808,3
282015,2
643654,2
400996,3
364026,3
703960,2
589513,2
649121,3
530845,2
199058,1
689489,3
1031800,2
725043,2
496565,3
456595,2
188672,3
1026043,1
368003,2
163832,2
798625,2
1043272,3
59783,3
229786,2
556037,3
175678,2
335819,3
998281,2
794071,1
679176,2
107701,2
1023704,3
67324,3
459729,3
705786,2
155919,3
997316,2
228846,3
1015598,2
85007,2
856380,3
302281,2
406332,3
816145,1
109977,3
425044,1
490776,2
517528,3
245109,2
984825,3
570550,3
948252,3
535744,2
1009052,3
861939,3
813629,3
613147,3
782635,3
220292,1
573757,2
324574,2
997660,3
1016414,2
326916,3
541721,3
38693,1
158278,2
103316,1
468102,3
931126,2
773854,2
119638,2
66543,1
610831,2
308109,2
790877,2
933364,2
967682,3
862868,2
195550,3
492305,3
501170,1
262713,3
89005,1
639188,3
648181,3
210754,3
15150,3
422088,3
755806,3
792303,2
152368,3
787562,3
601563,3
851858,3
879829,3
601483,3
22641,2
855775,1
635672,2
187766,2
770115,1
64131,3
365339,3
165560,2
119960,1
361665,3
845856,1
1049192,3
578576,1
229462,2
313199,1
342840,2
37146,3
124574,3
399796,1
970667,3
373182,3
34046,2
1011685,3
386024,3
106522,3
314565,1
877468,2
615046,3
62196,3
20656,2
891364,2
830420,3
119180,1
426589,2
69531,1
453262,1
812451,2
419252,2
267998,2
347387,2
133844,3
578367,1
783909,2
640645,2
512754,1
1004481,2
415065,2
282523,2
10587,2
884617,2
76239,2
903271,3
711084,1
365097,2
725375,3
549616,3
1025484,1
21956,3
1026538,3
785712,1
231352,3
904674,3
33048,2
783095,1
428112,1
648278,1
780848,2
991513,3
163962,2
314936,3
122089,3
46175,2
393257,2
991617,2
296882,2
486659,3
852723,3
711897,1
779690,1
714043,2
988089,2
940598,1
560010,1
793237,2
319997,3
835715,3
806233,2
972265,3
673653,3
922107,3
893296,3
296279,2
392285,1
733414,2
555394,3
213810,3
460467,3
103870,1
443417,1
113851,3
649627,2
614322,3
999732,2
756586,3
1037427,2
976974,2
130024,2
597912,2
1002186,1
214582,1
684633,3
926833,3
247785,3
85660,3
909835,3
997616,3
473086,2
176656,3
908070,1
403250,2
402161,1
319564,2
963458,3
346665,3
826271,1
976325,2
1006283,3
707395,2
42760,3
262885,1
401750,1
694632,3
740535,3
409021,3
104096,2
722237,3
942358,2
744623,1
914620,3
435515,1
1035420,3
357412,2
17885,1
609970,2
648929,3
965560,3
285342,3
606219,3
976508,3
121420,3
484104,3
365767,3
1002374,2
871539,3
232046,3
759148,2
409448,3
276420,3
772034,1
58124,2
803736,3
796471,3
476504,3
670510,1
740405,3
969753,3
202659,3
208896,3
761784,1
138882,3
748423,2
640806,3
514309,3
511062,2
825009,2
774022,3
403621,1
717021,3
755557,2
808913,2
748821,1
373326,2
658627,2
273982,2
567777,2
591513,3
750887,1
988997,1
277180,2
429024,2
106549,3
132238,1
325336,1
404031,2
836236,2
263172,2
36944,3
828601,3
490647,1
862546,3
69388,2
244153,3
226340,2
803491,2
486305,2
559181,3
418208,3
478950,3
264946,3
10340,1
830330,2
877013,2
319833,3
990854,2
719496,2
562172,3
221843,3
489839,2
150672,3
649916,1
307473,1
45370,1
119491,3
361050,2
737742,3
700086,2
696746,3
860380,2
746186,1
906211,2
419657,2
865457,2
681438,2
275612,2
820705,3
363960,1
432379,2
165895,2
7410,2
816507,2
764777,2
818972,3
953908,3
688767,2
991262,3
164348,2
477601,1
80032,2
844195,3
184073,3
295206,2
453756,3
372322,3
1038052,1
904955,3
909073,1
204005,3
203927,2
772985,3
295146,2
560818,3
824341,3
416442,2
690564,1
987609,3
1015318,1
806889,3
1004693,2
81491,3
282349,2
648655,3
603930,3
455212,3
523645,3
440712,2
596135,3
854493,2
156412,2
368896,3
697247,3
195578,3
939171,2
560675,3
908031,3
931575,3
589259,2
591348,3
888897,3
663214,3
419695,2
778717,3
893240,2
434875,2
635151,2
635707,2
449694,3
942441,3
372275,3
624211,2
908417,2
823117,3
655065,1
580663,1
146048,2
1019830,3
51433,1
42343,3
1011237,2
527632,1
1041540,2
211886,2
949669,2
422294,1
523515,3
536961,3
833888,3
80791,3
370853,3
79031,2
291670,2
883815,3
161094,2
727194,3
631233,3
845584,3
645379,3
940479,3
60547,2
404077,3
574648,3
41746,2
732124,3
974673,3
540156,2
703584,2
96682,1
602927,3
688713,1
310007,3
559152,2
494494,1
637483,2
600957,2
96570,3
32542,1
234561,1
984655,3
1010430,2
435499,1
618309,2
183491,3
8533,2
268715,1
894977,1
940701,2
346301,1
980460,2
569890,1
185289,2
532921,2
627804,3
526283,1
438515,2
302672,3
1045703,1
883911,1
801039,2
955074,3
808816,3
106011,3
775157,1
1043916,2
41448,2
1020586,3
848140,1
1017358,2
571644,1
292438,3
748097,2
61280,2
599919,2
509783,3
325420,2
770728,2
662314,3
677892,2
718269,3
108378,3
474310,2
686926,3
956573,3
263915,1
403728,3
646293,3
680547,3
950707,3
518492,3
449958,3
323649,3
488951,2
636578,3
928865,3
766796,3
508735,2
1013697,1
731512,1
352800,3
767423,2
815717,2
852155,2
579478,3
111940,3
1014866,3
598645,3
717639,3
754387,3
974200,2
991168,2
850732,2
976176,3
724543,2
616665,2
639444,2
846865,3
676294,3
1003681,1
947748,3
290102,2
821232,3
569463,1
646787,2
102574,1
754101,1
865571,2
396991,3
353234,3
558304,2
409765,3
62207,2
251827,3
909215,1
377076,2
687519,2
1006048,2
778878,2
267958,1
346679,3
708700,2
132369,1
23784,2
178331,3
796465,2
417991,2
11579,3
765154,2
723036,3
692278,3
985163,3
553233,3
444087,2
49254,2
53460,2
144269,3
914657,2
988233,3
931411,3
62694,2
300617,1
108021,3
760361,3
50612,3
962027,1
4814,2
795466,3
937995,2
929362,3
86283,3
940498,1
903785,2
547343,3
767595,3
667767,2
887103,3
333208,3
419130,3
943737,3
1008465,3
968281,3
359882,3
79115,1
756160,3
352698,3
316021,1
787144,2
450088,3
265535,2
337037,2
659631,3
209310,2
100833,2
1052093,2
659272,3
483587,3
55950,2
987381,3
572720,3
571171,1
244329,2
737157,2
870405,2
449278,2
612482,2
563802,3
573246,3
511881,2
213323,1
63090,2
848319,2
544540,2
663836,2
768966,1
183359,3
531295,1
204816,1
800111,3
238203,1
132652,2
309561,3
701359,2
411513,2
237275,2
897093,1
604055,3
227474,2
707849,2
885735,2
937187,3
511326,2
620738,2
942475,3
987858,2
471375,2
383427,3
74118,2
440184,1
837055,3
233159,3
613498,2
94101,1
757518,2
913213,2
309836,3
359942,3
113335,2
458441,2
1044440,3
684965,3
266839,3
617586,3
767302,2
79071,2
528327,1
812327,3
392311,2
641602,2
54282,2
238508,2
693128,2
354718,2
354975,2
560968,2
724517,2
161928,2
1015722,2
1029063,1
222584,3
824725,3
652681,3
248002,3
34272,2
787884,2
492016,2
580804,3
25554,2
670214,3
309818,2
164904,3
268704,3
910773,2
258908,3
802600,3
857651,1
326299,3
37510,2
607584,3
778762,2
123643,2
710739,3
904088,3
707900,1
831009,2
214483,2
534945,3
465376,3
892094,3
850024,3
699102,3
209605,3
787149,2
365409,2
289800,1
335754,2
872285,3
1009938,2
474608,2
1052274,2
564084,2
455302,3
1016236,1
567448,1
1004365,1
77516,3
167328,3
540531,3
411788,2
506563,3
256467,2
337251,1
340920,2
185040,1
794405,2
176962,1
876268,1
456190,1
720412,3
519701,2
425619,2
952543,3
36106,3
507737,3
1038801,1
555447,2
154078,3
180522,2
616696,2
785549,2
174490,2
168435,3
403454,1
759930,3
1050442,1
619496,3
610504,1
622274,1
382533,3
795675,3
175836,3
68266,2
392679,3
338291,2
997984,2
257500,2
902309,2
124446,1
212555,3
62186,2
968681,3
642235,3
661655,1
382563,3
227439,3
118258,3
761351,3
621417,1
863605,2
585566,1
643856,1
882539,3
237951,2
592230,2
279895,3
52379,1
204120,2
493123,2
782024,1
995487,3
21312,3
314759,3
604780,2
973757,1
379472,1
931520,3
210645,3
1043976,1
1039840,1
213564,1
314800,3
656547,3
146270,3
387697,1
395388,3
1050936,2
952531,2
910030,3
346618,2
456218,2
726143,3
242093,1
420481,1
912199,3
775355,3
1011644,3
898677,1
192440,3
238654,3
737436,2
234620,2
985628,1
994299,1
983204,3
988480,3
439579,3
303679,1
437913,2
331008,2
577988,3
215186,3
840761,2
146642,3
174859,3
767069,2
17780,2
60754,2
462899,2
1043060,3
687568,3
287861,1
816988,2
613688,1
522135,3
347803,3
279173,2
966373,2
856967,2
83069,3
975049,2
496352,3
144575,2
384862,3
402313,2
23978,3
123683,2
737405,2
836777,2
1000409,2
280571,2
86007,2
977159,3
869579,2
407479,3
876425,2
596465,3
826816,3
460605,3
336701,3
198921,3
782217,1
164046,1
99662,1
217995,2
694080,3
1017158,2
841866,2
702164,2
572455,2
765685,2
890807,3
541385,2
359871,1
795236,1
608257,3
259648,1
98171,2
358814,3
84230,2
516556,2
491144,3
158593,1
577599,2
932026,3
974209,3
120021,3
1026516,3
231616,2
416347,1
398299,2
657046,3
795985,3
830313,1
465335,3
866298,1
591709,2
275860,2
97352,3
667864,3
387930,3
315513,2
557495,3
144046,2
899799,2
155784,2
472132,2
48084,1
235000,2
208885,3
835524,2
805595,2
257427,3
827760,3
828112,3
860089,3
295125,3
960402,2
859423,1
566210,3
842358,3
783062,2
423684,3
638851,3
143440,2
561790,2
416502,2
215873,2
308536,2
821572,2
598076,3
114139,3
432462,2
524278,3
920975,3
876034,2
552325,2
646774,1
665853,1
10952,2
820415,3
956008,2
290647,3
430533,3
523772,2
638505,2
75355,2
938765,3
615999,3
110162,3
13989,3
912059,3
894750,1
136580,1
731609,1
551133,1
984774,3
106953,2
950770,1
812894,3
762081,3
309712,3
354285,2
997386,1
442418,1
411822,2
96707,3
435532,2
473035,3
372194,3
900103,3
535239,3
916206,2
510143,3
688914,2
718571,3
292067,2
208100,1
126837,1
738546,1
128915,2
232329,3
539615,2
918543,2
133730,1
612057,3
207279,2
402466,2
1028846,2
946171,2
486700,3
343106,3
770067,2
529887,1
412429,3
633455,2
230526,3
368842,3
694900,1
796715,2
40907,2
454259,3
625904,3
93896,2
96745,3
435764,3
920041,1
334793,3
525892,3
439264,1
862041,3
17887,3
899897,3
890738,3
508875,3
717525,3
410979,3
723021,3
438626,2
527224,3
194843,2
637478,1
889833,2
462759,3
139878,2
258686,2
662397,2
340530,2
345462,2
149485,3
734564,2
430797,1
722902,3
503523,2
706471,3
1005359,2
990277,3
616937,2
994203,3
747463,2
874199,2
738662,3
514870,1
957999,1
807293,3
703652,1
179028,2
816485,2
414892,3
222575,3
251047,3
1045184,2
523907,2
236422,3
588137,3
16630,3
280172,2
416456,1
764485,3
364825,2
690519,1
515536,2
1038914,1
798877,2
600380,2
92098,2
433509,3
690881,3
302191,3
511288,3
410120,3
378980,1
210364,3
500091,1
30539,2
409085,2
921271,1
248191,2
879734,3
489841,2
805056,3
772373,2
349465,2
122164,3
985681,3
779322,3
241697,3
963780,3
956318,1
880860,2
267117,2
471173,3
188770,2
178169,3
869110,2
530996,3
560940,2
890492,3
556295,3
528187,2
642537,3
76275,2
950298,3
822638,3
269748,2
700980,2
48890,1
332178,2
628161,3
773330,1
491098,2
548476,2
774131,2
607499,3
159097,2
258174,3
214274,3
839430,2
1024750,3
711496,3
220758,1
698352,3
425742,3
83577,3
457885,3
678118,2
624754,2
430418,1
529424,3
957463,2
370774,3
718986,3
950891,3
540499,3
75058,1
1029853,2
962600,3
90015,3
776763,1
148836,1
482491,3
121594,3
391134,3
535743,2
955969,3
932332,1
1043877,2
403450,3
679638,1
911941,3
1037266,3
717370,3
889341,2
712980,3
88062,1
284280,3
781471,2
28388,2
1000433,1
932358,2
477057,3
1039544,3
763214,2
482635,2
901009,3
686031,3
970184,3
268985,2
189833,1
899542,1
769871,2
407510,3
130695,2
263209,3
824942,2
1018232,2
716514,3
72225,3
569268,2
509260,1
821462,1
136991,3
229315,1
901627,2
942269,2
393277,3
854095,2
165183,1
1353,3
358288,2
139085,1
543203,3
309785,3
439782,2
117088,3
306441,2
187905,3
600704,3
1002352,2
175033,2
411897,2
61983,3
199919,1
262500,2
511404,3
627258,2
56887,2
724807,2
711886,2
200007,3
942531,2
355354,3
77287,3
325165,1
911161,3
418689,2
639467,3
218574,3
92272,1
215930,2
1018002,2
1002666,3
655940,3
311477,3
213781,1
638575,3
556620,3
69171,2
834047,1
259616,2
301514,2
70651,3
510981,1
39112,3
1025994,3
176351,2
80292,3
1017013,2
429758,1
330105,2
89094,1
206617,3
474536,3
768292,3
642401,3
486166,1
869865,3
372800,3
1047467,3
236558,1
791651,1
818402,3
1026204,2
921525,2
735047,3
269669,1
75505,3
745274,3
750053,2
407179,2
507347,3
476681,3
46988,1
180333,2
88488,2
801360,3
246629,3
532630,2
357767,1
513463,3
756695,1
613209,3
115493,3
83751,2
1044290,2
669765,3
1029878,3
810691,3
1006909,1
559909,2
803536,3
899726,3
317013,3
329251,2
498460,2
757888,3
416747,3
690538,3
238921,1
859703,2
15188,3
776100,3
309637,2
223099,2
703162,3
1037398,1
426174,2
422941,1
914029,2
628215,3
120957,3
472298,3
970790,2
812343,2
891447,2
361203,3
282828,2
427838,2
545869,2
66017,2
654038,2
903197,2
754471,2
549565,3
589648,2
604219,2
12657,2
123735,2
291138,3
442317,1
360133,3
850976,3
806182,2
807465,2
1052001,2
134875,3
536596,2
132958,2
929306,2
333709,2
576203,2
586709,1
388950,3
798666,1
196015,3
165718,2
313145,3
1044300,2
886339,3
59094,2
716724,3
983305,2
958566,2
716662,2
437601,1
159735,1
892803,1
682971,2
647826,2
357096,2
908984,3
197363,1
67660,2
945096,2
403364,3
1011185,3
531972,2
389705,1
604196,2
596841,3
96161,2
378225,3
528834,2
1027324,1
606642,2
939896,2
654334,1
82056,2
892811,1
983960,2
951488,2
20145,3
680776,1
434029,3
719726,1
7141,2
516275,1
1042259,3
915519,3
944278,3
205291,3
592615,3
179060,2
622058,3
274815,1
598055,1
997158,2
446379,2
117044,3
1039302,3
109164,3
719717,2
613436,2
331381,2
1038374,2
494763,3
492940,1
29739,3
295831,3
99932,3
380251,3
572743,1
79599,3
162128,2
777097,3
374728,2
605895,1
822391,3
431818,3
525942,2
163281,1
480180,1
649023,3
65417,3
983767,3
658372,2
345649,3
90843,1
1045977,3
848809,3
697728,3
140068,3
796405,3
157064,1
822479,1
430016,2
755798,1
621130,3
767094,3
512344,2
39291,3
679370,2
905809,3
306764,3
721312,3
367928,3
180303,3
676810,2
438687,2
598556,1
980090,1
921021,3
1020108,2
208958,3
14858,1
345302,1
515324,3
615698,3
140819,3
128217,1
413221,3
315761,3
318915,1
727437,1
705423,3
176759,3
626086,3
1050328,3
344102,2
180532,2
961500,3
1015092,2
368214,2
523240,2
716002,3
81709,2
12491,2
522168,2
393521,3
105568,2
611422,2
97866,1
784396,1
945649,3
322260,2
7736,3
436331,3
251893,2
999173,1
1575,3
1006952,3
842994,3
764547,3
686412,1
55435,2
602493,2
690111,2
410177,3
195572,2
317741,2
561050,2
495803,2
719869,2
626247,3
1031198,2
335256,3
169034,3
267655,2
445713,1
371365,2
373687,2
273554,3
926053,3
455244,2
671517,3
816679,3
977374,2
548637,1
620057,3
891428,3
89013,3
959734,3
651204,2
110326,3
968697,2
80150,3
150446,3
157385,2
195256,2
282375,1
727278,3
625493,2
808945,2
361920,3
1036266,3
313285,1
256540,2
310297,2
967591,3
611289,3
355977,3
443000,2
55642,3
285976,2
21022,1
834061,3
255111,3
152167,1
748444,3
551080,2
1045472,3
322947,2
599968,3
945182,3
516300,3
378637,3
948117,3
986348,3
491056,2
227058,1
60685,1
345041,2
557068,2
12322,2
702592,2
307237,3
734647,3
964143,3
889283,2
691792,2
292211,3
550002,3
201570,3
829710,3
288039,2
931079,3
980750,3
570012,3
88994,3
61576,1
860602,2
834824,2
517588,1
8511,3
272784,2
199266,2
95387,3
244650,3
352476,3
102963,1
13675,1
697604,1
788688,2
842265,2
318286,1
108171,2
438380,3
298999,3
558209,3
1046234,3
126597,2
574277,1
466390,3
146470,2
601361,1
353908,3
248646,1
462633,1
83882,2
772178,3
719897,3
432904,1
534729,3
312930,3
565667,1
825463,3
474857,3
736081,3
888925,3
110483,2
435169,2
949994,3
408910,1
431257,2
112972,2
657824,3
182906,2
78853,3
818009,3
187314,1
41075,3
1030250,3
958855,3
796883,3
492972,1
773299,2
220075,3
1031961,2
943256,1
1040605,1
449459,3
666502,3
480783,3
189492,3
228503,3
915557,3
1037515,3
834400,3
950573,3
761059,3
982035,2
259672,3
935994,3
682267,2
764180,1
953502,3
1015211,3
719070,3
847145,2
466291,2
455675,2
977875,3
862262,3
709889,3
486866,3
813137,2
773033,2
38724,2
543365,2
791421,2
159956,2
921235,2
297471,3
761766,2
798133,3
669269,3
1017926,3
983121,3
742006,1
467898,3
247662,3
1014447,3
352569,3
61796,3
997736,2
879642,3
995705,2
553413,3
1009815,3
390770,2
980592,3
51900,2
619207,3
333853,3
352038,2
746231,2
502262,2
387556,2
814132,3
717605,2
221736,3
853833,3
853581,2
474573,1
943560,3
201773,3
66684,2
224873,3
636778,3
67424,3
633742,2
975005,3
769225,1
662699,1
931533,3
1015069,2
59657,2
467559,2
821143,3
789303,3
174194,2
1032416,3
92346,3
64799,3
821394,2
591264,2
8943,3
172635,1
545480,2
159795,2
496394,1
995306,2
203163,1
392965,3
93537,3
597964,3
163034,1
992707,3
585413,2
868204,3
934424,2
419195,3
548439,3
1005261,2
931103,3
914312,2
189022,2
370126,3
158561,2
783985,3
282638,2
239892,3
931699,1
787821,3
109135,3
37334,2
666958,3
210065,1
550389,3
892565,2
1001840,3
246898,2
367727,1
301824,3
165085,3
1005012,3
50143,2
385206,3
722387,3
211807,3
464332,1
796268,1
925160,3
1046104,3
1036468,3
767871,1
817044,1
788807,3
645329,1
984039,3
570587,2
706396,2
190358,2
879013,2
919493,2
131271,1
897780,3
743568,2
855103,2
985177,2
175569,1
918507,2
678175,3
728833,2
648510,2
494389,3
89511,1
95311,1
140984,3
1003644,2
410287,3
230428,3
47840,1
296069,2
899554,2
160295,1
460648,3
812481,3
213690,1
590060,3
298891,1
300780,2
948973,2
640037,3
104483,1
1024903,3
827607,2
121421,3
990600,3
74545,1
627041,3
293223,2
637323,2
163207,1
1009534,2
5333,3
225579,2
575162,3
213433,2
790383,1
83677,2
962480,2
805335,2
93038,3
211514,1
448716,2
383692,2
300277,2
967342,3
666457,3
239071,2
54015,3
229023,3
12863,2
339124,1
747855,2
1022246,2
468530,3
338711,2
613924,2
43466,3
973570,2
862246,3
954313,1
951872,3
1029647,2
332526,3
701974,2
1043119,3
61105,3
587938,1
632117,1
273483,2
563031,1
49999,3
530233,2
579268,3
682172,2
42021,3
665622,3
756184,2
604830,2
627619,3
797332,3
686136,2
357133,3
87624,2
890643,2
996004,3
772992,2
917098,3
959961,2
454442,1
785977,3
106169,2
344135,3
476407,2
54671,3
530980,2
614021,2
708806,1
580137,2
319243,2
906670,2
716611,3
161731,3
375002,2
347888,3
175968,2
1011251,1
362806,3
4387,3
389115,3
282096,1
6032,2
931,2
219843,3
1048649,2
187384,3
478650,3
822609,3
207780,3
764215,3
36186,2
907240,2
289380,3
305675,2
653877,2
896857,2
364581,2
354600,2
822485,3
144123,3
455137,2
168722,2
655593,2
688410,2
457337,3
151590,1
977427,3
841304,2
191934,2
1016377,3
385586,3
620888,3
392370,2
368624,2
173388,3
782840,2
503212,1
206078,2
203422,2
657954,3
371983,3
258520,3
173910,2
498717,1
778512,2
274068,2
220099,1
261756,2
636143,2
155550,3
368294,3
35938,1
989908,2
949725,3
409890,2
831533,2
127938,2
445963,2
126403,2
37770,1
556555,2
787162,3
347331,1
888729,2
236307,3
635759,3
285560,1
797773,1
795882,2
939142,2
512711,1
1007980,3
281461,3
53849,2
768385,3
831917,2
693637,3
703470,3
1045782,3
716331,3
51237,1
824811,3
934518,3
49515,2
898107,2
365874,1
878556,2
186889,2
832964,3
96486,2
311126,2
33842,3
418295,3
274942,2
687822,3
375273,3
714553,2
369640,2
610855,1
960961,3
154404,2
1046720,2
584022,3
754151,3
887509,3
1011024,3
681939,3
172457,2
391456,2
859677,2
958194,3
82264,2
236649,2
864245,3
626816,2
170645,2
1034242,3
87664,3
1010124,3
743106,2
524722,2
680431,3
386384,1
991965,2
335694,3
998808,2
130602,2
531716,2
950497,2
959098,3
873838,3
644558,1
150387,2
989627,2
989460,3
260373,2
419600,3
96335,2
828125,3
42706,2
95762,3
64715,3
141919,2
783025,3
748741,1
45143,3
102437,2
404376,3
707172,2
25856,3
67296,2
440775,2
333703,3
940082,3
153618,3
414505,2
504458,2
830253,3
958863,3
506458,2
410505,1
734537,1
169740,3
262417,3
753320,3
321759,3
793516,2
859009,1
688704,2
591936,1
521226,3
433741,3
746065,1
375512,2
897789,2
938967,2
178067,3
302660,1
104030,2
929438,2
495756,2
639732,3
807441,3
82488,2
433859,3
706040,1
361838,2
590941,3
770600,3
604740,3
832207,3
434635,2
797919,2
387076,2
585805,3
672639,1
928005,3
713581,3
882995,3
554088,3
611150,2
536975,2
1019632,3
47147,2
707728,3
550534,2
71089,3
43739,2
727998,2
470725,2
12526,1
199361,2
273616,3
416550,2
488026,3
657155,3
343221,2
492843,3
981587,3
718398,1
902261,3
620873,3
1022782,2
236904,2
857774,3
321110,3
28754,2
584741,2
241209,3
420399,3
546444,2
936918,3
293882,3
232134,3
921091,3
1007389,1
192413,2
40556,2
897538,3
361440,1
839445,3
345773,2
533524,1
448853,2
1038169,2
704881,3
630942,1
259907,3
510643,2
749373,2
678348,3
31846,1
847445,2
786004,3
640709,3
275921,3
407806,2
749918,2
361616,2
247363,3
939182,2
18406,3
996573,3
555440,2
929686,2
72599,1
677205,3
345743,3
784174,3
54229,2
724837,1
353267,2
739500,3
1037469,1
382229,3
281345,1
262759,1
998449,3
734211,2
552846,3
949207,1
542223,3
401889,3
870382,3
934818,1
376714,3
409001,2
381607,1
5289,2
648123,2
386686,2
660080,2
220191,1
162869,2
907580,2
943986,1
446698,3
844829,2
554092,2
915758,3
603038,2
258646,2
658249,1
664827,3
779126,1
947891,2
698128,1
307555,2
561226,2
707626,1
636565,2
483926,2
830424,3
964134,2
719757,3
428721,3
116468,3
224131,3
502424,2
504003,3
333916,3
53016,1
96585,3
334500,2
377480,3
620033,2
1036631,3
356520,2
480305,3
435154,3
632872,3
523576,2
720742,2
355304,2
1002800,3
1031023,1
972085,3
827463,3
105471,2
378028,3
381527,1
385435,3
206486,3
675072,3
405649,2
297306,3
557712,2
761188,3
457983,3
883412,2
391958,2
671848,2
729691,3
852919,2
949590,2
410928,2
507228,2
463256,3
1032698,2
43307,2
286309,2
142943,1
323738,3
465146,2
543256,2
1037592,2
491696,2
992336,2
745216,3
983692,3
889284,2
31600,3
301781,2
994944,1
311502,2
859906,1
292407,3
312916,2
1048616,3
328212,3
1021591,2
579993,3
586580,3
623312,2
432511,1
258450,2
442206,2
511964,2
623277,3
51955,3
540632,1
397106,3
342525,1
138459,2
9462,2
441357,2
959460,2
269696,1
581446,1
965542,2
820077,2
948989,3
895555,3
554176,3
472479,2
840324,3
981765,2
963597,2
22049,2
789785,3
907447,2
919298,1
803465,3
8327,3
9280,3
1047676,2
210802,1
782426,2
921342,2
328839,1
305812,2
807479,2
292780,3
848994,2
25916,2
212279,3
815630,2
285316,3
859967,2
23412,2
473095,2
879539,3
512596,2
273903,3
69027,2
444669,2
1039940,2
222749,3
651808,2
374342,1
556287,2
923094,3
953803,2
675779,2
177213,3
522813,2
180710,2
974225,3
197387,3
794571,2
850364,3
668543,2
230476,2
1049598,1
634663,1
1047522,1
315002,3
19133,3
213333,3
382005,1
410260,3
450704,3
873257,1
587666,2
272710,3
550447,2
953446,2
138803,2
360699,3
241822,2
27105,3
1016551,3
203946,2
74089,3
609666,3
381667,2
262602,1
220101,2
219930,2
350550,3
654943,2
790037,2
936046,1
53357,2
699126,3
613354,3
539293,3
802648,3
53293,2
940609,3
834689,2
187269,2
9561,2
740739,3
517631,2
413569,2
583112,3
300162,2
579400,3
150919,3
696120,2
582804,3
465411,1
6595,2
660718,2
688316,3
456351,2
144609,3
660147,3
176073,2
714170,3
520064,3
770722,1
493641,2
323855,2
217498,2
454412,1
447586,3
661255,1
683568,2
489038,1
105045,2
219165,2
617755,2
986217,1
207383,2
774888,1
244984,1
597574,1
122563,2
591718,3
721888,3
347359,3
199969,3
298285,3
555954,2
694791,3
712205,2
470459,3
794065,3
590105,2
726024,2
175150,2
783445,2
282500,3
885072,2
544423,3
939974,3
480014,3
518488,1
684500,2
674940,3
263055,3
835595,3
468501,3
46712,3
154945,2
120911,3
175283,2
445436,3
941423,3
454340,3
801708,2
769424,2
792604,3
43558,2
909352,1
924028,2
543568,2
242495,2
30755,3
457463,2
916682,3
707459,3
133788,3
280359,2
857576,1
824974,3
394007,3
210680,2
456100,2
689956,3
725668,3
975857,2
883104,3
516684,3
316564,2
929687,2
245452,2
468481,3
641593,3
149183,3
878425,1
189639,3
322607,2
138064,2
311981,2
693649,2
164929,2
889724,3
14959,2
1020509,1
911835,3
813092,1
962950,2
362528,3
457947,3
841491,3
352125,1
522496,3
818429,1
855323,3
776530,1
873794,1
223440,1
194858,2
829394,3
50799,1
187924,3
303825,2
882903,2
137466,2
816465,3
552243,3
750454,2
846095,2
410031,2
869177,3
888179,3
648891,1
323732,3
788549,2
239658,2
516404,1
528605,2
771543,2
910593,3
168434,3
713310,2
92841,2
33944,2
119481,3
923061,1
737410,3
5416,2
65421,2
992120,3
375380,3
651010,2
1009917,1
431340,2
24254,2
155436,3
954885,3
728693,3
202531,3
621442,2
561417,3
110698,2
629661,2
544645,2
786753,3
179455,2
986622,3
82458,3
580815,3
324171,3
307183,2
539571,3
375302,3
67603,2
418790,1
147810,2
685321,1
892439,3
311497,2
403271,1
794088,3
2505,3
478859,2
496970,2
150493,2
600728,3
396889,3
895699,1
331354,3
191174,3
346459,2
917814,2
341867,2
992337,2
698886,3
377696,3
378099,1
455686,2
32337,2
373268,3
571412,2
458957,1
354822,3
364342,2
195760,3
1017189,1
187028,2
542878,2
1020424,2
244306,1
301884,1
880276,2
579314,2
162946,1
1018320,3
618650,3
888618,3
901269,2
90160,2
950076,3
445161,2
996061,3
405954,2
140415,2
416963,3
227899,2
871820,3
960319,1
966890,2
743255,3
534988,3
241468,1
555276,2
538794,3
138962,3
231966,3
408156,2
851253,1
428494,3
1040116,2
289410,2
519384,3
163612,2
728135,3
50246,3
1034470,1
682754,3
698052,1
630578,3
989734,2
908449,2
1048671,1
606738,3
740991,3
384350,3
267634,2
100577,1
513149,1
303061,2
740826,3
228701,3
1012298,2
40989,1
673591,2
860389,1
593965,2
934671,2
858407,1
173886,3
370809,3
708852,3
675173,3
1052057,2
774016,1
114283,2
754196,2
797105,2
306460,2
52033,3
807468,3
752235,3
751993,1
529504,2
173537,3
506804,3
382243,1
358679,2
134948,2
429472,1
327225,2
216356,3
128976,2
283174,3
196285,3
3089,3
195919,3
211742,2
429446,3
209454,3
293211,2
249664,2
438792,3
234951,3
1048963,3
294157,2
614922,2
820416,3
523161,3
262140,2
258836,2
26398,1
961020,2
933234,3
277532,2
993954,2
514672,2
500697,2
779902,3
217232,2
271785,3
1000634,3
126434,3
629532,3
181623,2
341429,2
647374,2
157330,2
244125,2
378390,3
171127,1
126496,1
522859,1
669657,1
554475,1
549819,3
846868,2
448949,3
518145,2
1051105,2
530285,2
523086,1
154613,3
988499,3
255964,3
603548,3
1028578,2
738441,3
535381,1
371718,3
46664,2
740515,1
16362,2
872024,1
595009,3
595333,2
944257,3
1023212,1
1010654,1
637031,3
174123,3
235778,3
872508,2
521809,2
42401,2
160934,3
141010,1
1038649,2
984866,1
768411,3
543647,1
708170,2
983212,1
386767,3
251328,3
866449,2
570275,2
600978,1
597969,3
610220,3
220096,2
272769,2
553739,3
520110,3
118746,2
770366,2
1035150,2
535361,1
334716,2
532318,2
722847,2
617007,3
466767,3
218984,3
527357,1
401083,1
6353,2
518172,2
596501,3
719299,1
655481,1
774708,2
780590,2
518019,2
131279,2
423912,2
454914,2
333696,3
720236,3
199227,1
355094,3
801321,2
352487,3
883597,3
562120,1
522754,2
868965,3
409922,2
338660,3
158736,2
403173,2
159089,3
700886,2
483026,3
281546,1
30558,1
981398,2
466002,3
649068,3
804764,1
744190,2
597387,1
286371,2
202954,1
860927,3
164878,1
447363,2
526358,2
14700,3
801147,3
752672,1
822521,2
562014,3
1000268,3
487119,2
514713,3
105633,3
980838,1
441384,2
596618,2
409554,3
841433,3
135621,2
638465,1
424333,2
477770,3
69185,1
868271,3
889854,3
221140,3
137962,2
903578,3
640206,1
896831,1
249228,3
379272,3
941509,3
1020142,2
82790,1
879612,1
192062,2
103065,2
542699,3
1026451,2
644746,2
756059,1
439248,3
476124,2
1030688,3
558155,3
107586,3
704172,3
624871,3
18571,2
591891,1
482834,3
610826,2
371170,2
928527,3
761462,3
532264,3
1006606,2
631005,3
897572,2
604928,1
894024,2
898723,3
808742,2
456885,2
416799,3
141058,3
197547,3
464576,3
618893,3
857161,2
240058,2
26167,3
827761,1
496803,3
125589,2
570457,2
862411,3
781636,2
477123,1
330355,2
691103,3
567737,3
924551,3
230885,3
931148,2
129310,3
1031796,2
982625,1
642086,2
107436,1
628412,2
854069,2
362874,3
751411,2
816853,2
1047972,2
987421,3
774490,1
1019348,1
936789,3
457598,2
559086,2
17446,3
524846,2
714695,2
771537,1
401207,2
842755,1
480484,3
58802,3
387921,1
61133,1
683948,3
979722,3
242692,3
594110,1
502592,2
416719,1
815110,3
371297,2
188033,2
947605,2
1049960,3
633836,1
100108,1
827945,1
410782,2
455902,1
907096,2
573925,3
87600,3
241473,2
1009004,2
354779,2
58446,2
482735,2
998124,3
1003039,2
624186,3
431866,3
771854,3
482022,3
630129,2
264914,1
628507,2
645177,2
419152,3
561630,2
709868,2
670586,3
823519,2
226069,3
846210,2
397278,2
511024,3
118091,1
443132,2
624846,2
51022,3
408586,3
392863,1
939626,1
871241,2
687346,2
131834,3
463404,3
124480,3
434572,2
546819,2
64996,1
79632,2
78942,1
67588,2
434569,3
257650,3
261469,3
714380,3
430909,2
1043780,2
700804,2
1002475,2
656333,1
456193,2
102314,2
556162,2
504469,3
346737,2
336581,3
578779,3
541264,1
389453,1
935986,2
1033516,3
960493,2
1000803,3
1046737,1
669541,3
802247,3
761505,1
529565,1
857786,3
843858,3
423658,2
277549,2
966150,3
582374,3
357860,3
600399,3
1049567,3
155298,3
876863,3
723006,3
82841,3
461992,2
535408,3
353526,2
760842,3
1022308,2
420319,3
22062,3
139084,2
249025,2
325967,1
134385,2
128240,2
558992,3
129205,2
346020,2
334491,3
535225,2
500551,3
984682,2
1048316,3
4230,1
182025,3
119125,2
950282,2
254397,3
1518,3
354771,3
113507,3
684051,2
953210,1
880207,1
669926,3
520162,2
777313,3
60367,2
217841,1
697324,1
13586,3
763861,2
115779,3
696773,2
91372,3
468745,3
341341,3
586262,3
863315,3
155876,3
582483,2
556431,1
700506,2
816960,3
646586,3
208265,2
10111,3
577737,1
15308,3
301706,1
242923,1
414137,2
954339,3
835116,3
326639,3
216518,3
272029,1
114576,3
69490,3
119843,2
734598,3
842996,2
60876,3
245251,3
647418,3
62329,2
863034,3
412083,3
404339,3
375162,2
669005,2
239016,2
715813,3
698010,3
532984,3
434443,2
426466,1
539178,3
885026,3
599504,3
646600,2
477112,3
982885,2
412347,2
730050,3
1038337,1
969203,3
822209,3
737027,2
232895,2
808661,1
521242,1
1024660,2
674596,2
685548,2
760965,3
384028,2
615019,2
553339,2
208887,2
112612,3
894751,3
695321,3
102738,3
105204,1
355152,3
236377,1
717721,3
11681,2
367227,1
738562,3
434184,2
119271,2
679194,3
310854,2
208063,2
396452,1
961912,1
398423,1
382245,2
501260,2
555895,1
1052438,3
471388,3
146404,3
844591,3
669309,3
238571,1
1015887,1
634996,2
81371,2
36425,1
649312,3
618656,2
408371,1
375732,2
42954,3
333440,3
646849,2
912064,3
686615,3
697794,2
795161,2
127261,2
556912,2
288712,2
382982,3
670928,2
714409,1
148084,3
543007,3
780765,1
568907,3
398249,3
311065,2
45366,3
259050,3
347325,1
234404,2
226721,3
283897,3
123831,3
616359,2
337659,3
676290,3
79759,2
986016,3
774501,2
54736,1
1022429,2
391026,2
349732,2
702745,2
731493,3
988505,3
121193,3
1042054,2
109022,3
834993,1
57591,3
665548,2
846712,2
652223,2
105613,1
893241,3
804580,1
285889,2
114735,3
637775,3
475322,1
1966,3
988185,3
502105,2
351434,3
444166,3
590824,3
50906,2
441408,2
541192,3
439254,2
771927,3
775440,3
452933,2
26403,3
503620,3
72648,3
397864,3
442032,3
318336,1
875621,1
723203,1
678782,1
277914,2
701840,3
132531,2
430925,3
399598,2
349598,2
373201,3
718302,3
907214,2
592919,1
1029444,2
808353,2
775727,2
664947,2
57433,3
410173,1
103669,3
976835,2
448859,3
529739,2
752199,2
779548,2
781363,1
75965,1
450448,3
495422,3
323996,1
630987,3
584441,2
758640,3
140312,2
17809,2
720094,3
877836,3
995672,2
217299,1
915450,2
484837,1
754311,3
278261,2
130328,2
178522,2
743993,1
451187,2
530549,3
861851,2
662474,3
625525,1
465271,2
959327,2
613054,2
501012,3
549333,2
773558,3
496193,1
420427,2
717281,3
109430,2
393591,1
450786,1
443595,2
730158,3
1045009,1
589395,1
458695,2
13079,1
715014,2
678795,2
961978,3
661994,1
360822,2
619260,2
865343,1
60822,3
968445,3
624624,3
171050,2
7655,2
110309,1
595854,3
996401,2
592469,1
712392,2
26290,1
951684,2
697840,3
448196,3
508886,3
117971,3
807232,2
680995,3
292262,3
302952,3
440090,2
583512,3
821499,2
999766,2
141737,1
812403,3
936399,2
312612,3
841256,1
618601,3
122785,2
203374,2
167263,2
225518,1
792569,1
127707,2
1017627,3
745429,2
20527,3
935681,3
720186,2
557154,2
74572,3
626900,3
925265,3
63680,2
960237,3
291350,3
498370,2
265859,3
86522,2
779232,1
278141,2
191720,3
653597,3
161333,2
2555,2
604456,1
855371,2
398934,3
192378,3
823378,2
460551,2
572556,3
592431,3
614295,3
215309,3
591327,2
479508,2
182028,3
205731,2
55329,3
730075,3
266815,2
345344,3
34456,3
1000954,2
586903,1
958869,2
847378,3
337536,1
858737,3
752844,2
888995,3
836107,3
899113,3
613417,3
231214,2
90343,1
754631,2
600835,3
262352,3
875765,2
776566,3
1052654,2
746898,3
210427,2
749616,3
443197,3
422921,3
130374,2
426796,3
95130,2
25761,3
938955,3
412958,1
419129,1
208766,2
844816,3
78090,3
265426,1
769491,3
511281,3
820426,2
364191,3
574415,3
349921,2
2149,3
625379,2
723142,3
1041904,3
749651,2
550149,3
35919,3
136296,2
705207,3
493062,3
776965,3
1027795,2
442453,3
93386,1
350369,2
728324,3
272230,1
345553,3
386979,2
86893,3
23969,3
90772,2
296665,3
791769,3
915804,3
832682,1
507332,3
247527,2
205595,2
254367,3
470492,1
29959,3
562747,3
520584,2
644486,3
870352,1
173064,2
855125,2
702597,3
3016,2
325833,3
11620,2
84377,1
684631,1
168459,3
1036987,3
460565,2
794058,2
231176,1
470879,1
366251,2
372424,3
1008295,2
833048,3
413235,3
446791,3
127907,3
765255,3
396278,2
410878,1
946197,2
600123,3
92641,2
974684,3
118759,2
254090,3
30688,1
729709,1
727751,3
212224,2
389249,1
179037,2
614763,3
1012635,1
567084,1
394512,2
774553,1
904926,2
116311,2
728477,3
898131,3
717443,3
378499,3
407487,3
384063,1
882655,1
905481,1
180737,3
998675,2
717923,2
691166,1
185197,3
257440,3
405079,2
53979,2
605493,3
774475,3
452372,1
544173,3
179442,3
1036972,2
983870,1
79922,3
494893,1
643497,3
287206,3
524063,3
663766,2
476225,2
790351,3
524485,2
651940,2
598568,2
519071,2
120570,3
884728,1
866797,2
270572,3
467656,1
160445,3
104614,1
786220,1
419351,3
450316,3
517331,3
693515,3
701444,2
1043310,3
300077,2
170983,3
366482,3
774534,2
106883,2
233149,2
618673,1
29129,2
802285,1
713128,2
206947,2
967547,2
18033,3
663581,2
265274,2
530212,2
293834,3
34080,1
459162,3
925377,3
827342,2
243161,2
853932,3
125521,2
88343,2
534532,3
888909,2
749047,2
846517,3
799922,1
484661,2
261354,3
30420,3
498119,3
58907,3
139287,1
855999,1
766651,2
308332,2
1026405,2
441517,2
917973,3
415480,2
882915,3
345739,1
953372,2
742248,2
491289,3
733910,2
629748,3
900482,2
282290,2
1022394,2
766361,3
1036137,3
370203,3
662462,2
101746,3
628480,3
857330,1
147735,2
416822,3
878735,2
536043,3
743996,3
473093,2
176653,2
93541,2
709754,3
982711,2
738929,1
976568,3
88940,1
796101,3
194663,3
162107,2
572620,2
713734,2
779127,2
652714,3
905843,3
89918,3
278611,2
323846,2
507124,2
957562,3
310379,3
171654,2
443093,2
745380,3
815936,3
1040542,3
78332,2
361500,2
522955,2
129719,1
327023,2
357964,3
619053,1
337452,2
733577,2
502179,3
734747,2
1031862,1
348298,3
24906,3
342554,1
827897,2
142464,2
676030,2
575954,1
996809,3
886980,2
321471,2
905879,2
458895,2
657583,3
25176,3
715683,3
390585,3
88621,2
597182,2
490915,3
516608,3
599952,2
817698,3
973143,2
921557,2
380812,2
229466,3
345332,2
1031655,1
86691,1
458240,1
890300,2
622898,3
94495,2
810274,2
917117,2
381362,3
882026,2
246452,2
683943,2
294581,3
104285,2
114437,3
95060,2
371034,2
490802,3
222002,2
640954,1
770240,2
730930,3
67581,1
365190,2
833261,1
899307,3
779714,3
597205,2
248998,1
454676,3
748126,2
982508,2
319042,1
99633,3
715441,3
436473,2
179958,2
912310,3
560830,2
633466,2
342860,1
488646,2
477874,1
454796,2
367005,3
135565,3
854408,3
268542,2
956090,1
238694,2
963080,2
438133,2
230154,3
383563,1
222395,3
787870,2
65563,1
956343,2
132167,2
514421,1
534766,3
988989,2
752058,2
679532,2
480385,1
622398,3
601406,3
853137,2
82486,3
942263,2
326977,3
464297,3
684915,1
466066,2
430610,1
37123,1
281431,3
744122,1
927049,3
303396,2
292521,3
533863,3
460015,3
613749,2
804425,2
405294,3
851362,2
481900,3
41419,2
527496,2
130094,2
152244,2
806663,2
326303,1
811104,3
180580,3
393855,3
199521,1
831293,2
998283,2
128110,3
911123,3
836256,2
436349,3
75082,3
655185,3
200317,1
461937,2
126971,3
1002849,1
423118,3
252465,2
229133,1
211624,3
1034194,2
696509,3
256143,3
713886,2
889326,1
506454,2
96979,3
7601,3
70878,3
677268,2
1019404,2
253165,2
572282,1
397521,1
716635,3
760119,3
83876,1
403208,2
1002933,2
42823,2
340713,2
349736,3
235089,2
552354,3
530166,3
646935,3
545924,2
543331,3
966159,3
675077,3
118994,3
450999,3
625574,1
265832,1
858570,2
408472,2
371371,2
492088,3
901317,3
15010,1
973626,3
286555,3
922501,3
546132,3
258451,3
532691,2
863253,1
1038221,3
989672,3
965842,1
800599,3
85381,2
642254,1
900126,2
795613,1
441398,2
116083,2
525803,3
905456,2
780551,1
986001,3
616912,3
676571,2
326403,2
949832,3
631610,2
642033,3
116184,2
874723,2
827772,2
416998,3
426968,1
36706,2
701602,2
584579,2
954170,1
959075,2
11337,2
309411,3
799180,3
120603,2
850357,3
696313,2
495327,2
207825,2
485462,3
166529,1
781171,2
10184,1
800749,2
1022698,3
262607,3
1025733,3
110957,2
125102,2
1029607,3
230226,3
739717,3
789456,2
877904,3
698068,3
967302,2
549482,3
750357,1
363449,3
945274,1
525001,3
1020175,3
225605,2
807747,3
895922,2
276426,2
568655,3
289231,2
469728,3
970692,1
38097,2
344533,3
509760,3
564098,3
718027,3
1015865,1
670495,3
863939,3
688830,1
467712,2
194073,1
267786,1
454319,3
119949,3
342012,2
660380,3
900397,2
961599,2
693878,3
418,3
263173,3
603667,2
715692,2
836350,2
860648,2
602031,3
835525,2
529540,2
549472,2
157069,3
99632,2
827452,2
431633,2
659144,3
371182,3
829609,1
722085,2
13007,2
618898,3
622930,3
12236,2
994380,3
408386,2
1038036,2
86115,2
438838,3
212929,3
1050659,2
296623,1
307751,2
947684,3
226307,3
519333,3
472646,2
833978,1
790949,2
553131,2
885891,3
837933,3
935154,3
982804,3
907705,3
229314,1
322768,2
539133,3
350810,3
900093,3
312766,3
853724,1
692914,2
597712,2
854434,1
589493,2
897814,2
28162,1
270954,3
928888,2
259710,3
218125,1
487312,2
717158,3
135582,3
1008421,2
208794,2
509651,2
390425,2
679810,3
611068,3
872915,3
650641,3
82688,3
208530,2
966638,3
548064,2
14844,1
859379,3
432614,3
548109,3
976987,1
953488,2
177505,3
1048153,3
1008388,2
700582,3
838629,2
639234,1
362721,3
588050,2
624862,1
190494,1
336979,2
188957,3
950470,3
618443,3
130822,1
1052102,3
358602,2
521240,2
71782,1
510133,1
678022,2
439064,2
551782,2
215731,1
547678,3
754955,1
223451,3
68010,3
1000282,3
806850,2
246082,1
116303,3
363393,2
484480,1
143424,1
533392,3
801584,3
48909,3
537193,3
326594,2
957863,2
393582,3
253586,1
865735,3
912628,2
929089,3
918898,3
101901,3
928653,1
144097,3
316105,3
727035,3
915913,1
270286,3
125373,2
278615,3
958942,3
519610,3
131723,2
176518,2
752591,1
989233,2
540031,3
528659,3
605070,3
81410,2
844494,3
380150,3
121425,2
652602,3
413404,3
491627,2
835213,2
477936,2
432651,3
154400,1
424547,2
767173,1
60752,2
138555,1
615661,3
896343,2
146400,3
600038,3
999299,2
156239,3
1034457,3
917978,1
536658,3
255154,3
262380,2
326451,3
949199,2
107711,2
742497,2
302631,1
1041547,3
391864,1
895734,2
373957,2
991494,3
241727,1
990804,1
440719,3
412821,1
446854,3
741000,3
864186,1
899802,2
1016843,2
884333,2
1048724,3
244071,2
922331,1
877094,3
984490,2
954596,3
148627,2
1051028,1
110889,2
1034493,3
734178,2
812249,2
343652,2
815857,1
21125,1
831292,2
982910,3
67504,3
758813,3
241428,3
201311,3
840180,2
957563,3
509484,1
858899,1
1028957,2
558768,3
91808,2
375406,3
622892,2
71637,2
13737,3
561174,2
48296,1
928896,3
593429,3
127447,2
328883,2
307371,1
565799,3
922215,2
177326,3
927474,3
414646,2
758835,2
488998,3
331148,3
772632,1
28359,3
381572,2
939926,2
92315,2
200280,2
37290,2
52101,3
125689,3
528848,1
710827,1
774420,2
907452,3
188515,3
600102,3
245435,3
695906,3
583167,1
385427,1
852196,3
184764,3
429449,2
123440,3
743036,2
866608,3
757360,3
914266,3
115847,3
997434,2
492399,3
994684,1
677497,3
190070,1
271749,3
614081,2
332771,2
565996,3
497429,3
780539,3
508028,2
952364,2
624435,3
991746,3
242051,3
310567,3
872896,3
469227,3
472080,3
928990,3
345336,3
745159,3
711164,3
944246,3
1027638,2
822090,1
843205,2
827014,3
499184,2
411303,3
169934,3
496250,1
382248,3
800638,3
491487,3
534488,2
967853,1
610959,3
766760,1
818113,3
1040913,1
423492,2
865481,3
349570,2
221118,2
764706,3
884077,2
786261,2
1001967,3
323899,2
927645,3
707757,3
157537,3
144589,2
713426,3
743468,3
29463,3
202530,2
538933,3
354518,3
404128,2
82375,2
865308,1
704997,2
303606,2
304142,2
276572,2
323721,1
454811,2
395002,2
925810,2
522598,3
888479,2
41934,3
367079,2
276888,1
200318,2
1026266,2
692481,3
129378,2
48923,3
897345,3
758943,2
823662,2
148808,3
976400,2
817376,2
937382,3
1024926,3
503386,3
615033,3
143744,2
977936,3
985779,2
1050949,3
847724,1
574470,2
314403,2
157172,3
300289,3
538379,3
729109,1
281495,2
182156,3
169621,1
633741,1
655788,2
816569,3
307673,3
361509,1
1022828,3
268268,2
44198,1
37889,1
165799,3
925496,3
471249,2
248851,3
622818,2
80850,2
569554,2
142551,3
204443,3
452123,3
105382,2
552930,2
413163,3
272927,1
747274,1
64020,3
442700,3
319967,2
432658,3
337375,2
331958,3
503031,2
35773,1
222110,2
163778,3
711399,2
9696,2
904165,2
423434,1
68282,1
725174,3
771982,3
771948,3
201019,3
386788,3
253837,2
649379,2
144214,3
680774,2
887200,3
611683,2
422145,3
373099,2
668847,3
342542,2
594895,2
740950,1
572703,1
473222,2
782858,2
514338,1
824810,3
574420,2
179459,3
1011088,1
456825,3
1014964,3
614012,3
268852,1
241908,3
460114,3
1038476,2
613079,2
182898,3
410682,3
404429,3
916931,2
95756,3
571991,3
214156,2
343503,2
841723,3
797372,2
494883,3
852928,1
642250,2
64705,2
461883,3
274326,2
1224,2
444254,2
943999,3
1039720,3
1012802,3
533252,1
328178,3
628966,2
271055,3
520012,3
606394,3
843300,3
132864,2
578290,2
731745,2
908346,2
747549,1
595811,2
94160,1
1039231,3
175894,3
30556,1
635226,2
576184,1
972313,1
47702,2
102398,2
1031616,1
253605,2
783431,1
469804,2
535825,2
18611,2
716539,2
1023047,2
825897,1
139598,2
594653,2
567660,2
975120,3
960414,3
927054,3
132248,1
781489,1
1014889,3
1021829,3
30117,3
285844,2
911205,1
795439,3
980878,2
807960,1
14744,2
312060,3
784519,3
721990,2
939485,1
634801,3
308820,2
589347,3
853376,3
680536,2
1023362,3
14869,3
815344,3
284413,2
629684,2
404268,3
497007,2
659376,3
789518,2
707548,2
247175,2
635340,2
827508,1
349025,3
234546,3
890123,1
789259,2
135685,3
902204,1
779723,2
267639,3
525809,1
554190,3
36300,2
444438,1
641694,2
653448,2
221057,1
854679,3
894441,1
548688,2
592345,3
8721,3
129693,3
450689,2
829898,2
506485,2
391725,3
757125,3
173164,2
873737,2
974072,3
580047,3
273759,3
418226,2
564066,1
456294,1
877749,3
222289,3
811414,2
210706,3
364462,2
1002,3
755629,3
280830,3
495342,3
317414,2
928643,3
391067,3
434446,2
959572,2
221713,3
29524,1
952138,1
345251,3
498158,2
942793,2
490401,3
719739,3
996001,2
976702,2
572639,2
1050430,3
243111,2
457717,2
868034,3
169707,1
212177,1
11619,3
430557,3
554612,2
754114,1
760529,3
361953,2
1011413,3
530924,2
197789,2
329655,3
170121,1
628961,3
30049,1
963657,2
406155,3
551076,2
495465,3
648380,3
774133,1
455743,2
316442,1
161259,1
1030281,2
571769,3
539806,3
605625,3
189784,3
445263,3
647736,3
81865,3
3630,2
589314,2
649477,3
391149,3
545347,1
281132,3
528386,3
735104,2
654103,2
493312,1
1003738,3
817993,3
267522,1
85173,2
467283,1
486440,3
881209,2
454239,3
607385,2
215680,2
755752,3
870706,2
664122,1
419290,3
146779,1
27781,3
60112,3
973468,1
179532,1
335711,2
108181,2
1026142,2
359699,3
233555,2
17307,3
45045,3
989567,3
730516,1
71316,2
257936,3
1032304,2
991045,2
799350,2
214389,3
274784,2
692361,3
119641,1
409026,3
463768,3
1012148,1
149803,3
691273,1
444021,3
740276,2
320186,3
278039,2
497075,3
835607,3
313617,2
140526,2
740978,2
1039296,2
31858,2
685419,3
851579,1
196767,3
423194,3
1010331,3
649329,2
997333,2
887210,1
93839,2
7205,3
93184,2
643554,2
37327,1
375290,3
958224,2
913628,2
379459,2
852869,3
734024,2
423356,3
346465,2
427457,2
983789,3
905644,3
108946,2
694273,1
38893,2
775069,2
47724,3
406464,2
658581,2
725550,2
185932,3
344960,1
150617,1
750607,3
342839,3
128664,3
1050932,2
121411,2
174671,3
402880,3
990570,1
915879,1
380114,1
1004633,2
898193,3
458823,3
137728,1
1033587,2
604374,3
578045,3
915744,3
924714,1
624588,3
171459,3
386380,3
477871,3
776569,2
555757,1
605315,3
283773,3
492916,3
819593,2
662543,3
815696,2
565368,2
593266,2
371146,2
175520,2
751330,3
31712,1
308139,3
904639,2
732496,3
886718,3
139271,1
1010738,2
172597,3
43631,1
130303,3
419009,1
36946,2
912344,1
765429,3
491881,2
174029,3
646083,1
502728,3
900818,2
546758,3
1011116,2
673285,2
822369,2
155359,1
514664,2
643394,2
596838,2
376977,1
957382,3
467142,3
344272,3
129440,2
1043921,2
15768,2
834947,2
25872,3
705833,1
911696,3
300199,3
32294,2
515077,1
140975,2
938193,2
113886,2
741478,2
691961,2
879610,2
750225,2
245057,1
417583,2
427699,2
665860,2
610248,1
260917,1
984688,2
220250,3
983956,1
448431,3
23992,2
120818,3
968080,1
64077,3
55339,2
299843,1
467065,1
92725,3
853242,2
513478,2
799432,2
106946,3
977855,2
879967,3
643700,3
811132,2
479153,2
145931,1
769575,1
1051040,2
1050897,3
89835,3
38868,2
946300,2
902065,2
92754,2
295908,2
77310,2
223650,3
312020,3
332447,3
87859,1
837854,2
311043,2
241564,3
110484,3
642203,3
773141,2
749413,1
149746,3
436447,2
520740,1
220886,3
328013,3
228885,1
743549,2
773697,2
74117,2
832812,3
895007,2
576414,2
1033208,1
550663,3
726268,2
148650,3
968769,3
754094,3
768412,3
1009793,3
508683,1
997286,3
354969,3
603864,3
663733,3
172803,3
736244,3
357758,2
756353,3
948755,3
189463,3
872265,2
93499,2
108462,3
812869,1
306512,3
969794,1
592604,1
528517,3
1021721,3
570444,2
814634,2
811866,3
675028,3
314136,3
677314,2
85524,3
353183,2
881630,3
679193,3
629743,1
290827,2
906794,3
22261,2
698334,1
650978,3
251024,2
722936,3
799325,2
544355,2
455066,3
605069,2
391991,3
926177,2
278377,3
388300,1
280037,3
1029622,2
1029258,2
645207,3
534010,1
701809,1
1006387,3
408369,3
301510,2
623525,3
680529,1
591105,3
125606,2
936319,1
168522,2
586957,3
1005345,1
127409,3
955968,3
645459,3
563038,3
265939,2
793222,3
109,3
226232,3
483216,2
16911,2
386190,2
117210,2
519301,2
1012910,2
888554,2
185879,2
273168,3
130835,2
545494,3
1724,3
457720,1
601028,3
821322,3
434774,2
635063,3
536179,3
182206,2
805563,2
862055,3
704479,1
187873,3
184805,2
196613,3
91433,3
17602,3
617416,1
355921,2
623829,2
110950,3
668126,3
535170,1
5275,2
593275,3
636363,3
463295,3
90953,2
922652,3
404913,1
493878,2
579822,2
915807,2
1030429,3
263617,2
553578,1
371184,2
178710,3
783612,2
875341,3
903647,3
526061,3
989047,3
625880,1
642118,2
291793,3
667880,2
741674,3
1012236,2
67216,3
902460,3
198541,3
1023340,3
1003442,3
560305,2
319232,3
783466,3
520632,3
1026873,1
925952,1
100932,2
860130,3
546637,2
656606,3
478038,1
848843,2
290202,3
1011250,2
477683,2
1001639,2
437195,3
646645,3
501002,2
45104,1
580590,2
723577,1
825283,3
335180,3
513805,2
1019159,2
391403,3
227617,3
913223,2
333066,2
498459,3
1015590,1
896129,3
551035,2
435247,2
736248,3
1021272,3
398334,1
393270,3
32679,3
960941,2
652,3
572961,2
48668,1
104895,2
300413,3
230445,2
229964,3
515868,3
639315,1
906747,3
179202,3
540029,3
297728,2
703570,3
448601,2
862829,3
766011,1
683593,3
1011096,1
430307,2
826902,2
338788,2
910660,3
740812,3
133743,1
741089,2
626018,2
286627,3
65169,3
223008,3
387154,2
483932,1
813515,2
148286,2
280041,3
158746,2
877834,1
199455,2
386863,2
824007,3
478942,1
552291,1
6877,2
938924,2
1021968,3
231472,3
863400,3
7794,1
777535,2
169555,1
219557,3
392998,2
26235,3
936072,3
921115,3
360124,1
923411,3
358280,2
2536,1
904146,3
598409,2
355998,1
160849,3
347786,3
237315,1
129899,3
715823,3
290519,2
167179,3
652084,3
153807,3
1003844,1
770938,2
37151,3
247796,3
407633,3
1026765,1
201924,1
800822,3
64132,3
814323,3
224962,2
158468,3
641697,3
880406,3
924512,2
545722,2
877272,2
202544,3
1014094,1
315585,2
769022,3
555657,2
452726,2
1029429,2
324209,2
117713,2
50215,2
151526,1
730546,2
26351,3
1024335,2
989910,2
113390,2
611790,2
965781,1
49120,3
64009,3
637898,1
345965,2
706029,3
668031,2
484538,3
397145,3
880978,1
210131,3
391665,3
532097,2
293178,3
144270,3
903653,2
554961,3
722859,3
460641,2
894280,3
461313,3
928402,3
85232,2
1020076,2
838039,3
103499,3
455566,2
887003,2
24678,2
711985,2
937831,3
305075,2
171329,2
381300,2
26542,2
910588,2
204219,3
521905,2
497783,3
525674,3
977221,1
938189,1
83155,1
71894,3
654702,3
121839,3
1009303,3
768789,1
338517,2
1033046,3
842289,1
143682,2
695242,1
618338,2
276731,3
710682,1
295261,3
746651,2
978598,3
677805,1
512056,3
646862,3
280514,2
923368,3
135129,3
145332,2
299893,2
963101,1
1002722,2
373203,2
764577,2
661104,1
487376,3
3337,3
385998,1
590819,3
890333,2
666832,1
399945,2
185414,2
769318,3
790666,1
568121,3
836748,3
267523,2
134821,2
417334,2
176625,1
818468,3
275720,3
353688,3
914447,2
461159,3
11029,3
317576,2
213886,2
902783,2
105303,2
126514,3
888098,1
241649,2
346059,2
349995,3
425200,3
1046311,2
597951,2
134689,1
600943,3
426888,3
645236,2
1025605,1
399609,2
520926,3
268153,2
791450,3
821479,3
236243,2
307335,3
518519,3
657047,1
111487,2
689528,2
745835,3
137511,2
270953,2
855300,2
1008691,3
471758,1
788476,2
638366,3
81528,3
997421,3
602795,2
438662,2
37776,3
1051650,2
1022451,3
185328,3
150632,1
121552,2
1022608,3
871368,3
243455,1
726235,1
10056,2
613783,2
589328,3
729905,3
739758,1
402105,3
548963,3
99602,2
769932,1
459307,2
883645,1
478665,2
505656,2
572380,2
159379,3
1009492,3
715093,2
774232,3
757708,3
929791,1
610609,1
255283,3
596782,2
793011,2
39963,3
7417,3
1034883,3
414168,2
988883,3
86784,3
18831,2
572433,2
410667,3
998258,3
222862,3
502368,1
624868,3
473537,3
823851,3
640367,2
39243,3
136711,3
232733,3
104817,2
688286,2
630606,3
506226,3
724313,2
538855,2
562906,2
495733,2
707714,2
616328,3
961359,2
723116,2
850132,2
317671,2
219976,2
769878,3
494419,3
640328,2
485288,2
832931,2
466636,1
880678,2
753969,3
53522,2
787868,2
279787,2
162759,2
237606,1
56228,3
229247,3
500692,2
591384,1
209692,3
206965,1
64395,3
360617,2
395017,2
91140,3
170492,3
45921,3
293784,1
626379,1
416320,2
867857,1
9704,2
747342,2
33294,3
926644,3
263811,1
690772,1
344346,3
96961,2
280679,3
664580,3
180600,3
234169,1
655397,2
248723,1
19381,2
910428,3
872951,3
671128,2
321287,3
979132,3
442600,1
810195,3
899870,2
67162,3
982525,2
971952,2
154547,3
677572,2
608999,3
494914,2
454718,1
839696,2
995628,3
230053,1
898046,3
925401,3
683329,3
942457,3
630553,3
357504,2
670189,3
1049762,2
620618,3
394949,2
215229,3
867611,2
169849,3
101697,1
359913,2
183787,2
128923,1
578799,2
543196,1
781429,3
669046,1
87661,2
807500,1
149363,3
868472,3
575277,2
538562,2
1040837,3
842926,1
556060,2
925218,2
990523,2
329795,3
86887,2
381334,2
691818,3
510288,1
65089,3
1024499,3
732432,2
6475,3
564380,2
1028845,1
820732,2
540166,1
634659,1
660838,2
984807,3
882436,1
816150,3
118690,2
240468,3
965433,2
761224,3
918249,3
869251,1
163269,3
85795,2
267733,2
767144,1
249512,2
680775,1
1002359,3
249559,2
656604,2
732280,1
527586,3
433296,3
661668,3
944063,3
649783,2
772568,3
1045552,3
85945,3
639937,3
640234,1
353926,3
832055,3
496414,3
207921,1
221623,3
298719,3
195201,2
728781,3
450612,3
75205,1
703976,3
22820,3
447053,2
447203,3
285807,2
230676,1
7790,2
645001,2
51652,3
741235,2
5394,2
688674,2
1020903,1
510065,3
378293,1
969654,3
785456,2
510881,1
454856,2
948659,3
827140,2
521152,2
221423,2
659297,1
114713,3
779000,3
1026849,2
189218,3
760113,1
120362,2
15272,1
434456,3
78053,3
522878,2
896584,2
850893,3
74653,2
238755,1
607407,2
243346,2
166343,1
509626,3
989573,2
386613,2
707676,3
126557,3
961074,2
682810,2
673648,1
694024,3
653602,1
265887,3
233404,3
665923,3
456566,1
744049,2
632180,3
75822,2
835583,3
2863,3
822423,2
597510,1
553294,2
1009144,3
716750,1
1017840,1
187593,1
366636,3
821800,2
497207,2
155151,2
7097,2
354,1
611312,3
654949,1
132357,2
639520,3
518381,2
329182,3
818216,2
717048,2
811476,2
535507,2
445991,3
527156,2
1014575,3
127167,3
941539,3
607982,3
24267,3
553071,3
679614,1
655887,3
450593,3
706759,1
384748,2
767110,2
779178,3
977316,2
117392,3
114829,2
422031,3
195238,2
702035,1
1010086,1
78811,2
298665,3
299742,2
1020445,1
25121,2
299917,2
729625,3
849739,3
528719,3
263862,3
756797,2
109690,3
353495,3
186593,3
502913,1
855189,2
457276,1
810919,3
121975,2
305295,2
546939,1
994681,2
26561,3
326416,2
1050026,1
108006,3
581657,2
743644,3
324817,2
473664,2
695991,3
824214,1
32813,3
255900,2
428588,3
562216,1
153553,2
672833,1
999601,3
850359,2
778598,3
360153,2
167273,2
962793,1
425592,2
113054,1
578532,2
831823,3
22384,2
129341,3
336760,2
50322,2
223327,3
792871,1
535321,2
477476,3
273746,3
968174,2
512379,2
816660,3
900730,3
399870,3
943588,1
733667,3
1032924,3
126156,2
680460,3
471213,1
223896,2
761115,3
159932,3
901637,2
52077,2
527786,3
968563,3
4898,1
1027922,3
211090,3
433901,2
83076,1
25558,3
470553,3
991077,1
883015,2
415495,3
765277,3
590697,3
456142,3
1008568,1
797746,2
415586,3
289242,2
399814,3
448718,3
781947,2
74642,1
791689,3
29884,2
673681,3
549088,3
936066,2
279368,2
5882,2
918504,1
713031,3
949249,3
671456,2
425905,3
713063,3
367134,1
812891,1
743957,3
447598,3
786541,2
333706,2
269551,2
412297,1
970519,2
515955,3
643481,1
171934,2
1004956,1
484432,3
278846,1
229652,2
479201,3
182289,2
794089,3
230589,2
347982,2
158240,3
66908,3
216893,2
236660,2
707539,2
203153,2
435045,3
882985,1
473754,3
65009,2
660297,2
360956,1
804847,3
1007022,3
755156,3
333647,2
483685,1
660974,3
790022,3
429334,1
737425,2
500860,3
906774,2
238197,3
576473,1
601015,3
235901,1
392388,2
125754,2
1037466,3
241075,3
548848,1
201622,3
736647,2
565459,2
221104,2
204665,3
88945,2
990297,2
154970,3
261090,1
208319,2
182209,3
2488,2
339266,1
217580,3
553694,3
4775,2
1034338,2
195051,3
741309,1
603155,2
495659,3
783030,2
602486,1
331811,1
552904,3
415305,3
843086,2
380979,2
682969,2
954538,3
1047636,2
737245,3
193208,3
667660,3
715112,2
920116,1
667421,3
998571,3
198538,2
769979,2
882846,2
62268,3
913078,2
384671,2
43521,3
278061,3
734432,1
121653,2
45063,1
368199,2
827721,3
832608,3
704580,3
108209,3
837504,3
1052069,3
22335,2
89780,1
244290,3
753627,2
54588,3
195350,1
368064,2
520588,2
288801,3
938985,1
883825,2
633581,3
955195,3
644818,3
859954,3
618657,1
653068,3
241859,3
470151,2
977727,3
36765,2
1032063,3
471472,2
172129,1
1018681,2
224283,2
991295,2
978311,3
101453,2
49399,2
597828,3
291748,3
846782,1
331373,2
65796,3
7725,2
341807,2
200070,1
265909,3
406643,2
329470,2
664379,2
233165,1
983433,2
800503,3
427097,3
545507,1
591392,1
756470,2
310270,2
1001116,3
357122,3
592856,3
651859,2
450825,3
486001,3
935617,3
355134,1
842575,3
940483,2
289196,2
1009569,2
307802,3
150734,3
566852,2
874313,2
245172,2
418109,3
734693,3
282470,3
268901,2
875964,2
908686,3
654822,2
169802,3
476092,3
631321,2
167835,2
262904,1
230034,1
53050,3
75899,2
760821,1
776373,2
467262,3
671489,2
519139,3
49517,3
388691,3
268607,2
545898,3
109934,1
780276,3
768810,2
762395,3
977804,2
384961,3
1007812,2
177920,3
194582,2
209117,2
345471,3
774560,3
924204,2
585772,2
623708,3
436523,3
214079,2
92030,1
757191,2
353094,3
455102,3
1025767,1
829041,3
884493,3
400077,3
687988,3
221745,3
49668,2
441463,1
104884,2
272656,3
931479,2
303420,3
810565,2
812078,3
511410,2
862899,3
957737,1
553448,1
616517,2
953231,2
354119,2
453967,3
668451,3
653295,3
509070,2
455910,2
834464,3
698798,2
522506,3
502471,2
989814,2
263034,2
647583,2
202640,3
976006,2
299275,3
673154,2
181524,1
710299,3
681310,3
186154,3
321447,3
369463,2
279048,3
925248,3
29290,3
288479,1
309158,2
685241,1
389631,3
201502,2
49912,3
146874,3
189599,3
269527,3
589790,3
933307,2
361143,2
875922,3
248373,2
809785,3
1440,3
89830,3
188120,2
150421,2
419980,1
53052,1
837019,3
233923,3
507870,1
1042689,2
441402,2
173536,3
592021,3
782585,2
993005,3
934075,3
740451,2
686300,2
874517,2
1040313,1
648863,2
432087,2
681032,1
554621,3
45903,3
410738,2
260147,1
774758,3
267903,3
869766,2
865918,2
650188,3
346569,3
1045517,3
252319,3
467664,3
910550,2
778019,3
270024,3
7706,2
480520,2
302684,2
1047906,3
196546,2
286028,3
208847,2
762485,2
688937,3
204761,1
171891,2
751153,1
859353,3
81955,3
966075,3
546533,2
482287,2
155889,3
669742,2
1039612,3
964384,2
838643,2
70023,2
693455,2
846386,2
431985,3
1041828,2
883472,1
500337,2
668898,3
578558,2
943463,3
305845,3
861727,3
915708,3
494827,1
171509,2
620724,2
966499,2
538120,2
434291,1
393363,2
340492,2
167077,2
955432,2
273111,2
879798,3
360368,2
943217,1
850840,1
630874,3
801995,3
267424,3
370027,2
591016,1
52870,2
232462,3
625553,2
738510,2
244520,2
284923,2
376017,3
866636,2
793161,2
956563,2
583820,3
758506,2
464306,3
363599,3
706231,3
373603,3
405170,3
523807,3
320140,3
1027117,2
333819,1
301738,2
920674,2
197165,3
434016,3
537294,3
626534,3
636779,2
295839,2
65524,2
389077,2
850723,2
660184,1
213909,3
444588,1
873459,1
427990,3
229187,3
938156,3
742773,2
576631,3
492753,3
731122,3
390484,2
204674,1
13896,1
879907,1
788233,3
624158,1
45137,2
916351,3
887274,2
324259,1
357101,3
514688,3
395352,3
684105,1
465140,3
767854,3
454285,3
804226,2
654208,2
183066,3
316482,3
148607,1
539999,2
123924,3
55013,2
154797,1
837589,3
363644,2
539027,1
247221,2
874689,3
1000633,2
795860,1
136424,1
461368,1
457688,3
439334,3
243348,2
623706,1
462215,3
1034091,2
848738,1
571853,3
700175,2
154040,3
204060,3
741524,3
798083,3
162061,1
482073,1
987472,2
102688,2
936597,2
442639,3
548955,2
163303,3
749341,3
825455,2
802511,3
57335,2
639344,3
114544,1
72827,3
595799,1
277507,2
67415,2
310481,2
943815,2
24300,2
410104,3
667842,3
360150,3
919779,3
626004,3
127325,3
854941,3
814718,3
280951,2
166770,3
939936,2
878018,3
114342,2
546862,2
395772,3
408938,3
327169,1
667892,2
254973,2
509705,3
40923,1
581505,2
138620,2
22288,3
668768,1
479540,3
652797,3
786790,3
8502,1
202519,3
476550,1
660931,2
171727,2
69709,2
978072,3
765831,1
322766,3
925155,1
286966,3
747749,1
387123,2
89975,3
306600,2
918624,3
671587,3
763825,3
846180,3
623074,3
946976,2
736979,2
725519,2
596177,3
691848,1
619714,3
732382,2
155832,3
834698,3
82062,1
689118,3
74526,1
880669,2
282011,3
188866,1
908531,2
555067,3
217083,2
219835,3
880679,2
1005775,3
452526,3
766927,1
950878,3
347001,1
470478,1
951024,3
15146,3
138412,2
22359,2
130350,1
210593,3
94888,2
401676,2
709749,1
308189,2
706593,3
216974,1
435621,3
534016,3
395309,3
298066,3
952288,2
1029651,2
1017273,3
392131,2
782182,3
424063,1
836881,2
917769,1
291327,3
892972,3
118331,1
727108,1
928830,2
884943,2
296830,3
228977,1
821672,3
146770,1
128581,3
52299,3
280989,3
249974,1
729260,1
749406,1
70629,3
794715,2
116765,2
186461,3
550999,1
75682,2
1032033,2
407789,3
959173,1
39440,1
112728,3
274739,2
840990,3
374679,2
478966,3
185874,3
823118,1
976809,3
225174,3
735449,3
219887,2
574787,3
784958,3
315734,3
988373,2
805207,3
54568,3
532577,3
988394,2
79604,3
689304,2
353219,2
881129,2
482049,3
628093,2
17562,3
285407,2
218711,3
960977,3
62854,2
540294,3
693113,3
237678,2
572196,1
601439,1
839116,2
487800,2
933978,1
434838,3
915536,3
585944,2
935265,1
261174,2
990213,2
856892,2
297237,2
780648,1
3240,2
35994,1
977886,3
780076,3
785393,2
332854,3
937149,2
249598,1
29589,3
1001786,3
549995,3
254744,3
121638,2
675134,1
670862,3
192269,3
707898,3
844921,3
988264,3
945552,1
928849,1
834091,2
716236,3
73811,1
864845,1
376957,2
170074,3
281243,3
965356,2
523139,2
750569,3
973766,1
268358,3
374971,1
196876,3
840005,3
306635,2
538685,2
231223,2
704758,2
287500,3
44222,3
292389,2
865126,3
126368,3
810733,3
471953,1
730049,2
819238,2
898756,2
457085,2
852176,3
831519,1
985220,2
58078,3
102908,2
780127,3
512576,2
46119,2
968992,3
42229,2
267551,2
801264,1
196878,1
112774,3
969860,3
69954,1
966363,2
836316,2
901069,2
287600,1
1011373,2
100841,2
727076,2
236922,2
70719,3
919455,2
636971,3
44970,3
771578,2
599060,3
582807,3
659948,2
170562,2
939018,1
507188,2
757150,3
380480,2
211225,1
802349,3
206158,3
821624,2
634966,1
126147,3
891999,3
456667,3
807901,2
430732,2
487140,1
779200,2
823304,2
415443,2
393098,2
1008237,2
490669,2
702655,3
921845,3
638819,3
294276,2
42559,3
782020,3
941907,2
876470,2
479275,1
141055,3
1043278,2
760771,2
86719,1
559615,1
372356,2
81984,1
457164,2
125103,2
557829,2
661307,2
165738,2
839319,3
743799,2
611074,1
492195,3
639697,1
94350,1
670577,2
776063,2
474373,2
399931,3
816729,3
206028,2
609715,1
359392,2
399496,3
14550,2
647192,3
127889,3
391381,2
634740,3
735985,2
940409,3
382311,3
837040,3
863022,3
321103,2
536682,2
575237,2
187555,2
788576,3
632250,3
175724,1
166793,3
780620,3
777143,2
264237,1
542069,1
228347,3
221499,1
191975,3
286756,3
939260,2
683800,3
493917,3
84715,3
838021,2
741748,3
315923,3
203575,2
901817,2
440294,2
725741,2
114183,3
1026808,2
339719,2
226025,3
153673,2
743826,2
745314,3
64661,1
377837,2
220929,2
957378,1
265284,2
681104,2
555422,3
947095,2
332366,2
886958,1
385475,3
261973,1
232556,2
312604,3
341628,1
770992,1
540954,3
244102,3
774948,3
484807,3
572157,2
118346,2
192557,1
819489,2
428886,3
261449,3
697239,1
435127,3
496789,3
374467,3
272329,3
480645,2
68309,3
931372,2
1012737,2
113718,3
182871,3
842446,3
119431,2
71440,1
333840,3
488025,2
2022,2
752760,2
39205,1
108302,2
910004,3
388981,3
517005,3
475638,2
390334,3
1034395,3
801581,3
248768,2
16137,1
797559,1
494704,3
858326,1
1027703,3
909644,2
522653,1
752564,2
212520,3
822719,1
638701,2
825462,3
1035174,3
620325,2
891106,3
679470,2
23350,2
962754,2
133169,2
454151,2
430640,2
135120,2
496666,2
717674,2
516418,3
552149,3
369673,2
972885,1
894302,3
997376,2
284572,1
650712,3
843391,2
883806,1
458277,1
1022343,2
297005,3
319241,3
673669,3
456996,2
288846,2
654667,3
295921,2
523846,3
111756,2
662141,3
604281,1
325554,3
230942,2
241799,3
39353,2
831035,2
108827,3
848399,2
685692,2
268192,3
771181,3
329521,3
373753,3
512686,3
562898,2
934126,3
322653,3
182637,2
137440,3
880162,2
717817,1
358811,2
613421,1
141463,2
994871,3
574417,3
993195,1
938885,3
832712,3
760223,3
453382,3
646508,2
655724,2
452793,2
320277,3
1022716,2
477310,2
450942,2
259939,2
508779,1
647112,3
735672,3
340916,1
103126,2
1014874,2
961545,3
269321,3
651255,3
146868,1
379480,2
1012609,3
275746,2
416106,3
730575,3
964633,2
97687,2
782903,2
943823,2
101261,2
312892,1
200686,1
222620,3
108826,2
135721,3
961026,2
398603,3
338455,2
658248,1
812398,3
259525,2
418401,2
255647,3
371174,1
431830,2
298716,2
420480,3
367440,1
590259,2
461711,3
218977,3
811934,3
1044029,2
780707,2
759631,1
325470,2
881285,1
961623,3
313454,3
711725,2
304112,1
127144,3
95527,3
326399,2
1013243,2
756648,1
363801,2
718264,3
351729,2
608237,1
1033525,3
312382,3
282034,3
849786,3
243607,3
237063,2
483984,2
1025703,3
174362,1
722752,3
600408,1
785177,2
512230,2
140200,1
481720,2
712415,2
558560,2
487539,3
857467,2
156367,2
1041692,3
1023076,3
458448,2
630914,3
820324,3
505471,1
362794,3
832428,2
815976,2
1014200,2
203424,2
64885,1
706095,3
952335,2
942154,1
561321,2
150374,2
822681,3
275497,3
148221,2
788145,3
656029,2
945509,3
536949,2
756793,2
688254,2
367173,3
121819,3
339686,3
887402,1
133973,2
315338,2
914906,3
333984,3
897649,2
559252,2
576265,3
108983,2
903369,1
790403,1
478133,2
353188,2
787689,3
810475,3
979519,2
1000610,3
327414,3
108393,3
479279,3
124083,1
492297,3
823918,3
616061,3
935932,3
748558,3
97513,2
417713,3
1013036,2
54397,3
60014,2
258713,3
516566,2
677569,3
810915,3
725185,2
2494,1
858140,3
824025,3
750251,2
430648,3
945876,2
941600,2
419982,3
40684,3
763181,1
801619,1
636158,2
563648,2
439232,3
900540,3
407456,3
933910,3
682373,2
940174,2
1042854,2
26654,2
739953,2
939751,2
924463,2
339622,3
66622,3
773609,3
536903,3
18434,3
708633,2
947434,1
164794,3
356102,3
146362,2
500752,1
966531,2
128887,2
300848,1
20217,3
533643,3
918199,3
396367,1
816805,3
135200,3
941771,3
711556,3
623714,3
647616,1
490892,3
324789,3
107249,1
630464,3
679472,3
344576,2
137038,2
483725,1
806437,2
251876,3
827916,1
421528,3
891748,3
170664,1
649825,1
596323,2
909301,3
576963,1
978484,2
511397,2
694992,2
34628,1
147508,1
766884,2
210038,3
469216,3
607577,2
318263,3
886379,2
1034809,3
474877,2
284378,2
750997,1
975645,2
204217,3
355997,1
247074,2
134293,3
351145,3
829116,3
31098,3
948498,2
925749,3
435589,3
670460,3
592224,3
636300,2
538589,1
288316,3
777958,1
269542,3
659824,3
474602,1
860424,3
380843,3
547408,2
375595,1
1029229,3
750642,2
235384,3
216624,2
994514,1
1016782,3
522384,2
548535,3
917641,3
729893,1
403460,3
1013885,3
677114,2
1013761,3
493420,2
943843,2
918844,2
541381,2
420205,1
391903,1
243405,3
853764,2
536068,2
116680,3
140822,3
975920,3
797892,1
918163,2
821877,3
355689,3
55017,3
79442,2
22433,3
145377,3
713751,3
471818,2
569483,1
846085,2
823434,2
460728,2
625769,3
707912,3
366567,3
460287,3
659474,2
620994,1
299011,2
701342,2
721079,3
40222,3
1003725,2
1052891,3
557313,1
797566,3
137937,3
448947,2
57567,2
698913,1
452146,1
666630,3
690549,3
74431,2
198582,2
436736,3
770181,1
52882,2
693039,3
581140,2
972472,3
828561,2
294320,2
506803,3
904066,3
961250,3
96184,3
962870,2
879378,1
920355,3
679594,3
527481,2
464472,3
188763,2
62863,2
146580,1
426833,2
961596,3
698,2
29976,3
669137,3
130173,2
200832,2
539903,2
156801,3
615843,2
1013818,3
956848,2
719776,2
223757,2
342703,2
493148,2
113920,3
822701,2
265346,3
338074,3
329777,3
754763,3
360279,3
623891,1
620409,1
972808,2
210648,2
690321,1
529946,3
36563,2
323983,2
330251,1
75237,2
457437,2
70782,2
642670,3
447475,2
463138,3
520653,2
903536,2
533365,3
493837,1
601366,3
704601,2
465632,3
482383,3
77142,3
737399,3
701926,3
383459,2
942918,3
341142,1
916829,3
45234,3
863120,3
619069,3
513620,2
144976,2
1001184,3
815776,3
183013,3
963526,3
796217,2
427827,2
585929,3
362859,3
197196,1
211827,1
713604,2
355151,1
551155,2
974643,1
556376,2
193086,1
717980,1
1007372,1
315231,2
1035544,2
1001812,2
521395,2
493566,2
659028,2
837292,1
669790,3
869698,2
628787,3
196962,3
873996,1
1015311,3
196676,2
879399,1
799214,2
170886,2
120004,3
323264,1
775175,1
246434,2
726187,2
111595,3
848649,3
487412,1
724580,2
352323,3
931393,2
150566,2
159900,3
404627,3
619956,3
518308,1
816065,3
590632,3
528110,2
371969,3
241466,2
265533,3
544750,3
678959,3
46310,2
259087,2
867045,3
373409,2
366338,2
464511,2
597675,2
745608,1
994778,1
655569,3
79333,2
780971,3
1030333,1
602643,2
153501,3
849596,2
328576,3
12508,3
54266,2
1031851,3
183071,1
469946,3
809547,2
616762,3
240565,3
954562,2
327878,3
184259,2
298552,3
1018601,2
867396,3
615771,3
128288,1
97594,3
999292,3
829754,3
852839,3
174951,2
284660,2
251614,2
517740,3
280323,2
462797,3
600948,3
981846,2
860653,1
982573,2
785452,2
432429,2
796367,3
377911,3
137263,2
604927,2
780505,2
431564,1
297731,3
465372,3
398284,2
46319,2
994853,1
890521,2
568928,2
413961,3
429107,3
196491,2
742098,3
897208,3
908305,2
284723,1
864387,1
1024739,3
165520,2
863979,1
912381,2
913462,3
859555,3
233760,2
187927,2
117341,3
459481,3
265557,3
262707,2
545127,2
86001,3
604561,2
1010001,3
956333,3
692779,2
14383,1
380067,3
730419,1
559240,1
241663,3
851564,3
394447,2
640420,3
679083,2
532514,1
491519,3
312301,3
19596,3
385674,3
680784,3
81267,3
134990,1
516190,3
733801,2
838030,3
857796,1
111290,2
826974,3
63575,2
144806,1
911580,3
125218,2
104481,3
492213,2
391412,1
608035,3
707008,3
57621,3
238647,1
145386,2
783154,3
690884,2
970087,2
944146,3
426168,1
57218,1
296806,2
672008,2
661521,3
707742,2
406648,2
579777,3
478657,1
343418,3
77529,3
530169,3
1005255,1
409521,3
138134,3
415207,3
994282,1
903301,3
813593,3
145853,3
978562,3
957702,3
857325,2
965619,2
979647,3
588633,1
580854,3
832141,3
772391,2
109826,2
4080,3
816656,2
752737,2
779214,3
615478,1
321937,1
976168,3
1044594,3
532033,3
12976,3
762240,2
106028,3
355574,1
711502,2
278977,3
502842,2
389949,3
863743,1
97176,3
478500,3
571661,3
837267,2
1001000,2
274586,1
469620,3
80604,3
532148,2
919912,3
12874,2
449215,2
1009026,2
999470,3
391453,3
692190,2
175147,2
946572,2
557232,2
53554,3
707490,2
587507,2
260625,1
921526,2
102558,3
604242,3
786866,2
1002518,2
422880,3
172692,2
562010,1
922134,3
1038254,1
887659,2
830693,3
375400,2
251971,3
229032,3
344144,3
842337,2
944064,3
81020,2
836341,3
631522,1
630924,3
369095,1
39732,3
762379,3
206079,3
635737,3
363498,2
556684,2
877797,2
815391,2
892899,3
865042,2
639780,1
846808,2
135331,3
163926,1
161022,3
156018,3
957924,3
690310,2
932238,1
117,3
837189,2
47312,3
704519,2
165081,3
135306,1
829488,3
177775,3
945444,3
717983,2
461872,2
987273,3
166825,2
250281,1
566062,2
409556,3
924335,3
957669,3
675064,2
717313,3
640905,2
554530,3
414499,2
62056,1
894311,2
747966,1
428319,2
492717,3
870842,3
171901,3
825906,2
874581,1
1046237,2
387827,2
814219,3
848184,3
550265,3
285223,3
740659,1
771094,1
898969,2
43385,3
615582,1
319737,2
754738,2
538517,3
445740,2
241524,2
529797,3
740318,3
495781,3
837656,3
429332,2
161621,1
863737,3
822046,3
200462,3
101201,2
451631,3
697380,3
646971,2
1027585,2
805419,2
28752,2
697480,2
105632,1
243600,2
363501,2
249916,3
184348,1
87296,2
827572,2
259760,2
100709,3
612755,2
379614,2
587555,2
652599,3
309904,3
551758,3
673481,3
681153,3
447352,2
1017239,2
789042,3
379701,2
68799,2
631091,2
979076,2
278325,3
789639,2
1038475,2
27699,3
524658,2
864000,3
747087,3
217282,2
460152,3
891138,2
481358,3
875810,3
87030,3
800299,2
120735,2
429860,2
750450,3
892550,3
359440,3
738040,2
233456,2
31022,3
10785,1
890610,2
800094,3
216494,3
458596,1
275073,1
247268,2
927321,1
814019,1
117636,3
229356,2
1026145,3
362605,1
358106,2
865142,1
844717,3
630185,2
716842,2
59689,3
1010706,3
971762,1
916362,3
40130,1
82744,3
1034751,2
457158,3
186763,2
737987,2
118370,1
236799,2
180678,2
363749,2
232870,1
867208,1
740730,3
298252,2
569323,3
250059,1
659575,3
961753,2
1046152,3
1025724,2
72789,2
192181,3
1039145,2
527284,3
395186,3
980557,2
947725,1
742090,3
72049,2
190537,2
323316,2
1017695,3
803994,2
146570,1
191331,2
988588,3
518345,2
842311,3
802389,3
939172,3
779688,3
593537,1
855841,3
612284,2
698646,3
882822,1
382469,2
899988,3
664449,2
83274,3
544945,3
80356,2
954549,2
943787,2
757676,2
871921,3
264447,2
119122,2
81486,2
306530,3
937161,1
316092,3
521771,3
265100,2
309016,1
331612,3
540246,2
515572,2
732578,2
435303,2
1044332,3
633099,3
583238,1
133901,3
1019554,2
312852,2
643454,3
82381,1
152108,2
64402,2
995792,1
234167,3
387631,2
170569,2
591651,3
529219,2
115452,3
364179,1
393738,2
183243,1
903757,3
269483,1
851948,2
826698,2
940843,2
433277,1
725955,1
485070,3
156471,3
6280,2
543330,2
528106,3
324311,3
982121,3
177051,1
683675,2
929535,2
953851,3
398691,1
963092,3
407443,2
714338,3
925020,1
806181,1
481026,3
1046027,2
428651,2
575928,3
566317,2
730619,2
887613,3
525868,3
672606,2
34623,2
617131,3
587854,2
742609,1
54147,2
224583,3
523019,3
1017505,3
883130,3
957961,2
497605,1
757415,1
924197,3
849632,2
393122,2
382287,3
740084,3
150133,3
858768,1
413652,3
843103,1
88165,2
262079,2
723777,1
415806,3
299431,2
41597,3
756771,1
1006156,3
256304,3
12467,2
1052478,2
968783,2
414467,3
23674,2
237356,3
995180,2
971161,2
707667,1
205295,3
433926,1
649451,2
516170,3
1049451,3
192289,3
548242,2
643679,2
835389,2
53909,2
162339,2
629827,3
599559,3
813630,3
393624,2
559752,3
193076,2
1001982,3
88745,2
801913,2
710767,1
709891,2
844288,1
108609,3
622837,2
309601,1
183051,3
282853,3
517868,3
855380,3
279885,3
98912,1
990264,2
207318,2
53610,1
605994,3
768261,2
822041,2
32073,1
556834,1
960401,2
256777,1
641909,1
681440,3
720270,2
90222,1
465955,1
19646,2
434323,3
14987,1
41221,2
849317,2
342361,1
516794,2
742408,2
17624,2
9127,1
189979,3
959527,1
23466,3
67289,3
163254,2
139427,2
757565,3
252975,3
1029141,3
997502,3
367501,3
594018,2
995889,2
282109,2
918103,2
423220,1
753428,3
537300,3
213897,2
385378,2
595793,3
426973,2
346714,2
295248,3
680187,3
681419,3
389832,3
620806,2
1046611,2
97670,2
437209,3
750054,2
496404,3
36661,3
393219,2
4802,2
104655,3
155406,2
416968,2
926143,2
472095,3
914593,3
477098,3
153031,2
170565,2
41540,3
401674,3
929251,2
809322,3
760031,3
927005,3
1008847,3
568626,3
978865,3
970647,3
19744,1
585766,3
154174,2
31522,3
798981,2
132551,2
190068,2
868550,2
279323,3
817917,3
58493,3
611680,2
313246,3
587142,3
755575,3
330015,3
642872,3
872379,3
137314,3
218380,1
873906,2
429044,2
431509,2
395520,1
348440,1
408601,2
618245,2
966719,2
519342,1
730316,3
419799,3
869778,3
266599,3
215766,2
924147,3
237175,3
367013,1
375570,3
584330,3
455959,3
347351,3
997266,3
744669,1
638462,2
664081,1
128689,2
246398,2
284470,3
704996,2
741807,3
328591,2
992943,1
823907,3
515569,2
879615,3
812563,3
191457,1
761499,3
879953,3
403226,3
175214,3
649747,1
72073,1
298640,2
480910,1
39962,3
801831,3
902657,1
808903,3
21973,3
694941,2
532540,1
61253,1
91682,3
106229,2
166114,1
636237,3
660238,2
749118,3
305867,2
185331,2
998161,1
338834,2
936587,2
314323,2
631894,3
888281,1
961317,1
933933,3
29595,2
884429,1
258593,3
598892,2
62556,3
158290,2
11534,2
883337,2
890699,3
212267,3
805122,2
353933,3
742559,3
424495,3
816253,1
837733,2
951204,3
501603,3
545670,2
946498,3
93649,2
682391,1
818345,2
974524,2
988591,2
166041,2
876476,3
836273,1
309894,3
226759,2
94675,1
81767,3
302442,3
966497,2
778118,3
552835,1
544016,2
798123,2
204645,2
522467,3
537674,1
883980,2
1027047,1
116739,1
126024,2
850557,3
257707,2
15261,3
775026,3
603796,2
95707,2
942361,3
821661,2
324430,2
851268,2
92000,3
13658,3
775670,3
651967,2
808707,3
154159,2
431801,2
665807,1
851728,3
748090,2
359615,3
237288,1
776987,1
984566,2
7996,2
339049,2
956049,3
127342,3
523124,1
406102,1
408999,3
764395,3
242968,3
13640,3
678069,3
116012,1
621413,1
46703,2
831045,2
298440,2
670763,3
150805,3
522554,3
799534,3
123325,2
229488,3
809344,3
324096,2
855184,2
197461,2
112008,1
599207,3
1012875,3
678458,3
858297,3
349251,2
711984,2
603229,2
307901,2
398699,2
611232,2
836060,3
835172,3
893247,2
1022525,2
214848,2
769453,1
212851,1
875008,2
984674,3
19825,2
129751,2
250573,3
950979,3
112763,1
155439,2
1050776,3
586019,2
735458,1
1007605,3
858832,2
291955,3
412740,3
877698,3
731658,2
510834,3
959216,1
140868,2
647075,2
836624,3
697479,3
793584,3
434452,2
333152,2
123254,1
749596,1
654152,2
986953,2
913687,2
447658,1
41302,2
341263,1
435160,2
763053,3
803252,1
92971,2
739720,3
149383,2
229608,2
538519,1
373620,3
494776,2
472485,3
492612,3
831244,3
832071,2
101235,3
282117,3
174994,2
569530,3
1000658,2
777080,3
1034246,1
405133,1
992960,2
627169,2
441703,3
196539,3
264070,2
176754,2
811874,1
575240,1
339172,2
378681,2
90709,3
665119,1
543855,3
770273,3
72758,2
367835,1
894368,2
252925,3
209357,2
482628,2
91949,2
624025,1
354966,3
238739,2
563746,2
259623,3
526968,3
188850,3
223985,3
1036554,2
154376,2
94513,3
494102,2
15903,1
799806,3
291097,2
703108,3
732084,1
1000758,2
938160,3
639743,3
853441,3
676150,2
79829,2
497685,2
1037918,3
1043184,2
186434,3
715487,2
722245,3
177109,3
153075,2
936323,3
573481,3
320068,1
119167,3
597609,3
44126,2
322103,3
814866,1
560254,3
765250,3
197864,2
455341,3
278421,3
336428,3
103122,1
850101,3
541234,1
515565,2
214916,1
250576,1
112768,2
328493,3
687632,3
970137,2
713773,2
572663,3
39843,2
784184,2
874811,3
32018,1
469129,3
684835,2
421538,2
130483,3
86461,2
707159,3
772222,2
1018779,3
473333,1
102969,2
107451,2
229582,2
681890,2
877523,2
721937,3
1016030,2
929203,3
646547,2
728656,3
781412,3
327082,2
73836,1
84050,2
1009448,3
32979,1
35041,2
154246,3
972790,3
17588,3
211512,2
754489,3
940531,2
681606,1
792272,3
401865,2
13532,3
625577,3
1025333,3
75227,3
499397,1
637436,2
579381,2
155082,3
9645,3
501976,3
133491,3
892796,1
1030291,1
27369,2
566485,3
571660,2
430351,3
721259,2
435823,1
55341,3
607893,2
155497,1
982520,1
285487,2
184751,1
881320,3
949751,2
839807,3
798068,3
659338,2
506247,3
604271,1
310098,3
246606,3
921146,1
756396,1
350159,3
482100,2
453748,2
775947,2
848268,3
313408,3
356761,3
254840,3
85360,1
144156,3
47689,1
48470,3
677004,1
286701,2
1029096,3
871077,3
929174,3
472501,2
27509,3
823574,2
971899,3
960722,3
73242,3
658792,2
633689,2
95939,2
402146,1
977322,2
627825,1
1017230,2
1020354,2
693061,1
118409,3
506767,2
475937,2
932385,2
317002,2
561410,3
692758,3
16354,3
862658,2
232835,3
918782,2
242626,3
246916,3
633690,3
206506,3
939186,3
464974,2
672960,1
292808,1
923024,3
73708,2
749987,3
553569,3
323952,1
996771,2
946965,3
140937,3
242870,2
4250,2
528018,1
192901,3
881937,2
338549,2
147275,2
85703,3
485689,3
1047387,3
1043382,2
88339,3
1020750,3
995073,2
88086,2
998069,3
360052,1
928944,2
453083,2
50133,2
417188,3
203814,3
580082,3
899481,1
161371,3
567077,2
398999,3
715122,3
619909,3
541191,2
238898,2
1019078,3
86356,1
107846,3
847776,1
380129,3
964079,1
486791,3
908127,2
502799,2
706711,1
670823,2
338642,3
106197,2
293371,3
354862,2
524147,3
540903,3
911951,3
1049902,2
532982,3
231919,1
501458,3
414388,3
748695,2
792082,3
1014885,2
861700,2
429976,3
587071,2
396748,1
675945,3
491983,1
677488,1
584485,3
628264,1
436582,2
284147,1
72800,2
125428,2
865938,1
931449,2
761885,2
333075,1
723267,2
761471,2
631246,2
315895,3
995653,3
441211,2
451155,1
814088,2
897148,3
47487,3
142700,3
922368,3
222689,1
185920,2
96974,1
152089,2
48494,3
504322,2
114484,3
255615,2
200624,1
294792,2
958598,3
1000022,2
217601,2
734511,3
227216,3
719684,1
357297,2
775310,1
61221,2
486883,1
978143,3
354063,3
961868,1
287847,3
803675,2
177088,3
344687,2
851926,3
430322,2
811550,2
516582,2
909162,2
940141,3
652910,2
430442,3
1012451,3
939146,2
179432,3
359573,3
741087,2
548584,2
874901,1
408689,2
819999,2
985028,3
395019,1
99805,3
601590,1
705194,2
348167,2
467059,1
438558,2
44968,3
363814,1
597779,1
653406,2
763025,2
677929,1
180640,2
393459,1
504810,3
865398,1
95780,3
236569,2
340568,2
820219,3
951755,2
827255,2
890842,2
480000,2
491959,1
515896,1
347154,2
426663,3
579157,2
146707,2
465996,1
873,3
819375,1
128548,3
2623,2
732897,2
539526,1
863443,2
953131,3
322162,3
246631,2
915493,3
710020,2
163486,1
567638,3
176873,3
66535,3
84586,1
380470,2
226876,1
900801,3
464627,1
954417,1
886113,3
966538,3
168836,3
786433,2
689914,3
539917,3
1034407,2
924373,3
401880,3
1013417,3
608007,3
510010,3
325512,3
260789,3
365442,2
728440,1
936408,2
565642,1
1007459,1
830097,3
694747,3
660278,2
922670,1
1035667,2
343923,2
363404,3
1051275,2
961028,1
363604,2
831484,2
742382,3
482731,3
201744,3
767952,3
893317,1
964002,2
526597,2
808831,2
788498,3
268689,1
386951,3
960879,3
252832,3
135791,2
243088,3
768251,2
208232,2
31739,3
701767,3
935460,2
932175,1
924884,1
703313,3
382150,3
761270,2
894525,3
148401,2
478900,2
141603,3
191568,1
733816,3
228857,3
179761,3
138258,2
285261,3
166145,3
215391,2
363367,3
87513,1
389675,3
391894,3
185480,1
21381,3
708768,2
490854,2
77774,2
643150,2
19775,3
353546,2
853196,3
304314,1
1047267,1
406612,2
74332,2
76738,2
766528,2
915506,3
660808,3
386828,2
663278,3
530537,2
17237,2
651099,3
563089,2
360818,3
342134,3
712225,2
780933,2
609219,3
776359,2
12150,3
984324,2
434673,1
885167,2
105619,2
267885,2
968620,2
675511,3
92791,2
318710,1
439175,3
441852,3
342882,3
839396,3
958574,2
909447,2
44710,2
75465,1
677443,3
204440,1
44294,3
235056,2
760444,2
74878,2
103941,3
111991,2
594505,3
92355,1
871066,3
636827,2
581866,2
67531,3
514216,1
252726,2
195422,2
250073,2
1033266,3
813547,3
507004,1
986719,2
791478,2
62748,3
303745,2
156055,3
300868,3
902895,3
928284,2
63570,2
294170,1
89383,2
955544,2
770876,3
697321,2
87141,2
687342,3
69088,2
212172,3
925380,2
88231,2
377808,1
538721,1
18562,2
906793,2
569597,3
321392,2
338632,1
1026151,1
776008,2
10472,3
308155,2
464748,2
214383,3
113427,3
995320,3
641183,3
352833,3
90629,3
916317,3
687540,3
674401,3
35272,3
530173,2
821744,3
376266,3
183490,2
528875,3
253294,2
785986,3
559641,3
164193,1
712024,3
564174,3
555984,3
891781,2
159790,3
300241,2
173569,1
729747,2
71555,3
1000854,1
906846,3
539590,3
489642,2
408771,2
444055,2
328709,3
350634,3
60508,2
658169,3
152496,3
494624,3
365079,3
683164,2
1002746,3
370492,1
542000,3
852220,2
432243,2
16565,2
316491,3
356047,2
587744,3
201835,3
652211,2
962930,1
159767,1
456507,1
188360,1
925818,1
922326,3
202194,3
989227,3
84842,2
810259,3
80355,3
1016062,3
79297,3
1047883,3
292440,3
925862,3
548072,2
139125,3
94738,3
963086,3
604602,3
523042,3
510549,1
82582,1
211275,3
790654,2
112666,1
593707,2
1048329,2
913737,2
142421,3
182759,3
580285,3
308805,1
446377,2
152973,3
87693,1
89227,3
279638,3
93432,2
807653,3
16749,2
536307,3
356412,2
982388,3
661756,1
361016,3
167385,3
16607,3
194168,1
239930,2
125440,1
541575,2
1042761,1
434489,2
686876,3
6805,2
1014267,3
440333,3
734299,2
703512,2
270385,3
933857,3
664008,2
966634,2
772321,2
749418,2
916027,3
402217,3
353301,3
341965,2
341842,2
118718,3
287408,2
862427,3
965568,3
582341,3
38256,2
751670,2
210078,3
208496,3
98161,3
605939,3
82165,2
68609,3
694062,2
442013,3
572724,2
730922,3
200662,2
400303,3
842593,2
198408,3
470906,3
185492,3
433458,3
13354,2
817330,2
423340,3
126928,2
836249,3
46489,3
824735,3
948388,3
766450,2
391495,3
395652,3
6672,2
85004,3
1026168,2
514411,2
683155,3
633442,2
695337,2
813566,1
262110,3
179604,3
722841,3
383847,2
46193,3
93069,3
225621,3
705260,2
596048,2
922807,3
900749,2
457418,2
807660,2
418654,2
451984,3
193581,3
513901,1
492979,3
805996,2
567208,3
464109,2
895186,2
565585,1
708082,2
492497,2
1019597,3
510956,1
436862,2
1049234,2
708824,3
246502,3
350334,3
178010,3
624933,2
37035,2
403392,2
638279,3
186229,2
76538,2
58639,1
576532,1
58246,3
966949,1
1035481,2
128325,2
941880,1
462910,1
106114,3
677146,2
105997,1
937567,2
767899,2
163942,3
682983,3
522721,1
875054,3
30433,2
35001,3
133782,2
1023361,3
955716,2
1049613,2
850808,2
138146,2
748334,3
276221,3
75700,1
186937,2
773270,2
417317,3
308540,3
1011325,1
780294,2
1008033,3
199264,2
753115,2
609958,3
777252,2
373054,2
950088,3
314891,3
998253,2
806083,2
1011793,2
398327,3
578179,1
664035,3
640340,3
574202,1
662568,3
592199,3
577815,2
925661,2
188823,3
59853,2
380984,3
163271,3
232993,3
34310,2
128195,1
739117,3
125211,2
188260,3
374131,3
280130,3
312479,2
1000264,2
142134,2
465210,2
846840,3
487697,1
956039,2
362507,3
650924,3
621735,3
1042820,1
760508,3
589471,2
38826,3
233370,1
607406,3
589209,2
854706,2
342874,2
691492,3
24336,1
1039628,2
616194,3
727766,2
281263,2
816230,3
766724,2
569425,3
997757,1
541374,2
662503,3
609323,3
983975,2
843311,3
170329,3
252089,2
514094,2
578313,1
955849,3
893339,2
364604,2
662579,2
457293,2
763602,2
840488,1
591187,3
89995,3
974452,1
198489,2
311387,3
284618,3
611652,3
326895,3
124925,2
516400,2
101691,2
631162,3
870014,3
875671,3
881495,2
753316,1
115947,3
433403,3
354904,1
274182,2
759394,3
264611,3
250734,3
583665,3
834165,3
30466,1
782295,3
57216,2
624263,2
154792,3
139256,3
731381,1
974872,2
238690,3
725895,3
203265,2
1046248,2
762818,2
734866,2
276598,3
510529,1
706702,2
553027,3
771608,2
815076,2
180290,2
895994,3
411610,2
628302,3
579802,2
385857,1
396235,2
139161,3
191392,1
32647,3
1006319,2
865549,2
641243,2
28301,2
82878,1
276440,3
657961,3
1040584,1
780755,2
676629,1
1049,2
264639,1
316600,2
1004610,3
203086,2
974250,2
138056,3
871717,2
202442,2
396579,3
597940,2
539240,2
421152,2
855348,3
825543,2
486199,2
798853,3
931966,1
432152,2
172617,2
855720,3
414068,1
280203,2
103248,3
756021,3
666142,3
330584,3
1026100,2
571181,3
374747,1
504197,3
423294,1
71353,2
695697,3
711983,3
920110,2
485883,3
394336,3
585436,3
71059,3
830186,3
385088,3
884832,2
802828,3
179730,3
464358,2
550610,3
168824,3
155506,3
681367,2
156022,2
385318,2
999869,3
336132,3
950342,2
895111,2
231430,2
205653,2
751442,2
869450,2
854126,2
369150,1
311672,1
18784,2
556603,2
665337,3
406166,2
895864,2
894089,3
915871,1
440368,3
974507,2
660392,2
526600,3
699859,3
810185,2
869052,3
744360,2
486493,3
82939,2
577778,2
261010,3
490541,2
808704,2
75342,2
489494,3
13854,3
818598,2
730983,3
715117,2
944322,3
367187,3
629548,3
90498,3
309699,2
65328,3
460299,1
922178,1
149832,2
481694,3
525303,2
618728,2
266082,3
218594,3
580619,1
232221,3
326046,2
921460,2
906113,3
747926,3
1025281,3
643284,3
345009,3
475119,3
662046,2
209544,2
666102,1
792529,2
545126,2
999507,2
80377,1
763978,2
899663,2
906226,2
648625,3
1049099,2
980644,3
1043021,2
39803,2
196801,2
38312,2
799485,3
72179,3
697203,1
698856,3
173544,1
850876,3
469592,2
729575,1
327245,3
558447,3
705959,3
207518,3
876029,2
518557,3
133720,2
161326,3
878701,2
292347,2
319443,3
377749,2
1037378,2
601853,2
1009070,3
316642,1
655933,3
180994,2
501064,3
935243,2
1041065,3
515710,2
287817,3
717789,2
362199,2
340730,2
639677,2
175491,2
239911,3
676131,1
768538,2
127338,2
303725,3
164100,3
815814,3
641547,2
296475,3
227655,2
102436,3
833983,3
357892,1
201426,3
221331,3
900420,2
174746,3
278691,2
588013,3
507547,3
559923,2
828820,2
418815,2
639091,3
357387,3
1019623,3
527100,3
692195,1
167415,2
160671,2
281485,3
24670,2
953635,1
568147,2
959005,3
295295,3
503311,3
191956,2
632064,2
934947,2
687605,1
532342,3
289332,2
981839,2
847700,2
503447,3
984677,2
663153,3
934705,3
1049377,2
892024,2
552824,3
1044354,1
520061,2
310617,2
854644,2
922742,3
562813,3
977206,1
250986,2
159696,1
971967,2
308972,2
218050,2
304587,3
832294,2
960056,3
50000,2
515282,1
46217,2
245319,2
569283,2
827202,2
999999,3
201392,2
861089,2
600429,3
843631,1
531895,1
859429,1
85303,2
837845,2
422458,1
442059,2
598537,3
159537,3
945454,3
667068,2
235977,1
487175,3
932621,1
386007,3
707118,2
451565,3
728764,3
270465,3
324864,2
182108,3
678210,2
75630,3
931184,1
104498,3
214157,2
286105,1
188687,3
456420,3
1036909,3
891541,3
611450,2
1026793,3
367078,2
300029,2
764314,3
691649,2
113974,3
760734,3
633719,3
800352,2
774960,2
618271,2
443375,1
610336,1
181660,3
959087,3
807580,3
188364,2
155672,2
739948,1
284370,3
478227,3
138888,3
847576,3
189477,2
209880,2
135595,1
1015309,3
1049206,3
484085,3
958649,3
136304,1
156192,2
65841,2
750567,1
891783,2
1024969,1
839519,2
505325,3
854205,3
267215,2
157156,3
782528,1
814007,3
203499,3
606482,1
664376,3
59534,2
450851,3
955756,3
436720,3
528371,2
157522,2
172945,2
587493,2
784022,2
859317,1
66168,2
61635,2
155885,3
38771,2
634645,2
756277,2
719517,2
1022120,2
190858,3
556802,2
386720,3
802710,2
678792,2
619343,1
399906,3
698280,2
439973,2
115487,2
391378,1
269288,2
36721,3
6232,3
147089,2
76105,3
493663,1
463045,3
440374,2
372360,2
1028704,2
471726,2
878136,3
296579,3
273409,3
170170,2
308203,2
878140,3
188301,2
840517,2
190670,2
860024,2
905360,2
127055,2
47786,2
173578,3
134421,3
933238,3
622122,2
57698,3
995791,2
632686,2
719048,1
67388,3
21186,3
276715,1
18095,3
3572,2
993522,3
498048,3
399658,2
749619,3
357494,2
855516,1
365020,2
99540,2
644186,2
864856,2
5948,2
783064,1
746266,3
441602,2
243024,2
216735,2
557741,1
1002274,3
115289,2
471893,2
86565,3
490007,1
287991,2
899653,3
840826,2
288531,2
110544,2
778083,3
885771,3
357078,3
195431,2
593118,3
1031645,2
268866,2
683390,3
258007,3
620558,3
237423,3
340885,2
786874,2
602779,3
827924,3
975966,1
81281,3
825277,2
575591,3
778883,3
789118,3
50963,2
852656,2
373137,1
365665,3
656875,3
821316,3
162835,3
340401,3
513598,2
519627,3
596478,3
783268,3
1005052,3
571017,1
82809,2
285619,3
655180,1
748397,3
337707,2
678402,3
471,2
325315,2
657541,1
35236,2
762773,3
785476,3
809613,3
164566,3
950611,2
437472,2
1051159,1
508297,3
421479,2
719502,2
531664,1
397453,1
358514,3
109927,2
183752,1
301256,3
868235,2
722956,1
370478,1
15752,3
386556,2
472162,3
379919,3
367347,2
223312,3
553667,1
738809,3
797290,3
1049416,3
181887,3
176955,2
283622,2
381489,1
436897,2
376671,2
614449,3
920648,2
19610,2
72872,2
687078,2
1022046,1
800388,3
131569,3
860522,1
854978,2
452362,3
781285,1
756045,3
34091,3
578957,1
34699,1
287103,2
599022,1
1042478,1
1005560,1
543417,2
352814,3
917095,2
329680,2
618470,3
956291,2
67400,1
286214,2
45966,2
980637,3
740598,2
651829,1
386149,3
908672,3
331351,1
749751,2
417385,2
361394,2
209707,3
972349,3
429804,2
68705,1
85335,1
757948,2
859110,3
770720,3
772213,2
1007027,3
586447,2
550124,1
702211,3
35351,3
399635,1
1025404,2
369453,3
227044,1
918301,3
591632,2
578100,2
438640,1
885290,3
664560,3
28622,3
622602,2
912603,3
585670,3
348173,3
629142,2
41657,2
268788,2
186798,1
335713,3
669380,2
454996,1
966010,1
250513,2
8904,3
415176,1
539198,3
134049,1
657740,2
631527,3
907867,3
690629,2
799264,3
492165,3
648882,2
165997,3
877423,3
378880,1
1048100,3
157805,3
77323,2
444768,1
137452,1
98073,1
991299,3
469646,2
69588,3
614065,3
256020,3
463309,1
503117,1
583109,2
569277,1
530501,2
777312,3
146528,2
360713,1
869392,2
951170,3
476224,3
895436,2
609047,3
451876,3
779287,2
468420,3
308686,1
89187,3
126120,2
350308,3
167893,2
167011,2
566356,1
485544,2
360819,3
352680,3
1030511,1
674188,3
136970,2
916091,3
313381,2
64626,3
8245,2
446128,2
1031003,3
697106,3
847459,2
745389,3
22403,2
115220,3
857936,2
985730,1
240574,3
964043,1
15487,1
330291,2
554410,3
3617,2
576910,2
774060,2
930243,2
917408,1
758659,2
946749,2
871204,2
819666,3
437078,3
271173,1
871096,2
102040,3
749599,2
952934,3
650563,3
164546,2
478703,2
666056,3
216130,3
735214,3
396384,3
597053,3
345608,2
472366,1
953739,3
16398,2
363778,3
442521,3
409944,3
753487,3
23933,2
984474,2
505560,3
771492,1
834769,3
141574,3
206099,2
1043821,3
600433,2
124545,3
974252,2
273642,2
417667,1
659111,2
649387,2
958285,3
517069,2
292833,1
965179,1
918336,3
138358,3
257123,1
242292,3
439338,3
424422,2
308535,3
826992,1
909296,3
192874,2
199453,2
727371,2
977739,3
650831,3
247395,2
678742,2
624012,2
208237,3
722989,3
853022,3
780555,1
285188,3
297901,1
280414,3
410526,2
185277,2
867780,3
1885,3
484697,3
522502,3
733114,2
204178,1
459190,1
679923,2
114844,3
276322,3
369511,3
127172,2
535942,1
363323,3
915251,1
321924,1
632025,3
777311,3
1010680,3
866661,3
16123,3
692318,3
797108,1
956010,3
24214,3
657893,2
772103,3
554024,3
290778,2
591406,3
386670,2
941709,3
789458,1
9909,3
618151,2
5791,2
433731,3
192419,3
804807,1
74028,1
392216,2
1021585,1
921770,2
180089,2
694579,1
386655,2
49263,3
319224,3
824042,3
9596,3
229331,2
989540,2
668827,3
903449,3
491452,3
376510,3
131944,3
306001,3
887404,3
720621,2
696384,3
357447,1
94370,3
710791,3
794771,3
452820,2
963416,2
882223,1
825357,3
420538,3
359118,1
241140,3
818084,3
533659,3
580023,2
853280,3
1001672,3
351536,3
563683,3
133470,3
974244,3
139599,3
542352,3
85645,3
274265,2
914344,3
918897,3
460174,3
586329,3
1038070,3
813088,2
1047493,2
661355,1
474121,1
89790,3
887684,2
592111,3
678554,2
609703,3
126282,3
179009,1
144444,3
588191,1
655645,2
32389,3
737209,1
887052,1
683759,2
411069,2
365594,3
656998,2
515574,2
477064,2
164302,1
315080,3
320957,2
1026620,3
246920,3
560302,2
297845,2
987,3
899416,2
674043,1
884102,3
780174,3
515962,2
69264,1
352509,1
209147,2
529980,3
833209,2
498424,3
18888,2
109846,3
582030,1
809438,2
515093,3
245535,1
1006004,1
174463,2
543526,2
72915,3
361200,2
882389,2
597065,1
288680,3
299274,3
245472,3
469265,3
453836,3
351959,3
453975,3
796093,2
772187,3
497261,1
973598,3
883708,1
495491,2
925406,2
58237,3
559321,3
454217,3
563717,2
266673,2
572846,2
476403,3
760356,1
456211,1
385756,2
1012132,3
455225,3
638071,1
281680,1
833258,2
257284,2
535090,2
878956,2
599510,3
412257,2
316879,3
614991,1
929788,3
51421,2
79946,3
925459,1
64250,2
163071,2
78862,3
669427,3
410433,3
677679,1
598959,3
239816,2
147636,3
213702,2
884839,1
333187,3
602568,2
328271,2
1037475,3
694751,3
271348,2
308860,2
1038064,2
1008511,3
91798,1
15212,2
677798,3
814267,2
959156,3
893419,1
877537,2
246134,1
707208,2
364009,3
305874,1
184177,2
276570,2
1003066,3
43240,3
549608,2
596560,2
703874,3
748809,3
471036,3
400444,2
320129,3
985629,3
696276,2
322825,3
597739,1
522445,3
696725,2
876161,2
535080,3
462967,1
924347,2
202812,2
756204,3
841354,3
257429,3
426847,2
57737,2
929229,1
682207,2
217484,2
145014,2
268462,2
999607,2
550501,2
49388,2
399624,1
401974,1
934766,3
821931,3
515218,3
270671,2
946495,2
310765,3
318905,2
516095,3
130522,2
230970,2
997339,1
61291,3
575990,2
335877,2
1040807,2
651137,3
366298,3
1042823,2
100471,2
535589,3
54487,3
670674,2
36292,2
423228,3
183710,2
739929,3
93336,1
658890,2
1025770,3
683083,3
922409,3
661650,3
754872,2
359364,2
508212,3
263142,2
831893,3
899417,2
673919,2
475857,3
617934,2
658226,2
517196,3
21349,1
484408,3
1022273,2
310355,1
137969,1
771468,3
906584,2
767531,3
868322,2
28070,1
29805,2
868297,3
5204,2
711637,3
64728,3
343955,2
865031,3
720884,2
901017,2
395077,2
481290,3
814201,2
809784,3
394173,2
418048,3
770586,2
360892,2
358145,2
925933,3
899622,2
523721,3
1002765,2
203199,3
526514,2
144983,3
931084,3
494479,3
938747,1
132324,3
773134,1
8567,1
670595,3
23278,2
722682,3
584680,2
683107,3
217449,2
817267,3
84541,2
438575,2
779757,2
466724,2
393163,2
310952,3
530828,3
424613,1
948509,3
701487,3
205028,1
367124,3
922235,2
1029624,2
781234,3
227556,2
869096,3
51241,2
1014115,3
388213,2
969301,3
1048366,2
511204,2
577637,3
658917,3
204218,3
791035,1
377295,1
32768,2
10914,3
455049,3
400167,2
716740,1
876374,2
295250,3
1036430,3
1042215,3
397087,1
436575,3
118921,1
894423,3
287041,2
888030,3
295931,3
1023049,2
743935,3
385764,3
782626,3
667913,3
1026115,1
806309,1
269037,1
559826,1
767351,2
486152,3
652357,3
797454,1
87013,1
390455,3
86014,3
580048,3
498618,1
497372,2
218893,2
985060,3
629101,3
174926,2
787843,2
418464,1
556265,1
935929,2
687253,3
680202,1
386221,2
674017,2
992680,1
109540,3
442076,2
180398,3
784029,3
751178,1
378898,1
503131,2
934225,2
881223,2
44081,3
1005271,2
785088,2
495269,3
735629,2
1002734,1
29138,3
217947,1
252887,3
234497,2
992127,2
554122,2
1003535,2
313529,2
388573,2
758637,1
326705,2
533594,2
433906,1
573248,2
481154,3
891927,2
398765,2
702678,3
583478,3
636669,2
1032269,2
130454,2
309756,3
720857,2
287261,3
882316,2
588074,2
273426,1
861202,1
52415,3
148633,2
209114,3
439537,3
795723,3
545345,2
1017350,3
165479,3
307666,1
724757,2
1002728,1
49930,2
1035997,2
484149,3
10091,3
291556,3
187549,1
28137,2
1043454,3
322418,1
667336,2
482169,3
552777,1
976341,2
66228,2
848311,1
837253,2
1033544,3
1014926,3
890050,3
106748,2
773768,3
907342,3
546628,3
144388,3
107277,2
342737,1
576369,1
724465,3
674068,2
669552,3
423046,2
228727,1
567687,2
330504,3
193523,1
362029,1
292867,1
609253,3
26456,3
546692,2
385253,2
414559,3
425766,1
873033,3
72004,1
736350,2
887105,2
370908,1
169451,3
790946,2
159560,2
675758,2
240734,3
265988,3
107247,2
508624,3
52901,1
319858,3
614587,2
862052,1
358040,3
623071,3
13051,3
493627,1
465957,2
769465,2
948342,2
155839,2
120013,3
103696,3
19269,1
334330,1
492424,2
759300,2
228150,2
648618,1
102592,3
453665,2
991515,2
523787,3
650807,2
377486,3
390910,1
398351,2
881335,3
238176,3
230741,1
856978,2
666025,2
33429,3
558933,2
40418,2
285861,3
668444,2
632865,3
441224,3
430739,2
371787,2
214489,2
587965,2
5941,3
707131,2
179258,1
692869,1
815502,3
503261,2
295002,2
603653,2
262618,1
865198,1
24384,3
224163,2
560551,2
166378,3
236232,2
491185,2
794884,1
603941,2
36199,3
827792,2
721881,2
712944,1
1032586,1
505739,3
623774,3
572418,2
227653,2
366718,3
842382,2
212105,3
971492,3
424615,3
1042472,3
118912,3
310764,3
325114,3
332056,2
408154,3
54468,3
963358,3
398347,2
136705,3
864221,3
568035,3
78088,2
367600,3
574109,2
365214,3
862383,3
488595,3
1051262,3
456400,1
826525,2
893106,2
221938,2
223234,1
915826,1
417320,3
590405,2
657799,3
580856,1
393842,2
663671,2
491001,3
452629,3
268387,3
353142,2
1010970,3
518100,3
888250,1
550839,1
953560,3
478795,3
870663,2
981972,2
63706,2
40047,3
377262,3
599973,3
779680,3
989328,3
165978,3
169723,1
101075,2
549100,3
84345,2
102839,3
197906,3
15056,1
24861,1
514336,2
836898,3
81093,2
49729,2
159007,2
386785,2
529878,3
35179,3
930364,1
1024220,3
200049,2
681049,2
837069,3
882656,2
395050,2
544405,2
270162,2
235856,3
193323,2
529110,1
859769,3
381395,2
840410,2
99593,3
389962,3
833956,2
605114,2
225026,3
780039,2
519281,2
492832,2
217545,1
370000,3
173921,3
916714,2
893636,2
568818,3
120663,1
286942,3
268595,2
673143,1
341070,3
59358,1
766083,3
639534,3
773965,1
1024502,1
266989,3
602872,1
674725,2
886524,2
461822,2
102135,1
837841,2
54070,3
725292,2
308148,2
203745,1
210080,2
359211,3
484074,3
38361,3
641918,3
104734,2
401762,2
644971,2
855626,3
593391,3
718300,2
115375,3
10975,3
931167,2
697650,3
685282,3
259058,3
22835,3
513579,3
91638,3
134420,3
252825,3
106473,2
331698,1
78989,3
1047639,1
1050438,1
687170,2
372671,2
702489,3
785557,3
299706,3
157542,3
563332,2
565858,3
404180,2
529398,3
176229,2
587196,1
213612,2
546357,2
877413,3
25691,3
977456,1
891141,3
210515,2
598176,2
484461,1
176088,1
238416,2
748028,3
276997,3
816780,3
1039235,2
683031,3
992917,3
800174,3
887683,3
601922,2
542229,2
508974,3
613083,3
196037,3
225528,2
368511,3
704615,3
906042,2
40529,3
160349,3
918696,2
174680,2
594425,3
745383,2
53782,2
591080,2
760705,2
307776,2
369897,2
193478,3
626749,1
454527,3
982957,3
979392,3
961824,2
454364,1
398456,2
246468,3
67809,1
889671,2
467949,3
579996,1
340762,1
96533,1
890355,3
812231,3
990642,2
397826,3
134096,3
515124,2
620396,3
913597,3
504007,3
393118,3
154634,1
380815,2
734376,3
192593,2
1043622,3
512477,2
417931,3
43060,2
45127,1
829031,2
604135,3
138466,2
890240,3
531572,3
518123,3
262672,2
402166,1
745270,1
224595,1
649612,1
661820,2
504512,1
725585,3
487758,1
662018,3
381459,1
484367,2
40525,3
1025113,3
976861,3
385902,2
455498,1
327639,2
734543,2
110573,3
1051715,3
53444,3
690819,2
902411,1
298784,2
288215,2
780390,1
345158,3
847206,3
282686,1
861633,1
380204,2
483565,3
706995,2
413542,2
535320,3
180620,3
872275,2
269546,2
755625,2
380212,3
996859,2
152271,3
336873,3
363781,2
81305,3
800730,3
2026,3
950422,1
514013,3
137526,3
906834,1
232010,2
296398,1
326934,2
949666,2
234881,3
513258,2
257085,3
504358,3
78207,2
1046425,2
278652,3
433858,3
20964,3
732860,2
111454,1
37591,1
200430,3
687530,3
219510,3
260979,2
273062,1
481871,1
491042,2
949829,3
734478,2
281873,1
621777,2
936074,1
180475,2
552479,2
838767,2
689938,2
723795,2
911660,2
520385,1
883601,3
54594,2
310292,3
495844,2
934840,1
936449,2
992431,2
661966,1
937009,1
101301,3
406817,3
1021681,2
493559,3
569827,2
865086,1
968485,2
299988,2
528057,2
102848,2
674378,2
223792,2
114785,3
631838,3
752468,1
959992,3
499011,3
141951,2
825544,3
324052,2
925478,2
29859,3
379680,2
1030735,3
889075,3
588478,2
52842,2
342623,2
1016649,3
1028357,2
44008,3
886322,3
226250,2
271623,3
8370,3
45172,3
135728,3
741462,3
694944,3
898348,3
911732,2
171937,2
366447,3
737359,3
49860,2
9841,2
865706,1
102163,3
400961,2
519096,3
518,3
499662,3
912576,2
52015,3
378400,1
283109,1
95630,2
820293,3
183872,2
232782,2
724630,2
972495,2
545157,2
273285,3
448544,2
505011,3
608181,3
40728,2
558696,1
678913,3
650732,2
717608,2
688925,3
356012,2
550726,2
858547,2
843907,3
391550,2
465465,2
350709,3
833878,1
332799,3
78287,2
673951,2
360643,3
247452,1
553290,3
129010,1
727788,2
782185,1
725154,3
595004,1
2836,1
532313,3
976681,2
905642,3
125822,3
766185,3
195624,2
385213,3
2143,3
63374,2
549160,3
526399,3
884135,1
979927,2
588888,2
129886,2
723890,1
422665,3
482448,3
992006,2
962513,2
312980,3
596926,2
19606,1
100796,2
483995,1
80145,3
367640,3
418409,2
186041,3
224705,3
203716,1
469862,1
918186,2
844077,2
32984,1
816798,2
726630,2
717615,2
507121,1
517851,2
18726,2
655181,2
284110,2
230809,2
314390,2
300990,3
921472,1
595892,3
523286,2
356882,3
802009,2
150222,2
801335,2
70448,1
243821,3
771244,1
437114,1
780205,1
755335,2
126460,2
771739,1
998747,2
605796,2
337019,3
869771,1
766229,2
738012,1
156161,2
425444,2
37509,2
375814,2
322377,1
276051,3
486025,1
439679,2
557284,3
765765,1
62007,1
223599,2
334750,3
1034296,2
412752,3
466060,2
173551,2
176870,3
941306,2
54101,3
139554,3
901981,2
202160,3
985533,2
411018,2
518219,2
544103,2
1052860,2
441025,3
299727,3
275605,2
627641,2
1030874,3
630601,3
883875,1
664984,3
496088,2
607215,3
597222,1
730475,3
151694,2
265075,2
721462,2
205138,3
213824,1
406728,2
764582,2
586694,1
378712,1
381196,2
459870,1
934653,2
576497,3
521037,2
188189,2
822791,2
139904,1
260162,2
209577,2
755944,3
794143,2
106795,1
489460,2
99460,2
551667,2
107346,2
101553,2
906338,3
522424,2
506666,3
751339,3
858999,2
692568,2
419011,3
145793,3
901947,2
424101,3
93180,2
629092,2
693230,2
978599,3
287362,1
147668,2
169937,2
352032,2
1035080,1
922728,2
963574,2
955954,3
898999,1
817868,2
339066,3
196894,2
834359,3
315034,1
348010,2
560416,2
450292,3
740752,3
878240,3
692047,3
1010281,3
590130,3
734327,1
793302,1
248695,2
585827,2
517592,3
551269,2
206695,2
852334,2
200728,1
510481,2
303880,3
77327,3
339690,3
412583,2
107429,1
260031,3
838295,2
303519,1
293010,1
980262,2
581058,1
1028084,3
324602,3
332296,3
683618,2
70349,2
63626,2
956471,3
457147,1
1033906,3
807394,2
658660,2
961420,3
561484,2
195570,1
188403,1
290285,1
781094,1
9801,3
272063,2
577013,3
919902,2
744972,3
700294,3
810620,3
107593,1
153370,3
966858,2
129030,3
486293,2
24388,3
243767,3
559184,3
1014764,2
582703,3
291842,2
421937,1
815955,1
944641,1
755757,2
747465,3
120694,1
283487,3
747741,3
168557,3
540262,1
319442,3
22405,3
192985,3
631728,1
467699,1
667437,2
145647,2
871475,3
983586,2
596640,3
840922,1
338980,3
865257,3
684618,2
701312,3
306619,3
349087,1
70362,2
368826,2
672658,3
785432,1
284062,3
890379,3
151032,2
287670,3
76881,2
395452,1
175470,2
933829,3
116898,2
978306,2
409648,3
153029,2
196333,3
836720,3
453258,3
828206,2
20014,3
452518,3
861131,2
73997,2
765717,2
252852,1
708356,3
992241,2
28357,2
254047,3
634086,3
249808,3
850562,3
763831,3
556898,3
540815,2
806468,2
917678,3
977947,2
48680,3
1000000,3
18307,2
315831,3
11764,1
1007737,3
490498,2
846398,1
148283,3
406389,3
386682,3
850309,3
261972,2
334039,3
100227,1
574580,3
19420,2
848430,3
484620,3
9703,2
785640,3
328936,3
817925,1
552516,3
960384,2
156779,2
1013508,2
36928,2
305366,3
664711,1
639830,3
336033,3
634883,3
368771,2
862184,2
192131,2
555981,3
841356,3
371168,3
127588,1
96346,3
870850,1
707259,1
522477,3
230719,2
529325,1
851152,3
387537,2
493254,2
244384,2
270500,3
495804,2
466021,2
212222,3
230911,2
418904,2
342342,3
361863,1
892340,1
1045315,1
219907,2
433572,2
306596,3
19241,2
903867,3
152633,3
515319,2
591331,1
632595,1
259798,2
218441,1
1051500,3
734967,1
424543,3
561023,1
505820,3
868444,3
493672,3
369607,2
94324,3
636938,3
819620,2
267260,1
982822,2
224013,2
342379,3
259803,3
371562,2
473995,1
192548,1
190184,3
903699,2
106536,1
711519,2
404989,3
504531,1
731147,3
963294,3
1004283,1
265402,2
613355,1
11819,2
435186,3
383363,2
465156,1
244293,3
481986,2
1014051,2
815730,3
704626,3
62659,2
750787,2
783297,2
840329,3
252882,2
92897,3
109721,3
339532,1
564113,3
979832,3
275737,3
436991,3
238366,1
655291,3
848494,3
558549,2
691018,2
511787,1
857319,2
330762,3
250962,3
329512,3
924955,2
14351,3
172291,2
461011,1
116587,3
1002338,1
1034452,1
1026367,3
274936,2
309928,1
693170,1
1020668,1
66442,3
272421,2
507764,3
796663,3
705280,2
477465,1
991891,1
1017355,2
485424,2
120264,3
911742,3
619020,2
208630,2
1043874,3
326632,3
846325,1
105067,3
779490,3
272477,2
366172,2
931341,1
699833,2
603535,2
627574,1
617751,3
491350,2
908170,3
484049,1
666264,2
521654,3
572576,3
960610,1
82271,2
1022496,1
342144,3
506274,3
1042041,1
281260,3
539019,2
418791,2
239263,2
663067,2
210167,2
204500,2
302561,2
1036179,2
947848,3
201504,3
1048673,1
894742,3
877506,3
54807,2
164986,3
637153,1
435547,2
609176,3
571572,1
753806,1
54131,2
410960,1
729790,3
320759,3
317043,2
1007716,2
841395,1
643816,2
14743,2
33916,3
396252,3
907586,3
737829,3
878961,2
257257,3
814058,2
446399,1
515714,1
377986,2
104154,2
419899,3
213898,3
516763,2
190210,2
931537,2
854338,2
900903,1
531680,3
910539,3
130114,3
753714,3
7688,3
863833,1
302333,2
811862,1
264483,3
642940,2
108535,2
573409,3
448777,2
1039038,3
704554,2
132781,3
383770,2
916447,1
87488,2
86114,3
247904,1
3937,3
625410,3
145005,2
324441,1
326756,1
798149,3
418960,2
211267,3
292236,2
108758,3
647501,3
440573,2
922142,3
12167,3
884542,3
86914,2
192016,2
831011,2
861473,2
713210,3
369393,3
556816,2
707853,2
727631,3
80148,2
931645,1
113537,2
780443,2
422523,2
975682,1
608536,1
882083,1
780894,2
454213,3
968375,2
676491,2
584284,3
122577,3
255318,3
290776,2
832969,2
739121,2
743229,1
382501,2
387978,3
295173,2
307413,3
113977,1
789287,3
383646,1
919532,2
989645,3
813323,3
725413,2
781475,3
628098,2
119420,3
886519,2
568225,3
1044313,2
100246,3
144189,2
982496,2
368164,2
468930,3
668530,2
83308,3
703639,2
379837,1
844289,1
284285,3
18370,1
1026845,2
1041630,3
608858,1
957748,3
995840,2
845747,2
117619,2
971373,2
81336,3
1050828,2
980881,1
369043,2
26991,2
856389,3
956460,2
778928,2
205897,3
998005,1
1030013,3
54894,2
1006343,3
873797,1
407538,1
838855,3
873678,3
565783,3
418280,2
914813,2
277212,3
279434,1
949468,3
783272,3
165962,1
423867,1
260126,3
505581,1
100741,2
489359,3
700411,2
150366,2
582339,3
333099,3
235985,2
867793,2
457790,3
473806,3
511811,2
536936,2
587974,2
290597,3
145851,2
551001,3
883162,2
764522,3
567642,2
1021784,2
891715,3
146430,3
944518,2
550962,2
226194,2
949908,1
512676,2
241296,3
312255,3
592055,3
27231,1
847230,2
520976,1
589717,3
700895,2
932281,2
142840,2
475492,2
35607,2
368852,3
381689,3
1017702,3
122663,2
404287,3
515519,3
749497,1
732756,2
770689,1
42571,3
917977,2
679191,3
378517,2
890926,2
833731,3
82741,3
473281,1
1037271,3
181996,3
768761,3
11396,3
74644,2
656550,1
331044,2
946720,2
693000,3
770440,3
991041,3
205479,3
271836,1
523602,1
940439,1
555283,3
1051849,1
382332,2
811734,2
611828,1
537630,2
332877,2
779745,2
417513,1
351191,3
778816,3
1025054,3
521072,3
880555,3
712391,2
109403,2
400569,2
314588,1
898726,3
178800,2
489361,3
1042628,2
692416,2
751918,2
85513,3
553199,3
373859,2
217413,2
459944,1
316754,2
792757,2
311693,3
646329,3
350251,3
393749,3
55235,3
160712,3
582445,2
258309,3
231106,2
119230,3
845545,2
683269,2
861543,2
1002696,2
132484,3
952906,2
543783,1
899657,3
473179,3
202141,3
509489,2
88287,2
714146,1
678193,3
26345,2
990881,2
938233,3
903588,1
777208,3
961105,2
137395,2
107049,2
603530,2
113478,1
340144,3
134287,1
841773,3
1032303,1
975335,3
441316,2
600293,2
640889,2
261728,2
458113,3
653100,1
705247,2
220914,2
543567,1
298948,2
460967,1
524417,1
907779,3
707778,2
517299,1
813129,1
90532,3
418381,2
200381,3
585008,2
947838,1
531474,3
1025191,2
141230,3
987208,2
316514,3
418685,3
12644,3
195697,2
397865,2
705394,3
1017886,2
648503,3
738956,2
676903,3
909603,3
968707,1
253576,3
789434,2
922610,1
872834,3
222184,2
678092,2
328043,2
612825,3
740218,1
492558,2
209436,3
296771,2
764509,3
75169,2
400117,2
193792,3
52396,2
1013073,2
920243,3
604591,3
422111,2
180179,2
981341,3
235291,1
489572,3
463755,3
27278,1
624232,3
416595,3
917147,1
128636,2
944626,3
806358,2
571848,2
496768,2
904835,2
359578,2
958401,2
956003,3
29194,1
439611,3
435371,2
399670,2
683746,3
1035923,2
197030,2
627444,3
66194,3
902477,3
139891,1
83359,1
581385,3
478203,2
534817,1
246113,1
946643,3
343653,2
906547,3
714834,1
736071,1
313511,1
410863,3
297639,3
857749,3
742323,3
801609,2
960909,3
404401,3
338991,2
176445,2
352236,1
853142,2
463089,2
294778,2
95479,3
792817,3
925447,3
403157,1
852306,3
624452,3
814707,3
534119,2
815805,1
584643,2
603751,1
830498,3
602896,3
157596,3
779808,1
189150,2
392529,3
167585,2
955277,3
407238,2
476829,2
780001,2
776859,3
955154,3
604696,1
969381,1
856822,2
1015081,2
789340,3
315733,1
183870,2
82364,1
438297,3
628695,1
201214,2
505147,3
498804,2
419390,2
578349,3
533251,3
988592,3
279210,3
649172,3
332490,2
532092,3
117606,1
371236,3
599944,2
654150,2
47758,3
938827,1
467418,3
954674,2
851159,2
74185,2
605124,3
1001369,1
558396,2
591706,3
229674,3
5391,1
1050391,2
12408,2
285253,2
226691,3
237128,3
181647,2
881468,2
169254,2
256252,2
536250,2
936725,3
441427,3
95341,2
198717,2
584797,3
151082,3
135076,1
627071,2
1037464,2
835173,3
317957,1
895128,2
290879,1
465951,3
315474,1
414900,3
995131,1
477765,1
913306,2
994835,3
777713,2
345852,1
900772,3
1016742,2
769075,3
839406,3
38793,2
978255,3
27833,2
550948,3
593984,1
166530,2
363592,3
677025,2
433600,2
1018165,2
240082,2
452710,2
228912,2
366919,1
76319,2
278718,2
321758,2
179088,3
171537,2
738279,3
687134,2
900325,1
18424,2
324451,3
853433,2
975527,3
903869,1
123044,2
501677,2
870178,1
824924,2
879635,2
932340,1
1000616,3
129141,2
935132,3
22958,1
603215,2
638194,1
275843,2
345589,1
880108,2
731146,3
615746,2
195886,2
85921,2
442905,3
673017,3
394316,3
184417,3
229774,3
678267,2
379507,2
625650,3
123495,3
314333,3
148336,2
830676,1
749330,2
133145,1
960075,1
744252,3
798910,1
148083,3
357820,2
1704,1
509388,2
586052,3
318489,2
35494,3
111908,3
65936,3
41931,1
604722,3
428317,2
477880,3
643607,1
457786,2
435121,2
445760,3
718999,3
234740,3
297735,3
165602,2
627686,3
408939,3
594167,3
52020,2
324746,3
577253,3
930917,2
292231,3
98731,3
634772,3
844525,3
679033,2
148499,2
947047,3
245743,2
1030548,3
786304,1
343077,2
982053,3
358251,2
179448,3
121091,1
849724,3
348675,3
683003,2
452859,2
57188,2
710334,2
647720,2
965393,3
487854,1
975888,2
34634,3
925501,3
319329,2
668705,1
460302,3
643241,2
968962,1
886208,2
367093,3
572222,2
8005,1
172505,3
141149,3
1018369,2
675882,2
312629,2
795131,3
107037,2
385656,3
414025,2
583917,3
881458,3
733449,2
96678,3
101648,3
923601,2
504788,3
200243,1
1034956,1
261634,3
769990,2
469406,3
875465,3
599095,2
674591,2
596738,3
874219,3
913999,3
518026,2
13013,2
278620,3
8014,3
325231,1
307974,2
564595,2
508092,2
376084,2
442931,3
925672,1
700243,3
256041,2
740446,2
679795,2
891359,3
392323,2
245125,2
841856,3
519404,2
988833,2
611081,3
754558,3
975112,2
287944,2
474514,3
875133,3
148304,1
167061,1
833221,1
799491,2
339067,2
14433,1
999247,3
715245,2
585713,2
678929,3
731619,2
381001,2
152351,3
425686,2
475949,3
92707,3
451955,3
886838,2
228529,3
100883,2
120802,3
88564,1
654265,3
296861,2
654461,3
17306,2
954448,2
624439,3
356051,2
225567,2
907882,3
1004639,3
697695,3
188495,2
480013,1
263406,1
853394,2
848226,2
581059,1
203009,3
430608,2
906668,3
250286,2
694339,3
259923,3
517915,2
1003588,3
573140,3
335535,1
782251,3
727320,2
740374,3
609112,2
48170,3
610348,3
106293,2
804618,1
452405,3
1034918,3
976816,2
37683,2
537001,2
44352,3
572822,2
923676,3
778323,2
458003,3
128913,1
73499,1
138463,3
411945,3
490171,2
717059,3
271767,2
762785,1
414713,3
271166,3
961764,3
281551,1
685186,2
689897,3
103790,3
989478,2
974247,2
1013029,1
522982,3
863673,3
95231,2
1037117,1
764698,2
951470,3
171023,3
276280,2
723823,2
333447,2
1004980,3
340837,3
324180,3
676424,3
492773,1
189493,2
425181,2
660402,3
306785,2
496132,2
609080,2
204288,2
713560,3
864840,3
802415,2
187539,2
933984,2
416177,2
539630,2
982050,3
212411,3
580655,2
127315,3
583429,3
831514,2
315570,3
852924,2
993481,2
168709,2
951055,3
574139,3
881681,3
771631,2
67619,2
119856,2
153354,3
596375,3
348282,3
747800,3
872972,3
163028,2
110186,1
341864,2
338501,3
786006,3
711380,3
807559,3
965271,2
10559,2
405969,2
817390,3
851439,1
584278,1
753889,3
522559,1
359620,3
59523,3
905475,2
633527,1
599427,1
877367,2
540073,3
757869,1
957739,2
865326,3
400430,2
995552,2
265042,2
721149,2
423130,3
516241,3
42146,1
223430,3
1013902,2
632938,3
957080,2
579128,3
302801,1
167472,1
536335,2
807712,3
100293,2
602537,2
500528,2
751479,2
618645,3
597558,3
533319,1
171453,1
829495,1
164008,2
812200,3
256988,2
727148,3
706739,2
27282,3
384366,3
700630,1
627537,3
929809,2
349463,2
730967,3
410151,1
65461,1
709028,2
807271,3
950553,1
394128,3
432115,2
484711,1
249223,3
880051,1
395329,2
872663,2
648487,3
478379,1
495306,1
920608,3
521309,2
689548,3
691620,1
880846,2
998454,2
38787,3
781589,2
822228,1
531590,3
1023158,2
988663,2
33221,2
385933,3
281437,2
775179,2
296320,3
322030,3
747454,2
905140,2
950014,3
823284,3
901261,2
498962,2
132907,2
174915,1
87620,3
1005652,1
196958,1
522958,3
996472,1
311801,2
90134,3
135299,3
424140,3
453277,3
613920,1
240952,2
262927,3
926565,3
424515,3
442332,2
782994,3
441039,3
154571,1
283523,1
638877,3
115562,2
907697,1
877925,2
449510,3
565404,2
357011,3
260654,3
393528,3
664132,1
316523,3
626293,2
905695,1
570838,3
952872,2
767543,2
256087,2
18636,1
969493,2
342566,1
711758,2
589373,3
172873,2
250121,1
604867,1
825994,1
796345,3
83305,2
279,1
1005927,2
574594,2
546221,3
949359,2
520685,2
108246,3
643266,2
423380,3
200744,2
166500,3
468130,2
91011,3
646723,2
878545,2
1033735,1
769230,2
96291,3
604207,1
367499,3
228362,2
501277,2
778136,1
844301,3
233421,3
759811,2
486927,1
417227,1
229424,3
764532,2
3986,2
771129,3
565081,3
984444,2
56499,3
603682,3
746412,2
672559,2
768142,1
578747,3
336686,3
491331,2
921939,1
925670,3
22583,2
384642,3
725084,1
456675,3
578970,3
704592,2
375795,2
672644,2
140691,2
743025,3
348527,3
577429,1
457361,1
949595,2
186292,2
907605,3
962213,2
309092,3
944877,2
680100,1
614153,2
140587,1
1032185,2
898922,3
997724,1
139101,3
659377,2
921705,3
682715,2
1016615,3
305428,3
643225,3
918718,2
114982,2
190263,2
130718,1
502414,3
104707,1
5484,1
394615,2
924094,2
985330,2
1044341,3
376373,2
694948,3
851344,3
849166,2
572346,1
386138,2
79187,2
506215,2
117887,3
52642,2
1008585,2
870978,2
228532,2
371041,2
911252,1
945390,3
807153,2
529935,3
830573,3
625326,1
137206,2
30083,3
69835,2
435151,3
1029134,3
707290,3
494679,2
896740,3
995406,3
82164,3
378838,2
147651,1
938810,3
875208,3
314520,1
727319,3
267449,3
722056,2
751483,3
588398,2
851628,3
108431,3
192271,2
232696,1
645963,3
208902,3
279474,1
750362,2
330120,1
338127,2
343290,3
384621,2
505164,1
970464,1
181746,2
511340,3
70076,2
299212,3
838369,3
382218,2
1003026,2
84146,2
554352,2
431310,2
793719,2
925304,1
580516,1
878513,2
380425,2
816048,3
683034,1
717748,2
547722,2
370118,3
926651,1
52653,3
205445,2
713085,1
830433,3
263709,3
507690,3
844439,3
848336,3
491032,2
810215,1
179536,3
952744,1
745789,3
122828,2
774473,3
413371,3
922397,2
66379,2
638923,1
297894,2
526367,2
240865,3
515444,1
850323,1
12104,3
49055,1
770753,1
883790,2
269969,3
112236,3
111402,3
826318,3
159141,2
602974,2
854061,3
998538,3
944880,2
450396,2
17609,3
652573,3
517467,3
888630,3
201644,2
597496,2
426729,3
684041,2
1039050,2
17379,2
1043589,3
394368,3
797817,2
194678,3
936465,2
985007,2
109892,1
676545,3
591661,1
749270,2
556634,3
670284,1
18451,3
213225,2
261704,2
301343,2
145139,3
357891,1
704660,1
912044,3
328597,3
154029,1
399953,1
787650,2
979756,2
21729,1
371106,3
209350,3
40291,3
218457,1
207074,2
60556,2
525631,1
256824,2
190395,3
629676,2
675038,3
151203,1
10578,3
29345,3
565707,3
916227,3
731885,3
552951,1
810205,3
1026109,3
642231,3
1030851,3
841217,1
537350,1
106492,2
215762,3
677348,2
169776,3
819241,3
5122,1
286764,1
475581,3
226952,3
659898,3
823698,3
777032,1
282564,2
1049178,3
927488,2
613912,2
456283,3
254239,2
519568,2
42586,1
228561,3
667733,3
198787,3
215226,2
662429,2
682420,1
455024,3
238396,2
138579,3
240470,2
628230,2
280697,1
767235,1
701832,3
821297,2
1012094,3
216992,2
903865,1
692198,3
286234,2
797278,1
541436,1
42358,3
181790,1
784737,3
747397,3
865718,2
1026897,2
418643,2
642146,1
339762,1
852000,3
610263,3
669979,1
638724,3
799411,3
23639,2
885857,2
752525,3
790126,2
366855,3
57259,2
902600,3
94565,2
26853,2
434084,2
638739,3
766697,1
465976,2
526294,2
1007391,3
1036692,3
287922,3
514529,3
658343,2
811352,2
643199,2
665321,3
71067,3
73420,3
277606,3
904663,2
62032,3
573506,3
581413,3
29393,3
369480,3
11290,2
782052,2
568003,3
280373,2
1000446,3
962166,1
585826,3
145470,2
901602,2
30641,2
231702,3
686665,3
230289,3
1036531,2
1023729,1
816701,2
100582,1
143397,2
27430,2
261458,3
94794,3
470924,1
471309,3
139610,3
441462,2
756683,3
239532,3
312377,3
75065,2
502823,3
1008399,2
27779,2
638086,2
359256,2
599867,3
719341,2
304131,2
946446,3
630077,3
989120,3
50325,3
262780,1
964747,3
359388,3
159454,3
994650,3
929324,1
561908,3
224633,1
842792,3
467415,1
735274,3
174080,2
856543,3
954846,3
603422,1
700288,3
262925,1
845133,1
582607,2
660164,2
425732,2
799519,3
442728,3
974163,2
712303,3
836286,1
723633,2
74972,1
209298,1
953077,2
154579,2
785257,2
788125,1
533141,2
694718,1
269430,3
867181,2
518267,1
590652,1
181792,2
297239,3
27644,3
546314,2
909956,3
743506,3
942267,1
9732,3
725976,3
574282,3
934348,1
393914,2
768698,1
799450,2
1010766,2
250026,1
336462,3
58087,1
612775,3
1052270,1
214056,3
739907,2
875565,1
415271,2
332045,2
622896,3
1031952,2
501954,2
649717,2
1014969,2
912736,3
79919,3
829411,3
113342,2
281603,3
8780,1
779952,2
806032,2
320725,2
268752,2
1000593,2
1001162,2
942622,2
840619,3
200154,3
845684,2
846450,3
26778,2
451028,2
694208,1
815259,2
495917,1
439179,2
862294,3
790258,3
558808,2
873921,3
90408,3
412791,3
917738,2
414254,2
680966,3
735353,2
131490,2
593040,2
346097,3
723778,3
858192,3
50567,3
832799,1
42333,3
824195,2
498709,2
39941,3
284416,1
700627,2
375551,2
735425,1
474108,2
913184,3
1020501,2
112795,2
513732,3
857824,3
138494,2
773513,3
857781,1
551084,2
416531,3
1005018,1
640362,3
42081,1
983797,2
934994,2
218061,2
800771,2
655386,3
690793,2
460829,3
247624,3
782874,3
878715,3
474977,3
717317,3
826305,2
777871,2
795845,3
80983,3
905551,2
140506,2
330795,3
870335,2
496163,2
491027,2
1017994,2
770376,2
822553,3
404959,2
750108,3
820835,2
845938,2
126718,2
960574,3
446015,3
303309,3
315536,3
418684,1
455781,2
814826,3
379838,3
746014,2
342129,3
492402,2
367783,2
847996,2
802999,3
992475,2
549639,3
695296,1
336387,1
244553,2
131411,1
722535,3
46571,2
961934,2
234304,2
803037,3
553615,3
903744,1
126346,2
590613,1
621072,1
880179,1
942090,3
39462,3
277389,3
1001026,3
119467,3
222721,1
336567,3
614794,2
912799,1
486908,3
199767,3
352556,2
508131,2
426006,2
215124,1
280783,3
917852,3
289053,3
474075,2
309263,3
552533,1
808103,3
994221,2
881196,3
396167,2
605799,1
79083,3
270369,2
821162,3
646148,3
6604,3
31325,3
435607,3
973002,1
661937,2
933796,2
366829,2
177554,1
382709,3
394219,2
398996,3
824221,2
26194,3
538237,3
440764,2
951139,1
461236,2
250607,1
1030119,2
407287,1
179866,2
441432,1
182744,2
599033,3
361833,2
227661,3
791727,1
266013,2
1036340,2
679401,3
609049,2
891732,2
213143,3
884584,3
379698,2
38617,3
886930,3
364764,1
1016366,2
38785,2
234453,3
805555,3
568364,1
970007,2
449879,1
78658,1
151107,2
642833,3
668937,2
662976,3
853078,2
644438,3
997764,2
899910,2
575363,1
189192,1
38605,2
559955,2
191706,3
808622,2
734787,2
46617,3
738128,3
570663,3
499060,1
76084,3
627629,1
1003734,2
766598,1
1032311,2
145494,2
194028,2
330657,1
132838,3
751000,2
405096,1
750284,3
873419,2
421935,3
172470,3
915273,2
865148,2
1051835,3
474980,2
231413,3
330671,2
638272,3
393450,2
111850,2
983964,2
830445,1
986227,3
204565,3
545937,1
23144,1
735561,1
812234,2
974438,1
610628,1
428951,3
783894,2
656047,3
432536,2
593914,2
683669,3
575274,1
177283,1
424380,1
226068,1
358936,3
975931,3
898017,3
607793,3
594042,3
380395,1
392183,3
299253,3
889476,1
424365,3
857815,2
232611,2
764499,3
930162,1
409028,2
923047,1
733107,2
1006902,2
148019,2
147766,3
818577,3
853098,2
339897,2
960681,3
611916,2
48730,3
74207,2
444446,2
560295,2
513899,1
441847,2
577767,2
285336,3
184195,2
64259,1
1038697,1
307868,3
627441,3
677939,2
292056,1
202111,2
720538,2
387744,3
630674,3
406510,3
1018383,3
780114,2
425259,1
351421,3
561810,2
814157,2
772186,3
346848,2
436237,3
424716,3
721412,2
656560,1
450338,1
1046610,2
691764,3
828213,2
497713,3
338255,3
564946,3
404359,2
472998,1
530896,2
244390,2
970563,1
1005525,2
90023,3
453589,3
889856,3
134327,1
122435,3
410711,3
18758,1
1032037,1
578404,3
123320,3
754683,1
529099,1
947234,2
733123,2
219157,3
334954,2
1032747,3
454147,3
526498,2
874177,3
843964,3
536120,2
732748,2
734558,3
274865,2
153412,2
585695,1
599441,1
516944,3
685416,2
819798,1
646016,2
841190,2
188283,3
936637,3
796834,3
924866,2
202266,3
720712,3
659797,3
53288,3
746463,1
95382,2
929875,1
920579,2
982138,3
643828,2
324190,2
1037186,2
272937,1
842362,2
107047,3
583210,3
218763,3
843720,2
672657,1
328895,2
421640,2
15542,2
466044,1
20544,3
408057,2
594152,1
602844,2
199486,3
761572,1
922959,3
179684,2
173173,2
1041087,3
1001897,1
296721,3
746793,2
858847,3
865475,3
257915,2
856304,3
707168,2
114370,2
307169,2
858289,2
741360,1
382842,2
738203,3
231171,3
1015995,2
251898,1
748605,3
1033947,3
820256,2
784640,2
627815,2
326724,3
1025496,3
172191,3
992572,1
52437,1
17419,1
648336,1
672443,3
876003,2
256282,1
169868,3
750384,1
926271,3
28891,3
691584,3
661212,3
576181,3
64541,3
173504,3
710176,3
745733,3
385991,1
7726,1
213756,3
442164,2
511409,2
303863,2
351587,2
90383,3
171281,3
515178,2
187961,3
332390,1
590128,1
99484,3
817251,3
681078,2
1014567,3
16257,1
856811,3
367195,3
954896,3
206270,3
304694,3
540945,2
226652,3
137598,3
677140,2
638790,1
399656,2
375858,1
87281,2
852379,3
425302,3
686096,1
929929,3
635582,3
110242,3
327347,2
438369,2
1036333,3
13754,3
649622,1
58620,3
791280,1
14022,2
783938,2
863406,1
319745,2
418651,2
1014736,3
906044,2
776169,2
645610,3
388464,2
259909,2
1023083,1
447292,1
487370,2
171429,1
438354,3
974723,3
262613,1
623742,2
628030,2
305041,2
422838,1
339189,1
347465,3
971738,1
895122,3
49880,3
316867,3
677384,1
535750,3
654158,2
183719,2
1037054,3
878746,3
624748,3
411925,2
115930,3
999959,3
513654,2
1036539,2
637092,2
188974,2
185714,2
653945,2
298571,3
364609,3
943784,3
765319,3
428830,2
839706,1
342773,2
774219,2
734612,2
43331,1
903429,3
597942,2
1036473,3
539637,2
1041000,2
240895,1
261899,1
454694,2
603628,3
42720,3
865686,2
489272,2
626492,3
56334,3
309533,3
18736,1
565467,3
754609,2
262430,3
775551,2
587554,3
94714,3
45044,3
346946,2
591477,3
588044,3
482066,3
41254,1
555493,1
501187,2
190373,2
881262,3
58017,3
550381,2
11201,1
976970,2
517886,1
526906,3
925059,3
768054,3
509929,2
70844,3
373613,3
649060,2
514552,1
672028,1
1000402,2
985918,2
856946,3
121693,2
394009,3
668204,2
1010585,3
720238,1
591963,2
554498,3
317660,3
679281,3
869428,3
118367,3
59909,3
101359,3
397050,3
940443,2
694494,3
868144,3
316615,2
294161,2
527624,3
541158,3
177517,1
394244,2
137163,2
374437,1
720151,3
748891,3
789836,2
451360,2
183247,3
1043327,1
51883,3
797176,3
12144,3
1023004,3
1021671,2
955249,3
163025,2
371016,2
477728,2
490244,1
818887,2
377816,1
380618,3
541883,3
192966,2
895818,2
671936,2
343732,2
984668,1
847933,3
647486,1
382481,3
587246,3
66007,3
97565,2
278440,2
626826,1
76591,3
503987,1
373057,2
229816,3
326892,1
109332,2
302992,3
372113,3
481308,2
1021456,3
272647,2
353478,2
42466,3
366728,3
328588,3
551405,2
75252,2
585268,1
984572,1
860883,3
490733,3
779333,1
259678,2
486651,1
754056,2
752367,3
1023817,1
22018,2
218219,2
27636,3
188219,2
1021256,3
699192,3
1010950,1
998714,3
629720,3
434743,3
929352,1
483693,3
146831,2
419410,2
950141,3
453638,3
688532,3
127949,3
78544,3
364276,2
290555,3
73206,1
933069,3
467192,2
413237,2
192192,3
705420,3
160520,3
749813,2
924738,3
14671,2
1005210,2
80270,2
921579,3
811857,2
48192,3
684627,2
172008,2
506132,2
492313,2
29546,2
402303,2
525165,3
387684,1
991728,3
1051076,3
999158,3
295547,3
670549,2
530074,2
20521,3
686868,3
611253,1
78620,3
542064,2
981662,1
39285,3
303979,2
552924,2
803014,2
1021974,3
158632,2
908080,2
429939,2
455605,3
47905,2
633226,1
974388,3
898897,3
130811,2
736577,3
933771,2
676643,3
1026662,2
381208,2
414821,2
577520,1
380063,3
672773,2
404647,2
227639,2
84893,3
266142,3
135487,3
369625,1
303578,2
515054,3
127006,3
69893,3
199514,2
170589,2
807941,3
1020914,3
400056,3
542647,2
929361,3
271454,2
364732,2
511636,1
441637,3
633380,1
7594,3
572350,2
859501,1
687173,3
480278,3
767811,1
2660,1
966261,3
539171,2
160449,2
506161,2
784460,2
368244,3
569272,1
724076,3
207682,3
1049295,3
297111,2
302640,3
953160,3
668361,2
643396,2
834127,3
424672,2
63798,3
927651,2
932321,1
249334,2
504435,2
551646,3
981020,1
432027,3
963575,3
889623,3
789635,2
689223,3
724948,3
133566,2
945699,3
892729,3
823132,2
1030753,3
396716,2
942192,3
15846,2
538046,1
450654,2
348931,2
267477,2
340339,3
358740,2
354928,3
996877,1
549489,2
988181,3
535188,1
422326,3
920315,1
842355,3
914198,2
639633,3
821477,3
183789,2
635396,2
433354,1
279055,1
603954,2
87166,1
1001944,3
319083,3
2013,3
816162,2
720811,2
230279,2
300589,3
111581,2
50288,1
939015,3
56754,2
82981,2
867633,2
31141,2
410608,2
957725,2
580417,3
853042,2
947150,2
924055,2
333166,3
280840,2
501582,1
343094,2
66490,2
15129,3
1000188,3
351974,1
702464,3
283769,3
553018,1
799933,2
290546,2
120015,3
924305,3
588772,1
952530,2
252960,2
248813,2
898769,1
1028650,1
357121,2
124335,2
833932,3
98115,3
352744,2
772614,2
308228,3
235718,2
546839,1
783996,3
733180,3
377618,2
855147,1
161497,2
790702,2
86636,2
741446,3
134906,2
279975,1
2281,2
875743,2
99979,1
1047303,2
1036249,2
77707,3
781133,1
395011,2
482325,2
880225,2
722948,2
918261,1
813790,1
831046,2
871329,3
57298,3
162427,1
187066,2
533885,1
566007,2
694185,3
555628,1
836091,1
764355,3
830868,2
803250,3
116930,2
373990,3
77589,2
206387,1
319043,1
619715,2
710603,3
358993,3
476492,3
258143,1
299310,2
459195,1
884400,3
127250,1
892683,2
194810,2
913670,3
389379,1
486664,3
624911,3
404463,2
307375,1
632063,3
684603,1
300142,2
304315,3
247969,3
1000793,2
1040252,3
700948,1
901839,2
528929,3
976542,2
602929,3
723538,3
138081,3
571632,1
58928,3
770480,3
630060,2
470929,3
335024,2
585792,2
448585,2
107455,2
501452,3
962708,3
80771,2
946339,1
760743,2
1004189,2
373538,2
1023220,2
151091,3
521962,3
32003,2
730225,2
417393,3
50944,3
433365,2
289461,3
873966,3
738435,1
961725,2
425439,2
230270,2
1007012,3
945374,2
767864,2
278495,3
1049449,2
455061,3
352076,3
499443,3
121485,1
532219,2
115943,2
1013362,3
94365,1
610225,2
886580,2
412294,3
553147,2
914875,2
450956,3
1047256,2
734248,2
638121,2
125188,2
916284,1
1038534,3
852331,2
925600,1
377269,1
132272,3
498558,2
262294,1
1004471,2
1008929,3
34777,2
48833,3
947471,1
452651,2
296827,3
227129,2
1025336,2
140803,3
697573,2
891431,3
860798,1
25999,3
572871,1
63479,3
181131,3
519938,1
567122,3
9169,3
945486,2
71022,2
1022351,3
64247,3
359177,3
215111,3
64194,2
808264,2
176163,1
622707,2
881349,3
126135,2
37468,3
207734,3
752335,3
266957,2
50082,2
1028077,2
107468,3
90710,2
789133,1
306276,1
1006908,2
228040,3
240353,3
926,3
455755,3
59265,2
511146,2
70017,2
197186,2
818136,3
726401,3
98576,3
564520,1
459140,2
945137,3
57555,2
758045,2
769123,3
759819,3
785847,1
126716,2
90511,2
1007322,3
672480,3
572511,1
476188,3
10301,2
664912,2
123809,2
251540,2
250401,3
877892,2
450496,3
566712,1
1046607,2
436005,2
580374,3
222664,1
608763,2
652352,1
1012936,1
504848,2
642151,3
758737,2
928489,1
661293,1
558711,1
1019667,3
68097,2
181588,3
96385,2
211968,3
797233,3
1019116,1
333549,3
232211,2
50525,2
441127,1
536883,2
193627,3
780860,3
312298,2
322493,1
990864,3
332529,2
868126,3
989886,3
939659,2
12768,3
864160,1
674341,3
819067,1
583884,3
211971,2
93910,3
929866,1
248842,2
1028373,2
457352,3
16831,3
280305,1
270220,3
610893,1
143769,3
559718,2
426462,1
290581,1
40587,3
934115,3
962003,3
796692,3
650358,2
64825,2
195479,2
592396,3
630814,3
369131,3
864964,3
839264,2
683662,3
168503,3
686658,1
26783,1
94652,3
136993,2
606985,2
802266,3
769071,2
827471,2
916442,1
887610,2
247263,2
786280,1
253220,1
632506,1
964960,3
228331,1
883400,2
866470,2
745050,3
476173,2
979448,1
794952,2
861406,2
885084,1
632019,2
932290,3
896882,3
1046267,3
31556,2
158831,2
937985,2
124645,3
516973,2
674144,2
834328,2
544775,2
191548,1
281723,1
165902,3
742285,1
399220,1
337516,3
855642,2
855275,1
600401,1
799706,3
153592,2
633981,2
972195,3
8798,2
888806,2
599430,3
462170,2
285137,3
689263,3
86923,2
221781,3
768781,1
894185,3
408384,3
682503,3
727783,2
637518,2
256107,2
451279,2
121130,2
830585,2
74466,3
853961,2
3576,2
9487,2
980635,3
551250,3
390556,3
845802,3
357830,3
551357,3
968586,3
557397,3
1020310,2
54791,1
850014,3
103146,3
916510,3
409350,3
905441,3
185149,3
50266,3
578986,3
648991,1
41031,3
200899,3
602158,1
283670,3
804434,2
1035778,3
67631,2
170125,2
965071,2
812440,1
118932,1
499026,2
187076,3
39321,3
887467,3
14212,2
461932,3
949250,3
992582,3
464635,3
27530,2
504746,3
383184,3
831674,2
169651,3
708074,2
916344,3
777947,3
151623,1
242801,1
647029,2
429268,2
928533,3
269996,3
139785,2
206940,3
89914,1
489910,3
306063,3
348258,2
1032880,2
1036003,2
32592,1
393899,3
663201,3
798078,2
565159,3
239007,3
195163,1
443942,1
873094,2
970143,2
220408,2
985753,3
821490,1
642733,3
656729,3
701597,1
881823,2
484466,3
438707,2
466477,2
408819,3
555262,3
1038082,3
603851,3
645108,2
143220,2
868203,2
272783,3
80133,2
679479,3
367206,2
145391,2
989427,2
566426,2
579042,3
850805,2
937597,3
336657,3
463537,1
450660,3
660240,2
843214,3
392429,2
415733,2
747544,1
221181,2
284323,2
778513,2
684237,1
804823,1
693452,1
45928,2
84218,1
542605,3
204449,2
669581,1
130726,2
1008931,3
353748,3
789433,2
173789,3
185069,3
801888,2
911483,2
703922,1
227846,3
804595,3
470709,3
31541,1
689963,1
214295,3
744615,3
786970,2
1038046,3
246261,2
776167,3
624288,1
901588,3
221294,3
896700,2
72338,3
205863,3
168664,1
877015,2
562736,2
365367,1
577029,2
201654,1
768176,2
681048,1
901537,1
89221,2
551474,2
225587,2
818544,3
445257,2
117425,3
742193,2
830462,2
584412,2
455712,3
909659,2
119855,3
664816,3
998673,3
284263,1
614297,1
956394,3
288986,2
436810,1
904411,2
68569,2
147440,1
919692,2
233820,1
155793,2
250330,2
55022,2
1032466,3
404425,1
336290,3
652944,3
965969,1
86534,3
1019674,2
89063,1
689050,3
528490,2
215248,1
968069,3
161687,3
35810,1
944753,1
160614,1
773844,3
245946,1
8656,3
164819,2
418424,2
341049,3
308819,1
709089,1
1039938,3
859436,3
438759,1
944585,3
487160,3
836053,3
711693,3
947941,3
7181,3
257034,3
692792,3
331136,1
314637,3
542077,2
212442,3
380827,3
529096,2
815075,2
690907,2
153191,2
278806,2
919863,3
350037,3
694878,3
771611,1
646793,3
973595,2
963445,3
961573,3
746867,1
987133,1
760322,1
434727,3
191607,3
479060,2
386968,3
200709,1
837909,3
337479,1
14391,3
397438,3
804166,3
357705,3
1002999,1
696290,3
1033423,1
969352,3
485679,2
320149,3
336530,1
978945,1
994144,2
477783,3
314245,2
216448,1
487492,2
78291,3
327488,3
520770,3
455603,2
569384,3
749129,3
336185,3
806734,2
902340,3
565625,2
178239,1
348508,2
275543,3
942672,3
438343,2
31683,3
919948,3
164570,2
121380,3
961329,2
50833,1
213370,3
596510,3
986752,3
537006,3
235694,1
272965,1
863540,3
167760,2
640982,3
63800,2
792987,2
700211,2
521830,3
807056,2
318447,1
500969,3
801154,3
288307,2
395732,1
803241,3
913081,2
328700,1
271549,3
1017501,2
428933,3
811450,1
314111,2
533935,3
164797,2
1022238,3
1049554,1
923363,2
733308,1
733212,2
593497,2
1026751,2
271311,1
800090,1
280349,3
250728,2
967238,3
410547,2
879961,2
215591,2
225722,2
718714,3
695681,3
584366,3
836751,3
490734,3
251624,2
1047891,3
554836,2
1017936,3
74718,2
716111,1
418271,3
189532,2
914920,3
8044,3
697735,3
530417,2
730511,3
784979,2
760180,2
552721,3
249608,2
818704,1
877387,2
711356,2
711238,3
390532,2
534805,3
114517,1
453840,1
978321,2
135896,2
447412,3
1011203,2
817499,3
722747,3
126028,3
405534,2
158847,3
788579,2
479471,2
168923,3
490108,3
716212,3
693205,2
855449,3
912229,2
903206,2
453879,3
542874,3
684305,3
12635,3
978959,3
123589,2
756524,3
495061,3
224484,1
277750,3
941504,1
994503,3
229289,1
293760,2
679382,2
620245,3
375610,2
950716,3
170212,2
350624,3
60035,2
955939,2
934693,2
793485,1
792945,1
758063,3
751044,3
770098,3
1011779,2
692538,3
333507,2
677938,3
401988,1
882834,2
795016,3
162068,2
276824,2
384706,3
143481,2
89557,1
240731,3
909763,3
905909,2
987319,3
603966,2
651075,3
312222,2
19910,1
720370,3
818453,3
379242,2
1044965,1
678018,3
876606,3
225158,3
13421,2
2127,3
881068,2
578420,2
549555,2
778987,2
597118,3
973702,1
445379,3
824363,3
347434,2
793782,2
336977,1
199599,1
971682,2
1039713,1
521617,3
2631,3
614897,1
160577,3
214183,1
118148,1
304419,3
348628,3
896670,3
646891,2
583725,3
702350,2
133792,3
408882,3
261202,3
153276,3
193163,2
772361,2
59002,3
1031268,2
756788,2
133024,2
867472,2
405651,3
46827,3
438069,3
110353,2
501967,2
880150,2
593369,3
279011,2
62221,3
993843,3
278520,3
735868,2
173769,3
767761,3
926787,1
1034381,2
631497,2
717436,2
134601,2
528645,1
683991,2
90981,3
316964,3
949415,2
252269,2
537987,2
1021753,2
65354,1
834618,3
417011,3
896433,2
821271,2
282337,2
894905,2
1013139,2
856415,3
108172,1
1036952,3
1039978,2
150664,2
302829,3
953128,3
367198,2
947306,1
520758,2
157148,2
78730,2
907051,3
483811,1
518699,2
450031,3
151531,2
497359,3
877754,1
407447,3
270105,1
530281,2
132189,3
944722,3
451152,3
1046671,1
913974,3
837482,2
461983,1
934802,1
598456,2
132954,3
84031,2
526909,3
305098,2
690181,3
367906,1
845691,3
696543,3
470886,3
859051,3
363708,1
307570,3
523336,3
948673,2
573243,1
904276,2
329387,1
398686,3
630673,2
902876,2
399524,2
603009,3
636206,2
59088,2
821739,3
427280,3
868576,1
47737,2
556641,2
909598,3
468330,1
1025716,3
751486,2
318490,3
262944,3
861554,2
627029,2
706070,3
253550,2
323742,2
336875,1
700783,2
274276,3
981778,3
217202,3
85326,2
171777,2
716604,3
739074,2
606355,3
987731,3
665220,3
522848,2
949509,2
387280,2
938216,2
49463,3
577284,3
660170,3
749056,3
101449,3
748264,2
775744,1
469115,2
675899,2
556219,2
986955,1
982852,3
593164,2
503528,1
1052305,3
634691,3
1028187,2
1901,3
98771,2
237285,3
582163,3
589752,3
42017,2
132940,3
146348,1
619793,2
381212,2
121915,1
618651,1
707474,3
161346,2
887303,3
668437,1
731228,1
749360,2
34957,3
535237,3
278310,3
701138,2
564351,2
92697,3
701984,1
487636,1
755681,2
923724,1
489124,3
626269,3
591005,3
299086,3
281060,1
686979,2
918101,3
386910,1
896800,2
900923,2
785721,3
239777,3
298563,3
1040981,2
523455,3
712816,3
848844,2
846195,1
367538,1
1010625,1
297393,3
331847,1
995574,3
389986,3
119508,2
866671,2
185595,2
648605,3
255191,2
477535,2
655463,1
65444,1
634955,3
535799,3
476374,2
949376,3
277839,2
986330,2
161834,1
869343,2
903142,1
338509,2
790400,2
93227,2
392363,3
788228,2
820963,2
91506,2
824098,3
85039,3
530021,1
509069,3
700409,3
826957,3
6257,2
796767,3
920835,2
105367,3
918815,3
320148,3
878152,3
51233,1
377110,1
918854,3
410539,3
927345,2
178980,2
1037889,3
271120,3
733025,2
588141,2
897239,2
55769,1
256956,3
1002362,3
717835,3
334570,2
725006,3
1001835,2
584678,3
665434,1
705286,1
576465,2
915445,2
787205,2
572807,2
222484,2
635827,2
798782,3
383174,1
377026,3
99613,2
448608,1
539901,3
852099,3
699669,3
578116,3
192742,2
1022037,2
35213,2
162847,3
851845,2
367229,1
479910,1
689220,1
207775,2
6278,3
617515,3
162707,2
612184,3
306883,3
699427,3
613504,2
829094,2
1040068,2
231201,3
628973,2
740315,1
225844,2
350349,3
836603,3
263507,1
488376,3
735617,1
401723,3
47885,3
355046,2
669216,2
805008,3
792293,3
379989,3
398681,3
672613,2
838789,3
720367,2
981436,2
593306,2
378023,2
463929,3
566377,3
630676,2
780178,2
740912,3
86886,2
316484,2
629212,2
726416,1
457844,3
134039,3
851269,2
495352,3
150979,3
299533,1
378284,3
756508,2
334024,2
905318,1
487894,2
647282,3
65593,1
850731,3
374226,3
980454,3
925434,3
454298,1
547495,1
156695,3
73839,2
293080,2
877702,3
499769,2
635026,3
714745,2
64935,3
72151,2
922615,3
85053,2
743475,3
25229,3
578013,1
154590,2
60925,3
63337,1
73478,1
994994,2
10217,1
165933,2
273455,2
946398,3
494646,3
949990,3
867692,1
890616,2
20078,2
498500,3
937419,2
1008898,2
501970,3
475708,2
71248,3
469187,1
612662,3
984845,3
241538,2
535432,2
454608,1
849908,1
306055,2
116224,2
237657,3
110738,3
101761,3
261767,1
509201,3
494898,1
445919,1
123776,3
457934,2
305315,1
48490,1
458345,3
383598,3
980900,3
34012,2
107086,2
185329,2
389201,3
997844,2
14449,2
147678,2
735778,3
430106,2
560373,2
170959,2
657766,3
424765,3
988717,3
570392,2
835385,2
287538,3
437582,1
258951,1
168480,3
761170,3
1028988,1
152231,3
469716,1
1017483,2
519324,2
737515,3
562035,1
644368,3
438128,2
154427,2
373945,3
354023,3
837480,2
563517,2
1052468,1
511713,3
600848,3
638525,1
776865,3
463443,2
1050788,2
774692,2
464384,3
512253,1
505730,3
768847,2
930339,1
356066,1
714897,1
884091,3
135195,3
426218,3
736323,3
395998,2
196362,2
678853,3
680168,2
295804,3
165864,3
777364,1
544008,2
538352,1
769047,3
43457,3
264389,3
230349,3
687439,2
426343,3
270097,2
282551,2
891336,3
738455,3
1008356,1
426988,1
286812,2
653808,2
983394,3
988332,3
1030401,2
820753,2
447000,2
245937,1
754091,3
722215,1
522937,3
286303,2
494478,2
708739,3
72387,2
402236,3
656646,3
208700,1
883560,3
1044748,2
835663,1
197612,2
794709,1
85882,3
866141,3
536921,1
563059,3
1025504,1
38180,3
790855,3
252435,3
296209,1
275280,1
79251,3
410018,3
1049457,2
492407,3
466493,3
743662,2
314296,2
265605,2
779778,1
866539,3
416738,3
823052,3
31941,2
206056,3
678479,2
661153,3
339873,1
5651,3
954657,1
903214,1
223386,3
461311,2
396192,2
853934,3
462739,2
572746,2
622815,2
75350,3
665781,2
715521,3
733230,2
974759,3
958892,1
614472,3
168982,3
475696,2
1027482,3
265105,1
653119,1
950634,1
338212,3
947438,3
465792,3
422749,1
480447,2
959383,3
161971,3
962341,1
559583,1
418124,1
569391,2
644099,3
69094,2
533146,3
914045,3
358746,3
18043,1
405276,1
605632,2
47672,3
464002,1
910669,2
1036782,3
824672,1
279654,2
622897,2
495789,2
559835,2
992217,1
483876,1
135847,2
781311,3
516107,3
820546,1
116156,3
371448,2
647285,3
203963,3
578137,3
950320,1
106773,2
917966,2
895547,3
868250,3
531542,3
134687,2
403629,2
141224,3
306188,3
315332,3
485211,2
127171,1
54313,1
660354,1
132332,3
308921,2
9594,2
781229,2
750010,1
367363,3
358307,2
287318,3
921357,3
887972,2
178581,3
585071,2
493450,3
1020074,1
885549,3
37106,3
50016,2
208445,3
306567,2
92104,3
299425,2
313614,3
674726,2
210150,2
473349,1
699030,3
1049406,2
878035,3
883004,2
729236,2
301094,3
128540,2
666492,3
197581,3
591197,2
732558,1
134977,3
845391,1
25851,2
816360,3
553643,3
112739,3
236823,2
342598,3
95349,3
613055,3
99191,3
661425,2
706429,1
404822,3
813958,1
611521,3
892140,1
668110,3
667838,2
576103,3
141785,3
646912,2
754861,2
140624,2
548862,3
233791,2
799047,1
806681,3
115406,3
11694,3
931327,2
640579,3
530570,1
1013204,3
359464,2
322976,2
9160,3
703569,2
659675,2
496223,2
340594,2
214615,2
694570,2
673050,2
939236,3
751364,3
458892,3
980442,2
48145,2
291699,2
317747,3
485125,3
524935,3
919838,2
712712,1
385730,2
413871,3
671250,2
549108,1
1001792,3
816895,2
742392,3
211328,3
817216,2
925322,1
912652,2
981206,3
832956,3
818696,3
592722,2
240473,3
167845,3
869179,3
88780,1
489334,2
587860,2
726556,1
844143,3
124811,2
474410,1
479690,3
433183,1
679490,2
581773,3
783679,2
717244,2
143072,3
586469,1
143599,2
323222,2
949139,3
173938,2
550640,2
525495,2
770335,2
668823,2
210107,2
29487,3
705024,2
482772,2
928371,1
788637,3
118584,2
114212,3
771483,2
67591,1
727850,1
285902,3
948186,2
101977,1
38977,1
171827,3
381614,2
12738,2
64130,2
813438,2
67622,1
482465,2
481629,2
247733,3
49819,3
513023,3
31890,3
233259,3
722743,2
345313,2
995548,3
363629,3
790825,1
57547,1
37205,1
851528,3
639270,3
228239,3
671774,1
92077,1
828524,3
283789,3
89858,1
976434,3
265342,3
831940,2
662668,3
981629,3
177494,2
357150,3
851158,3
1003847,2
185680,3
288294,2
449895,1
281880,2
223919,1
396078,2
458804,1
628600,3
988978,3
826025,3
522909,1
1017430,2
77340,2
1050127,3
449484,2
679484,3
888621,2
313764,1
36999,1
151342,2
923965,2
301695,2
992776,3
796947,2
544472,3
903040,2
184793,2
1023345,3
314184,3
101683,1
256309,3
758899,1
224751,3
768516,3
668265,2
752452,3
591296,3
919663,3
893996,3
509471,3
1008147,2
517423,1
636921,2
444873,1
903723,2
748842,3
1000191,3
468799,3
707716,1
195887,2
349194,3
265785,2
158544,2
356680,3
510033,2
782143,3
948931,1
886735,3
619575,3
49452,3
434583,2
1043446,2
78625,2
389720,2
842048,2
447328,3
85262,3
302851,3
668497,2
914966,3
535922,1
627594,1
657851,3
167062,1
903826,3
827997,2
916680,2
145613,3
441657,3
437143,2
550994,2
597339,2
715766,1
450171,3
244860,2
200650,2
864009,3
355223,1
882750,2
386166,3
557584,2
401529,3
963530,3
775144,3
75490,2
877886,3
452586,2
429131,2
388706,2
805020,3
294824,3
415717,1
737765,2
1033556,3
201645,2
97356,1
342389,3
694412,2
380846,3
134350,3
755167,2
730031,2
389338,2
713915,3
370171,3
642590,2
254693,2
704359,3
426429,2
775325,3
407176,2
136423,1
423022,2
189950,3
55269,2
58747,2
883598,3
574616,3
473370,3
841779,1
869570,3
792392,3
722900,3
1015151,2
316361,2
291086,2
506273,2
61758,1
151485,3
76990,1
1016599,2
310857,2
907633,1
855375,3
302223,2
428534,1
482964,2
350647,3
792250,2
938715,2
963665,2
502114,3
785649,1
154754,2
587138,2
477404,2
602362,2
936687,2
907181,2
585620,2
21765,2
772875,3
106514,1
118938,3
17158,3
983320,3
942546,3
286537,2
1050885,2
439072,3
136710,3
60144,1
349151,3
554414,3
856265,2
885587,1
526017,3
903545,3
880748,2
145788,3
231249,3
701092,2
239369,1
564579,2
691570,2
93814,2
223207,3
554326,3
695793,3
582938,1
611313,3
652124,3
163056,2
110192,3
103431,1
364257,1
474143,1
12290,3
128724,3
50126,1
647903,3
100174,2
66116,3
815342,3
1014755,3
633121,1
10969,3
572967,2
403214,3
126297,3
437584,3
946918,2
98601,2
1028004,1
708903,3
412515,3
66788,1
57780,2
252906,3
339060,1
4193,2
143007,3
738165,2
145646,2
649301,2
706631,2
93391,2
983094,3
922061,3
410616,3
13030,2
276630,2
179992,2
73198,2
543494,2
1042251,3
866637,3
326492,3
507509,3
525866,3
937959,1
905665,3
930294,3
366202,2
1022951,3
550418,3
674183,3
713542,3
656720,2
30855,3
654218,2
570354,1
871998,1
458140,2
846076,1
858227,3
879331,3
166014,3
301109,3
57382,3
835193,3
637209,2
666052,3
345209,1
808728,1
844029,3
927175,2
812282,3
365307,3
904269,3
970268,1
632065,2
922421,2
128595,3
200302,3
696241,3
161955,3
402566,2
943411,1
107028,3
711943,3
544291,3
176090,2
244044,2
813187,2
895947,2
490399,1
567374,2
248296,2
1044405,3
1006234,3
477813,1
538490,1
360107,1
802429,2
185548,2
252046,1
464487,3
1004353,1
799242,3
356396,3
443499,2
797189,3
888051,3
587273,1
649147,3
979356,3
531779,3
417124,3
388885,1
401267,3
972181,3
283258,3
234937,2
780300,3
663270,2
880591,2
127934,2
509448,2
702516,3
795553,2
161638,3
298696,1
407262,2
877113,1
155696,2
850019,2
700439,3
999735,2
12519,2
663969,2
531120,2
951442,1
362715,1
112918,2
685557,3
216472,2
649599,3
230246,2
315507,2
737904,3
618110,2
900904,3
722116,2
428027,3
954755,3
140413,2
410276,3
562318,1
455223,1
239771,1
282965,3
143794,2
908605,1
762153,1
143352,1
378924,2
583682,2
91692,3
327765,2
150994,2
156036,2
417205,2
167739,3
163144,3
1025677,2
28542,1
456649,1
678202,3
691015,3
295087,3
12460,2
918962,2
693958,3
398819,1
508658,1
697921,2
563606,3
872852,3
720561,3
309692,2
555993,3
802848,1
632345,1
373935,3
1026939,2
195358,3
433663,1
434197,3
688812,2
353656,2
909429,3
203041,3
146534,2
638063,3
335648,3
396878,3
960638,1
141035,2
991943,3
118933,2
572235,1
1029730,2
658144,2
332514,2
1046578,3
667451,2
701763,1
390994,2
644361,2
509058,2
454312,2
588377,2
724002,3
219966,2
21330,3
516581,2
471196,2
611051,3
157735,1
938227,2
204377,1
842201,3
980656,3
598707,2
10513,2
865738,3
204118,3
361524,2
632140,1
884741,3
583255,3
1039605,2
550460,3
630178,1
902293,1
537042,2
327652,3
522657,3
624160,3
439968,1
105154,2
606089,2
976079,1
999060,3
812390,2
428123,3
34010,2
477571,2
407449,3
838475,1
623546,1
1003042,3
132482,1
597469,3
720313,1
169459,1
403430,1
219325,3
708333,1
706259,1
170900,3
433944,2
47561,2
679446,2
622666,3
810829,3
22317,1
79458,1
672089,3
1049708,3
244495,2
101900,2
210094,3
195824,1
947083,2
279841,2
41439,1
381461,3
557410,1
749101,2
715651,3
775359,2
1008920,3
775251,2
132719,3
400031,3
732205,1
556381,2
175475,1
117772,2
575761,1
917831,3
35920,1
15957,2
612071,2
204196,3
594070,2
534972,1
601816,3
497049,2
802404,3
301864,3
435221,1
302170,3
882805,1
709736,2
204399,3
825776,2
700968,2
750821,2
647307,3
674663,1
624100,2
498681,3
483482,2
1048989,2
253197,2
421757,3
579704,3
670359,2
350192,3
63093,3
1045277,3
937304,3
960855,2
667644,3
922609,3
121127,3
139038,1
757275,3
785067,2
878146,2
991934,2
295024,2
443360,3
314264,2
1018012,2
903970,3
492319,2
969444,3
482542,3
733680,3
119174,3
230103,2
642823,2
1042911,3
151296,2
889169,3
135490,2
957131,2
93401,3
74769,3
117572,2
845467,3
905400,3
228862,2
308492,1
412495,2
259415,3
667686,2
831532,2
70451,3
534531,3
194489,2
940706,2
823719,3
897631,2
812532,2
414947,2
362083,2
571510,3
456485,3
666783,1
232743,3
431944,2
142388,2
165950,1
1014363,2
257305,2
477270,3
50728,2
153395,2
287821,3
695528,3
808061,1
772978,3
66251,2
380933,3
863415,3
386748,2
893762,3
250800,2
474970,2
964000,3
216204,1
324912,3
817550,1
979882,2
980714,3
239787,3
467958,2
965111,2
768121,3
381068,3
793787,1
622889,3
712738,2
993432,1
847848,2
939196,2
410331,3
806833,3
325303,3
51741,1
598046,3
120629,1
309463,1
370042,1
1037358,3
21779,3
824170,2
342278,3
515496,2
657435,2
19282,2
414671,1
941783,3
192392,2
378950,1
298104,1
975478,3
773241,1
1017191,2
199390,2
35252,3
676560,3
81639,2
728507,2
445058,2
803938,3
15521,2
249887,2
856607,3
974187,3
177667,2
990281,2
857446,2
223434,1
455858,3
96598,2
791863,3
308935,1
676284,2
234755,2
620106,3
1005658,2
622808,3
832897,3
768510,3
822100,3
1018169,3
291882,1
461709,3
173214,3
888147,2
103501,2
880026,1
372362,3
642996,2
771328,1
44375,1
94834,3
173532,2
98623,2
67989,3
750416,3
37859,3
246993,3
149341,3
344341,3
291597,3
735308,1
970004,2
970346,1
224460,3
136353,3
741100,3
231056,1
272590,1
706360,2
204642,2
350120,2
1001293,2
967278,3
623556,3
725252,1
238650,2
179451,3
616990,2
140604,3
910585,3
399042,2
932963,3
7043,2
84808,2
108276,3
886332,2
1012846,2
369865,3
406228,2
102886,2
261666,1
688131,1
412212,1
431601,2
877982,3
916287,1
77550,2
514621,1
369022,3
870299,3
458146,2
975728,2
356579,3
515709,1
1036057,3
416777,3
658786,2
151887,2
724464,2
280060,2
1048985,2
120428,2
377756,3
795483,2
122641,1
955472,2
902834,1
972339,2
363432,2
1042327,2
15411,3
168275,3
980000,3
606934,1
390458,3
792076,1
233717,2
398702,2
847452,2
275190,2
54086,2
369485,3
167005,2
145550,3
140846,2
518028,3
1029314,2
166714,3
501427,2
796235,2
470775,3
261145,2
155015,2
327786,2
283803,2
225875,1
953536,3
506625,3
694712,2
680625,2
304679,3
544883,3
395550,3
275696,2
539379,3
202039,2
252491,3
504640,2
897829,3
861518,2
535190,2
983139,2
905955,3
669730,1
140153,2
231983,3
98658,3
903791,3
397071,2
107271,2
93864,2
679000,2
948733,3
154201,2
383226,2
758395,2
287814,1
200411,3
194838,3
870199,3
538764,3
804602,1
328797,3
801052,2
229659,1
446488,2
253966,2
575022,3
646925,3
231170,2
190256,2
408480,2
1035084,2
706503,3
210730,1
506452,3
802411,1
420933,3
580977,1
912588,2
810405,3
811954,2
708924,3
540559,2
417394,2
344955,1
926071,2
589462,2
131474,3
623315,2
986484,2
392562,2
648375,3
564117,3
597818,3
648684,3
486382,2
1020485,1
830692,3
732013,3
350147,1
446328,1
520140,3
626335,2
288070,3
801397,3
738350,2
859884,2
665945,3
186133,1
101707,3
840964,1
202500,1
418078,2
798686,2
47219,3
27449,3
231351,3
690385,2
753064,3
901283,1
585161,2
934898,2
1022326,1
770395,3
52731,2
880192,1
511119,3
505908,1
951254,3
671669,2
928132,3
538841,2
373331,2
61439,3
567182,2
420057,3
536269,3
990191,2
959525,3
59286,2
976617,3
862355,3
663684,2
94704,2
604298,3
871848,3
50862,2
765772,3
784976,3
280887,1
981485,2
810458,2
417496,2
945184,2
744792,2
60629,2
18538,3
789677,2
977797,2
423804,2
980278,1
932227,2
542480,1
327636,2
880489,3
81930,2
728648,2
927552,3
394703,2
281062,3
967803,2
749051,3
77345,3
345693,2
365795,1
432576,3
874961,3
166079,3
930652,3
277237,3
394303,2
578516,2
1024165,1
529212,2
138953,2
498386,2
959096,2
466022,3
222853,1
959369,3
962477,3
970676,3
793813,3
663847,3
522726,3
637892,2
341242,3
595874,1
869569,2
39820,3
898005,2
120860,2
588674,3
70845,3
905627,1
1022191,3
511891,3
864388,1
57717,3
801144,3
813762,2
45146,3
468253,2
940810,3
910514,2
208172,3
1038387,3
1000401,2
378661,2
537782,1
101358,3
279479,3
40601,3
340064,3
1025788,2
837348,2
389880,3
179690,3
767131,2
598119,3
556553,3
707097,3
591933,3
772653,3
96205,3
106576,1
285884,2
188904,3
62634,3
324049,2
183728,3
713007,2
479868,2
451640,3
363335,3
106348,2
879652,2
215401,3
39463,3
432597,3
362019,3
359087,2
807959,3
894272,3
231051,2
5596,2
430036,3
439279,2
20797,3
213247,1
462286,3
74084,2
78464,3
903816,1
811946,2
161292,3
162745,3
193010,2
352326,3
507568,3
577291,3
601269,3
515370,2
933153,3
22391,3
695135,3
699887,3
474690,3
1028183,1
464821,2
977059,3
199613,1
67968,3
540837,2
620658,2
636247,2
255681,3
28503,2
448324,3
544214,3
366826,3
146508,2
845352,1
804834,3
568734,1
596159,3
212934,2
429083,3
992232,3
257131,2
603946,3
1016828,1
361705,3
153301,2
599534,1
738862,2
867731,3
387316,2
357888,3
447521,2
130319,3
318485,3
454885,2
762102,1
659789,3
1051467,2
1038911,2
1012926,1
880700,3
568037,2
468349,2
573991,2
616948,3
589113,2
164814,3
248111,2
816581,2
782363,2
658945,2
185574,2
723399,2
362575,2
939408,3
877679,1
614773,3
1034022,2
510760,3
869307,2
409912,2
261863,2
126278,2
224675,1
590583,2
969250,3
800472,3
898963,1
718719,1
382790,2
294714,2
285429,3
450236,1
648999,3
361800,3
340648,3
787708,1
813770,1
377563,1
88916,3
299044,2
355470,3
1041356,2
717758,2
530239,1
132366,3
143624,3
970431,3
210231,2
571992,3
311264,1
366798,2
1007934,1
237410,3
717609,1
442738,2
147226,2
90119,3
137082,3
255821,3
987066,2
160956,1
977592,3
286761,2
845920,3
1035223,3
41979,3
217453,3
615457,3
650360,1
716211,1
893378,3
633864,3
621854,2
444975,1
340983,2
776404,3
774684,3
69978,3
671346,2
578542,3
305555,3
532558,1
112373,2
501385,3
822030,2
917468,3
530737,3
648634,3
706449,3
64571,2
641256,3
800670,2
1031715,3
411531,3
944234,1
114586,3
779659,2
579279,2
517287,3
166633,2
387609,1
568698,2
686509,2
5000,3
97651,3
889443,3
640862,3
348799,2
491775,3
436295,3
658524,3
983893,1
766896,2
146918,2
58345,2
24909,3
63169,2
161526,2
426035,3
543056,3
765228,2
432816,1
542252,1
114023,2
633718,1
330627,2
29076,1
964497,2
619582,2
600713,1
755564,2
565240,3
210551,3
968374,2
193965,3
931010,1
336953,2
906843,2
84587,2
2265,1
463785,2
1012087,1
720381,3
658638,3
630848,2
642713,3
539441,3
863866,2
1002608,2
640366,2
1179,2
1038469,2
954294,2
98445,3
1021842,2
172798,2
779895,3
820605,2
1017112,3
290300,3
740331,2
353998,3
294604,1
776542,3
34433,2
1018848,2
186545,2
756761,1
673100,3
911912,3
311000,1
346233,3
97532,2
1032193,2
580003,3
740480,1
634809,3
43969,1
307208,2
30495,3
81541,2
803586,3
235867,2
865906,2
312130,1
639491,3
169223,2
266345,3
681053,2
43006,3
36200,3
940433,3
1030958,1
773987,2
38540,2
865062,2
839169,2
35776,3
764378,3
737733,3
1036551,1
681655,2
882300,3
557369,3
322039,3
302654,1
716085,2
207887,3
775719,2
430217,3
203349,3
517670,3
375266,3
920617,1
1021428,3
449639,3
293039,1
851757,3
529486,1
976961,3
964392,2
815109,3
614967,3
71738,3
639240,2
132813,3
888172,3
300201,2
49473,2
540867,2
143143,2
1030265,2
1008679,1
122383,3
1043714,2
668678,1
854640,2
299511,2
24089,2
865279,3
223415,3
1012436,3
249594,2
766649,3
899286,3
616805,1
891775,3
1020359,3
861100,1
578061,1
397115,3
1026536,2
232274,3
728164,2
944205,1
493175,2
507449,2
278224,2
139054,2
921851,1
601144,2
141130,2
953453,2
74102,2
859231,1
248614,3
386070,3
617685,2
700093,2
372303,2
752923,3
825333,2
179787,1
141742,1
237113,1
1020540,3
85047,3
516911,3
245201,3
756322,3
256653,1
408368,3
805084,3
248971,3
751122,2
32272,3
910181,3
320205,2
949012,3
952448,3
431338,2
342451,2
1014216,3
528326,2
734001,2
25965,1
613756,1
160895,3
135253,3
933075,2
314640,2
534466,2
715718,2
820925,2
400832,2
479799,2
233835,3
411725,1
645996,3
480775,1
987991,3
1042662,3
1014552,1
699348,3
110572,2
644430,2
309313,3
295519,2
175869,3
960730,2
918789,3
252146,2
780441,3
318907,3
636306,2
381653,2
500342,1
312276,1
378118,2
901538,2
385995,1
351502,3
674096,1
881192,2
567597,3
785213,2
536264,2
320772,3
844743,3
835579,3
122944,2
649169,3
725277,1
714418,2
995969,1
827233,3
408432,3
245284,3
83702,3
107392,2
905200,2
513080,3
65724,3
48338,3
753057,3
422478,1
621870,3
428914,3
998149,3
628943,3
186749,2
770308,2
306211,3
524802,3
1026809,3
639324,3
829310,3
568211,2
493422,3
599950,2
916381,3
797884,2
756494,1
425488,3
701407,1
929501,1
470698,2
518192,2
783184,2
100867,1
213565,3
907813,3
1711,2
328786,1
180929,3
114964,2
399728,1
580766,2
129327,3
174216,2
995897,3
888908,2
296375,2
550283,3
574398,3
245158,3
494645,3
414920,2
116505,2
970556,3
498318,2
377507,2
989853,1
474959,3
566033,2
713059,2
763196,1
527251,3
286100,3
660593,2
776942,3
156258,2
500384,1
601884,2
310666,3
98921,2
980341,3
1035998,1
330655,2
837899,3
231735,1
675179,3
171927,2
336964,3
18357,3
359336,3
618892,1
367192,3
1027075,3
67331,3
43961,3
66076,3
219748,1
718862,2
796926,2
1001296,2
905592,2
790009,2
702600,1
542244,2
317767,2
719991,3
743040,2
176643,2
86371,3
504286,3
166447,3
480409,1
463893,1
977744,3
255487,2
757907,1
916101,2
951014,2
666515,2
760542,2
147199,2
696649,3
666474,1
155267,3
553162,3
239044,1
741920,3
548148,3
2219,3
717229,2
798970,3
852470,2
770422,2
326567,1
77197,3
891354,3
404150,2
810053,3
929799,1
645467,3
788370,3
498343,2
173540,3
17720,3
211887,3
75881,2
120554,1
202171,3
91060,1
307015,3
426747,2
1034750,3
492280,2
302026,1
526602,3
493990,3
28695,3
33164,3
79299,3
763686,3
357299,2
911803,2
80310,3
748246,2
431826,3
585213,2
232773,2
640770,1
1052498,3
491237,2
764347,2
56089,2
218244,3
779995,3
976624,1
611001,2
526726,3
35554,2
1038747,1
645852,3
854875,3
238140,2
455813,1
360262,3
899282,3
598010,3
189008,2
631947,3
1010779,2
788080,2
8744,1
284146,2
536724,3
374688,2
338746,2
644379,2
125104,2
187052,2
589134,3
844749,2
347766,2
153256,2
710555,3
444447,3
793305,3
411778,2
181856,3
975667,3
604151,2
374358,2
531212,3
393912,3
331250,2
1042759,2
25937,3
350429,3
539785,3
557761,3
159768,3
845547,3
626818,2
417519,3
841446,3
379396,3
363423,2
394375,2
93724,3
635949,3
225774,1
180610,2
541079,1
924969,1
574583,3
551566,2
635458,1
379867,2
501003,2
65502,2
185141,2
713181,3
503067,3
77021,3
107635,3
737629,1
221595,3
6798,3
477895,2
1028865,2
540441,1
628305,3
653520,3
855217,3
395088,3
579060,3
1022752,1
701272,3
137062,2
617509,2
955427,2
646212,2
383332,3
63699,3
310939,2
952424,3
112493,2
286679,2
856132,3
389027,3
273729,3
621890,3
969762,2
389628,3
204554,1
923989,2
891302,2
842480,2
1027181,2
142676,2
413878,2
497061,2
532323,3
309765,3
968357,3
217941,2
792176,3
822830,2
611764,3
567241,3
653726,1
224441,3
366619,2
119806,1
774402,2
934621,3
442855,1
702141,1
400158,3
845520,3
89149,3
518449,1
332042,1
129123,3
209739,3
411409,3
664398,3
171024,2
328621,2
694474,3
534567,2
1009753,3
133193,3
211756,2
764766,1
765054,2
387260,2
187126,2
502079,2
63978,2
662544,1
465392,3
750198,3
36631,2
936130,3
38912,2
147472,3
674377,3
340769,3
793250,2
680115,3
503933,2
317783,2
192428,2
746570,2
536431,2
487079,2
555723,2
200206,2
728829,3
168676,2
749377,3
419744,2
677413,3
1026890,2
118647,2
699804,3
676829,2
239333,2
1042901,2
31772,3
167700,2
771666,3
508412,2
166141,3
512698,3
290855,3
516933,3
896442,1
978409,3
580080,3
9137,1
208593,2
348245,2
842587,1
1030458,2
887128,3
731251,2
493096,1
896047,2
89313,2
670697,3
60915,2
143822,2
413573,2
195483,2
492766,1
781570,2
102074,2
478008,3
434726,3
504364,3
124330,2
364504,1
51621,2
349496,3
328485,2
44722,1
1015861,2
489191,1
286142,2
465151,1
551498,3
376747,3
943445,3
73665,1
43063,3
555168,3
188857,3
228780,3
618712,2
908046,3
1033703,1
806224,3
229311,2
1031572,3
954792,2
141811,2
78220,3
95588,3
859755,3
750574,2
922068,2
481066,1
1048788,3
173190,1
43431,2
123927,1
764534,1
456267,2
916129,2
817373,2
642173,2
996682,1
895226,2
1027837,3
526935,1
735177,2
994245,3
616536,2
457656,2
356437,2
581709,3
855021,2
183559,3
587186,2
484784,2
272996,2
841277,2
40528,3
850395,2
575633,2
107546,2
251178,1
130733,2
593331,2
444846,2
930340,3
392496,3
306978,3
71224,3
152015,1
424107,2
860099,1
848472,1
206481,1
966781,2
48368,2
706873,1
231163,2
697844,3
475298,1
42456,3
870318,3
326047,2
409651,2
898419,3
875662,3
990475,3
415143,2
730855,3
244774,3
512295,3
666449,1
1003794,2
774249,3
141550,2
44237,3
451112,3
5314,1
985092,2
206088,2
755882,2
751691,2
916621,2
883726,2
816691,1
168396,2
595678,1
724588,3
723761,2
841253,3
193464,3
833806,3
701502,1
617617,3
603059,1
668799,1
24018,3
9680,3
396395,2
317954,1
126412,3
130206,3
194135,2
670299,3
846828,3
355694,2
1017745,2
980443,3
183026,3
1009482,3
203069,2
832271,3
376766,3
98859,2
613914,3
1012800,3
381587,2
960416,3
157653,1
160857,1
555956,2
987635,3
112235,3
18802,3
1003072,3
664584,2
894590,3
867224,2
679852,3
683818,1
58603,2
963558,3
752731,2
683927,3
444767,3
408506,2
481172,3
491807,3
26361,3
1000028,1
238454,2
450766,2
703216,2
931353,2
988898,2
298516,1
174355,3
874433,3
999647,3
665752,3
530641,1
904361,2
899444,3
625887,2
187806,3
139255,2
795786,1
775051,1
941175,1
839489,3
110251,2
868201,2
892699,3
869069,2
279653,2
206564,3
805525,1
756896,1
779731,1
453865,2
1042334,2
182480,2
570352,1
428636,2
701586,2
348332,2
13612,3
485598,3
12501,3
787293,3
88813,3
1027169,1
453408,2
451983,3
947208,2
315893,2
887896,3
969745,1
310980,2
915021,3
154761,3
492494,3
633893,2
33314,3
471306,2
371058,1
301760,3
470221,2
330886,3
842254,3
451229,2
1000399,3
559663,2
510341,3
1025913,3
744724,2
349092,2
369534,3
581825,3
1027845,1
825221,1
804131,3
817797,3
916474,1
480266,2
930744,2
332770,2
1008662,3
844137,3
838701,2
326049,3
884374,1
329573,3
437373,2
850184,1
262033,2
906727,3
72504,1
998175,3
844693,3
860899,2
53295,2
465474,1
270802,2
114583,2
596023,2
881151,2
1030042,2
231141,2
580464,2
71479,1
529348,3
697641,3
807111,3
52820,3
840694,2
611961,3
68214,2
315564,2
593354,1
217918,3
17707,3
553910,2
227857,3
623321,2
391793,2
498518,1
32867,1
803816,1
617792,3
553789,3
340651,2
161213,2
6680,2
808855,2
489422,3
327190,2
774870,2
779989,3
79699,3
755843,2
221378,2
897143,3
574212,3
61338,2
378261,1
705440,2
1030838,3
604966,3
75540,2
101474,2
967226,3
1022529,3
156990,2
56667,1
779579,1
873740,1
409305,3
800129,3
625618,3
837028,3
861995,3
984114,2
860100,2
470691,3
713961,1
41424,2
346280,2
1950,3
133833,3
184152,2
1045290,2
663337,2
218927,3
288221,1
371758,2
684754,2
941781,2
776185,1
410908,2
972356,3
960089,3
984216,3
569478,3
820887,2
980663,3
406393,3
299444,2
886494,3
172275,3
601724,2
474748,3
468502,2
941362,3
608540,2
133163,2
651264,3
864868,2
1006990,1
809768,2
570071,3
366949,2
445935,3
851500,2
566765,1
189479,3
406347,2
329363,3
431695,1
341061,2
278544,2
340516,2
823520,2
69655,3
222751,3
924704,1
207387,3
902877,1
486067,1
615928,1
436532,3
607697,3
77890,1
436210,3
255098,3
771910,3
79884,3
116376,2
47793,3
559168,2
302419,2
865307,2
664989,2
741121,1
46640,2
367672,3
724442,3
83649,2
337433,2
878302,2
647049,3
129223,2
179314,3
538627,3
765177,3
38718,1
780527,3
439073,2
377068,2
1037192,2
162643,3
837661,3
416615,2
282649,2
732038,3
427376,1
228335,2
867218,3
864280,2
750705,1
991121,1
898060,3
371745,2
313347,2
102383,3
958207,1
306649,3
671563,2
261713,3
338884,2
30435,1
557742,2
769187,3
88654,3
358442,2
694789,2
656383,3
478077,3
843080,2
264856,3
540087,2
182122,3
749198,1
300642,2
274493,2
333456,2
493451,3
977281,3
118554,1
75212,3
263132,1
750677,3
257138,3
515055,2
567514,2
882798,2
578894,3
377788,3
362565,2
596059,1
233886,1
289151,3
956100,1
937180,1
500942,2
434105,2
816226,2
470807,2
392627,2
896728,1
813585,1
383720,3
1052635,1
501553,1
441233,2
712571,2
896976,2
83740,1
1037038,3
651362,1
152936,3
341416,2
138885,2
600312,1
335686,1
176967,3
759966,3
589205,3
927582,3
531110,2
664237,2
401163,3
480766,2
495675,2
754205,1
995153,2
6955,2
287388,1
734438,3
969591,2
662649,3
315394,3
349591,2
502788,2
938105,3
27013,2
1039423,3
783183,3
682122,2
458518,2
383748,1
539894,2
262221,2
66646,3
243923,1
331737,1
471822,3
447059,3
513707,3
608108,3
878832,1
349564,1
140908,2
986193,2
730902,2
725768,3
671558,2
896220,3
403972,2
606905,3
829929,3
223591,2
279363,2
408755,3
159253,3
535978,3
152267,2
360950,2
939825,3
160870,2
201058,1
678762,3
33235,3
437917,1
588031,2
188952,2
716736,1
695271,3
212623,2
116772,2
48705,3
809555,2
525421,2
897748,2
337342,2
699983,1
170448,2
464262,1
757386,3
134947,2
642626,2
99053,3
353875,3
1045822,3
907920,3
1022154,2
902775,3
762525,2
334045,2
634947,2
863537,1
825948,3
596653,3
752412,3
274491,2
718533,2
825103,2
753553,3
803372,3
1039611,2
559672,1
219917,1
270492,2
37316,3
299276,3
350533,2
947377,2
254240,1
634730,2
949166,3
784018,2
469306,1
5226,3
488766,1
282993,2
127313,3
1045354,2
410684,2
132359,2
174044,3
452523,3
1048811,2
579792,3
223332,3
53179,2
94508,3
954375,3
1025968,2
834553,2
468008,2
392342,2
543119,1
959133,3
524998,2
373011,3
115442,3
336717,2
687896,3
791181,2
720907,3
1002260,3
354796,3
164396,2
387113,2
825315,3
58362,3
146637,3
867967,1
614673,3
992163,1
1006852,3
231755,2
694723,3
634786,1
990208,3
744861,2
623053,3
653709,2
895949,3
236381,1
510737,2
217649,2
995388,3
849586,1
585124,3
670005,2
307896,3
73403,2
242924,3
634828,1
782619,2
13233,3
587963,1
1022197,3
366856,2
496093,3
46451,1
775519,2
148990,2
488096,3
664528,3
22906,3
182264,1
521970,1
716066,3
536487,2
245437,2
663497,2
536357,3
57783,2
265671,3
550822,2
24879,2
801217,3
989758,1
72057,1
725086,3
802624,2
721107,3
92411,3
204539,1
221275,3
177146,2
85410,3
657369,3
845815,3
123114,1
309806,1
810355,3
411627,3
574945,1
700845,2
1044217,3
326457,1
103915,2
251400,3
922632,3
877381,3
602714,2
432818,2
59487,1
576725,2
756115,2
284151,2
264954,1
309552,1
792460,3
42738,1
267027,1
447934,2
651225,3
98556,3
1009777,1
336385,3
403597,2
731794,3
5786,3
255575,1
256171,2
353278,2
226635,2
945868,3
352305,3
623140,2
115279,3
969377,2
425806,3
735252,2
250180,1
618263,3
556626,3
102202,2
835580,3
97544,1
988473,2
310701,3
433933,2
563946,1
43839,3
566770,2
33816,3
23486,2
880579,2
340061,3
942988,2
4214,2
837672,2
960352,1
1039632,1
365945,2
184470,2
147488,3
1003848,2
811775,2
537127,3
272751,2
618490,2
799431,1
17473,3
840271,3
59276,2
175081,1
167484,3
670240,2
29554,2
907012,2
631337,1
998690,1
12651,2
547115,1
449963,3
2985,3
31147,3
837642,2
502967,2
860331,3
262370,3
336444,3
1045685,3
397834,2
637567,3
953,3
92521,2
702062,3
582428,3
992773,3
810614,2
950389,2
851720,3
757303,2
110761,2
937348,3
571750,3
878254,1
606086,1
882909,2
717226,2
425949,1
67600,2
471484,3
357500,3
296982,3
897680,1
686696,2
410306,3
215097,2
721582,2
571965,2
342106,3
1904,3
349708,2
298013,3
673492,1
647929,2
517585,1
792216,2
728231,3
954872,1
331726,3
139307,2
416,2
428922,2
383321,3
143578,2
854806,1
405934,3
303572,2
635651,3
602850,2
1049404,2
698967,2
403194,2
483819,3
719089,2
58084,3
594557,2
91524,1
853183,3
807477,2
136762,3
761780,2
649287,2
249318,3
717617,2
522329,3
956059,1
302045,3
858670,2
579373,3
768892,1
1007332,3
54323,3
90704,3
582224,3
23872,2
542510,2
518883,3
86057,2
767003,3
482578,3
1009571,3
917003,3
650307,3
879584,2
75793,2
237921,2
877114,1
492038,3
8054,3
623501,2
394241,1
980624,3
533786,2
618315,2
820964,3
293552,2
289852,1
268555,3
707184,2
264271,3
67150,3
440888,3
598486,3
213983,2
1034121,1
608489,3
1034256,3
900697,2
33799,1
46981,3
2156,2
13008,3
203942,3
14824,2
826807,3
752322,3
697395,1
271090,2
748485,2
492263,3
28854,2
27182,3
661176,2
906730,2
55244,3
103689,1
406968,2
813929,2
975971,2
968241,2
979967,2
615990,3
268832,1
3013,1
435281,2
27715,2
1025850,3
988571,3
226552,3
1033529,3
1052119,2
452172,2
40126,3
999072,3
90090,3
704315,3
683544,1
820171,1
54389,3
1024869,1
451566,1
32704,2
1033953,2
367564,2
73534,1
77927,1
333871,1
905008,3
671799,2
967374,1
779103,3
962624,3
346082,2
357851,3
176593,2
342317,2
727261,2
1002738,2
496856,3
789827,3
880712,3
191734,2
710728,3
982782,1
868276,3
938047,3
159823,3
244515,3
573571,2
680655,2
549564,1
348328,3
323800,2
535709,3
214906,1
403527,2
944672,2
121297,1
145610,2
713401,3
271865,3
952772,3
135665,2
1042290,2
570110,1
417582,3
364710,1
392739,2
485114,2
106548,2
776706,2
702669,1
264936,3
141053,2
585978,3
893300,1
709426,1
218759,3
226548,1
242973,2
619530,2
255424,1
545735,2
643488,2
354432,3
470426,3
702691,3
681710,3
546166,2
615981,2
914567,3
434905,2
389988,3
541943,3
711600,3
28582,1
955539,3
615500,3
900011,1
957158,3
169114,3
970403,3
201916,2
779027,2
107130,1
974682,3
138492,3
354476,1
481288,1
1037773,2
473249,3
585874,2
999974,2
462447,3
877019,2
161190,2
490622,3
179419,2
183595,3
478021,3
583495,2
49550,2
763227,3
492329,2
651059,2
458532,3
487947,2
568410,1
47765,2
720336,3
935432,1
206362,2
438917,2
395300,2
801514,2
981912,3
101297,3
470852,1
815830,2
655622,1
668414,2
555221,2
549697,2
1033603,2
400393,2
179508,2
359300,2
851066,3
961771,1
62732,1
155019,1
415810,2
716928,3
899345,1
989301,3
686570,3
573503,1
657337,1
477917,2
929403,3
144335,3
75020,3
668524,3
904465,3
369420,2
724655,3
654195,2
193575,2
364826,3
245762,1
523246,2
456652,3
347380,3
14799,3
948199,3
56525,3
931660,1
433124,2
90949,3
136976,3
847527,3
907413,2
286536,2
129069,3
655497,3
923629,2
845157,1
134830,3
540876,2
971589,3
258056,2
335422,3
26780,3
32932,3
308383,2
92081,2
457520,3
496804,3
833896,2
507989,2
660553,1
550906,2
581006,1
957756,3
989816,3
530526,2
642604,1
194084,3
565414,3
1043069,2
598957,2
449651,3
417747,3
686251,2
42863,2
523099,1
929039,1
498439,2
950162,2
792953,3
538588,2
184704,3
321664,2
243063,1
207699,2
366098,2
679454,3
1035675,3
313629,2
43248,3
124711,2
596790,2
999437,3
341611,1
406714,1
259233,3
207875,2
883502,2
794298,2
963071,2
774038,2
581642,3
522354,3
849543,3
130540,3
746357,2
295171,1
758215,2
847231,2
458693,3
342091,1
975250,2
269580,3
612192,1
266527,1
652053,2
861025,1
682002,3
93678,2
72907,2
720567,3
94707,1
143979,3
447011,1
927899,3
57744,3
180426,3
887757,3
35724,3
416481,2
60413,3
165672,3
424191,2
273991,1
520905,3
296654,2
898715,2
652470,3
406069,2
838929,2
819949,2
252572,3
523587,3
415415,3
396995,3
349378,3
546495,3
512095,2
95732,3
372023,2
809237,3
66690,3
358395,3
499321,1
808427,3
728717,3
890819,2
46340,3
420074,2
856778,3
836163,2
306569,2
804822,2
624392,3
568050,1
645478,1
908380,2
807796,2
6861,2
141716,1
884592,3
880799,1
438028,2
215919,2
802456,2
409764,2
228167,1
71919,3
1000676,3
20873,3
231749,2
826004,1
876779,3
456850,3
417268,3
941560,3
712073,3
1043631,2
577292,3
828546,2
52276,3
619670,3
427217,2
334528,3
122968,2
787050,2
622575,3
22132,3
640748,3
326449,2
956616,2
559734,2
95421,1
457024,1
776307,3
602078,3
1020562,2
496349,2
760752,2
1003517,1
157839,2
16420,3
925225,2
446383,2
871197,2
698062,2
946680,3
878751,1
308310,1
628651,1
281390,1
1000042,1
571617,2
664933,3
946430,3
182609,2
86630,2
361588,3
353258,3
194592,3
1007011,2
885692,2
778001,3
888932,2
167074,2
639519,1
633016,2
48575,3
808235,2
804411,3
242164,3
607915,3
483357,2
771698,2
799007,2
985794,3
892426,2
137364,2
722778,2
111932,1
686919,2
352665,3
788694,2
894924,3
910398,2
871449,3
722598,2
782559,3
677901,3
849595,2
485779,2
778625,1
166152,2
854374,3
952066,1
772877,2
72500,3
367293,2
588303,1
456465,3
532887,1
193865,1
465410,3
943966,3
355111,2
96578,1
323481,3
723438,3
810276,3
314698,1
569499,2
889103,2
617582,3
31338,2
753502,1
31882,3
637042,2
526812,3
711206,1
285873,2
909640,2
787914,3
260598,1
886258,2
379338,2
710469,2
249620,2
177091,3
167531,3
701158,3
92213,3
8700,3
11288,3
443035,3
157080,3
598667,3
813391,1
499390,3
37578,3
403285,3
963300,3
274218,2
60494,1
280881,1
995470,3
34858,1
683860,2
310457,1
679138,2
233770,1
672718,1
1026358,3
551072,3
854820,1
839670,3
786935,2
109680,2
823264,3
15607,3
464539,2
58845,3
319128,3
571190,3
3359,1
36736,2
567224,3
117099,3
448689,2
142753,2
925079,1
769566,3
159522,3
729383,3
635206,3
1042043,2
249452,3
968636,3
187015,1
832017,3
63827,3
239221,3
303437,1
497224,3
796673,3
100641,2
308413,1
898693,3
957304,2
187137,3
322744,3
132028,3
968389,2
315852,3
307036,1
950570,3
58372,3
1051868,3
107398,2
435594,3
64764,2
46418,3
701563,3
727442,2
341852,3
179891,1
939502,1
530895,2
415560,2
122840,2
121717,3
235091,3
895696,3
135139,1
763944,2
1051644,1
155833,1
687080,3
369405,1
881753,3
393161,2
127035,2
181261,2
316966,2
93191,3
162531,2
920708,1
276971,3
540664,3
758105,3
123400,2
365028,2
1015499,2
454034,2
382949,3
693776,3
171331,3
982372,2
531880,1
592159,2
25931,2
741106,3
573546,1
702724,3
916982,3
303702,3
770198,2
342699,1
471526,2
236724,3
1006300,1
136379,2
479896,3
861481,2
797801,3
258035,3
648555,2
624699,2
893329,2
971500,2
596211,2
731150,2
267999,1
757782,1
1049255,1
307998,2
321929,2
340600,2
669574,2
692338,3
880855,2
801060,1
680526,2
941550,2
728687,2
245379,3
30352,2
550913,3
874208,3
414869,3
1051757,1
780962,1
631433,2
694493,3
775028,2
731100,2
870097,2
131017,3
1012381,2
888420,3
413101,3
752488,1
737996,2
200535,3
206701,2
872542,3
35047,2
885346,3
612010,3
51046,3
581800,2
416740,3
143750,3
359934,3
43932,2
520823,3
658206,2
662856,3
76883,3
460982,3
958898,2
1012494,3
46092,1
578248,1
309652,3
1020346,2
689881,3
861780,2
480207,1
937296,3
855564,1
148273,2
391812,1
686051,1
1035337,3
935287,2
95977,2
694779,2
1032095,3
196561,3
902868,3
494986,2
509408,2
294631,1
473462,2
943571,2
182983,1
540629,2
988548,2
446735,2
601748,3
519376,3
918778,2
93629,2
850356,3
287231,2
917303,2
787204,2
524248,1
760243,2
920816,2
526998,3
521288,1
469397,1
806457,3
952362,3
522626,1
446156,3
637417,1
89567,1
134310,3
727119,3
1013126,2
551919,1
789715,3
411431,2
887019,3
377373,2
692988,3
218802,2
518230,2
318547,2
190639,3
934482,3
916840,2
247084,2
111197,3
50868,3
897289,3
840492,3
435031,2
1031803,3
433544,3
694727,1
323476,1
86575,3
1035841,2
662648,2
31316,3
523281,3
999249,3
215357,3
3351,3
611971,3
231218,3
521442,3
476432,2
359945,2
478804,2
619536,3
497158,3
5037,2
211136,3
108863,3
723338,1
240492,2
1015001,2
224343,1
902070,2
426017,2
182928,3
39778,3
300465,1
348986,3
322604,2
99405,3
728285,1
427513,2
581272,2
647274,3
557673,3
231987,3
185806,3
632655,3
829118,3
258150,2
227316,3
362486,2
193819,3
563871,3
68709,2
1017814,3
937498,2
1012619,3
833249,2
174062,3
742658,2
72562,2
637127,1
779303,3
552363,2
483260,2
231356,3
1037572,3
906494,3
92685,3
687834,3
576702,3
568720,2
249259,1
378378,3
44475,2
305323,1
80273,2
757455,1
241725,2
355103,2
717211,2
37460,3
220977,3
246624,3
511909,3
721576,2
459777,2
140365,2
704290,3
39360,1
286276,1
785919,3
115060,2
357765,2
591412,3
985583,3
660313,2
14612,3
6040,3
114442,1
537615,3
27381,3
437500,2
771839,2
714120,2
1016240,2
190898,3
913180,1
643771,3
267803,1
938641,1
461240,2
197103,3
436412,2
29161,1
506397,3
90563,2
227954,3
249554,3
450568,2
412396,1
788247,3
705592,2
156147,3
899855,2
752290,3
172704,3
260338,3
803490,1
837551,3
816915,1
343070,3
33760,3
461773,2
873958,3
818232,2
803952,2
458833,3
208733,3
575231,1
742238,3
311619,3
658385,2
967867,2
93926,1
462490,2
584185,3
143513,3
837787,3
74837,2
497444,3
1017457,3
604408,2
819457,3
453440,2
165559,3
349453,2
212654,2
794735,2
228654,3
861184,2
458077,2
649673,1
353982,3
901323,2
543777,2
585269,1
23228,3
121436,3
646866,2
794609,2
692009,2
790596,3
698924,3
263099,3
681514,3
552627,2
140294,2
90332,2
73015,1
999500,3
121600,2
820454,2
1006650,3
780187,3
176748,3
208175,2
390466,3
77812,1
762072,3
862161,3
108516,3
763040,3
124093,2
366055,1
301492,3
684767,1
615991,2
52387,2
662306,3
231381,2
319684,1
196050,2
267988,3
942324,3
132544,3
242090,3
13371,3
178170,3
430690,1
852086,2
524034,2
725745,3
668439,2
89120,2
689180,2
458233,3
954290,2
680230,2
607462,3
108521,2
198701,1
838003,3
652070,2
43325,3
567598,2
960353,2
56629,2
8389,3
615411,3
451709,2
735947,2
330448,3
664718,3
819087,3
221791,2
405914,3
22764,2
398533,1
638504,3
284842,1
872094,1
499550,3
697748,3
780349,3
934710,2
31742,3
906511,3
637100,3
468817,1
59272,1
145977,3
511196,2
984168,3
634032,3
61104,2
723676,3
765115,3
659183,2
244768,2
925873,1
1005811,1
1021608,2
428986,3
176044,1
682781,2
15489,2
138117,2
300096,3
487146,3
530267,3
633039,2
677762,1
359503,2
143835,3
230185,3
26169,3
651879,1
706380,1
44964,1
693915,2
503555,2
868721,3
1020161,3
298288,3
603149,2
175850,1
51857,3
919129,2
44238,3
489117,3
131482,2
228470,2
126953,2
872569,2
160322,1
871093,2
424713,1
355409,2
641938,3
635500,2
569785,2
790273,1
766266,2
396334,3
438940,2
277995,3
931401,1
258516,3
281478,3
879254,3
639038,2
401298,2
273515,1
980409,2
728674,1
250563,2
895597,3
142387,1
352400,3
371356,2
92560,2
835089,3
62084,2
393166,3
1026968,2
555682,3
354187,1
758153,3
847932,2
911832,1
556499,2
531550,1
380024,2
777114,1
730117,3
480254,1
246207,1
1050874,2
560848,1
831030,2
512351,1
121460,3
104518,1
392527,2
866311,2
896972,2
1017250,2
535519,3
868580,1
334282,1
152928,1
663881,3
1044364,1
77648,2
470486,3
402942,1
358191,3
180162,1
303275,2
848265,2
1027538,3
737549,2
1021496,2
567871,3
232089,3
463389,1
343737,2
257270,3
86960,2
795210,3
75975,2
635409,2
232043,2
523102,1
856555,2
998020,2
977269,3
840144,2
548023,3
907330,3
56065,3
560012,3
775537,2
181668,2
149785,2
126491,1
740994,2
1047835,3
231257,2
70286,2
460086,3
533588,2
458581,3
151593,3
433272,1
1030286,2
958530,2
841852,2
451970,1
988836,3
92421,3
417109,2
65930,3
864112,3
416460,3
726283,2
292708,3
426627,2
434996,2
723136,2
846895,2
449759,2
85893,3
802638,2
893788,1
1019378,3
975043,3
614926,2
1050096,2
613886,3
665540,3
435196,3
693232,2
900362,1
239479,1
981634,2
646842,1
71098,3
64527,3
85615,3
316490,2
63747,2
596559,2
369185,2
194316,3
870968,1
845528,3
157899,3
135043,3
365092,3
105058,3
743165,3
387513,1
417069,1
882796,2
662148,3
113936,1
664658,2
961787,2
1011131,3
747084,3
924278,2
470214,1
840924,2
213595,1
153086,1
153678,3
42795,2
869664,3
703279,3
34197,3
661955,3
648315,3
749853,3
297966,1
30578,1
961516,3
451399,2
1004435,2
227675,1
544100,2
1047181,3
1004218,3
685465,2
288056,3
443269,3
271693,3
558943,2
443943,3
593195,1
598350,2
690559,3
225185,2
433735,2
1011536,2
261675,3
880420,2
269108,1
168762,2
419489,1
372154,3
730455,2
121255,2
1006386,3
911676,3
491115,2
717167,2
932166,2
263293,3
833927,3
1051447,3
457685,2
158764,1
480287,2
713357,2
908663,2
788461,3
578823,2
917229,3
995321,3
447625,2
545226,3
937949,2
529943,3
617089,2
1042044,2
493685,2
772351,2
780750,1
199327,1
563359,3
763126,1
119178,2
1021080,2
661970,3
930561,3
1017381,3
918948,3
93326,2
92295,3
52968,2
190577,3
233842,2
199536,2
893248,3
584862,2
147094,1
654900,2
767152,3
792014,3
1040912,3
436948,3
821968,3
477040,3
211642,2
843528,2
520489,2
930436,2
993222,1
350973,3
705427,1
581377,1
257867,1
409509,2
650259,2
253395,1
307226,3
342508,3
544843,1
824697,2
474318,2
3716,2
153588,2
87171,2
707174,1
208546,2
824238,2
84855,1
1024256,2
902180,2
643382,2
289680,1
282414,2
1008131,3
744284,1
380774,2
936214,3
896879,2
809848,2
928688,2
273482,3
985131,3
29469,2
931055,3
794639,3
1001497,2
721572,2
746185,3
551591,1
43667,3
628468,1
690977,3
868401,2
246883,3
574358,2
460154,2
639938,1
165942,1
337165,2
20713,2
728996,2
774389,3
699640,3
781676,3
410956,3
176381,2
366759,3
42013,3
216627,1
101249,2
409070,2
704282,3
1939,1
351469,3
711593,2
17802,3
639109,2
993097,3
326239,2
710722,1
84532,3
105735,3
560226,3
264105,2
905167,2
611661,3
68938,3
924590,2
487261,2
246500,3
236968,3
865,1
527191,3
711213,3
80443,2
695276,3
640973,2
262351,1
991616,1
65028,2
139111,3
1033061,2
79870,2
45512,3
814506,2
536141,3
489098,2
550634,2
307695,1
50917,1
958839,2
799617,3
27799,2
961723,2
875298,2
218644,2
415960,1
318786,2
653262,2
248750,2
977344,2
330066,2
424918,3
247495,2
736117,2
135343,1
467616,3
864876,2
657479,1
393016,2
789632,2
424122,2
409716,2
660966,3
1018792,2
297123,1
291262,2
474207,3
145173,1
764168,1
417335,3
1033020,2
413558,2
1049216,3
199218,2
862687,2
419850,1
965184,1
148077,3
550021,2
612050,1
7288,3
871028,1
348605,3
31319,3
531482,2
874540,3
971256,2
786718,3
48282,2
284776,2
877535,3
123505,2
611185,3
411836,1
86996,1
67081,2
1008621,3
423545,1
326999,3
58353,3
612692,1
90720,1
321314,3
860373,2
62065,1
639810,2
941609,2
902176,1
947053,1
152291,3
1022620,1
40432,2
69303,2
209894,3
1044427,3
994109,2
684786,3
544111,1
831271,2
921207,1
398569,2
372810,1
1004641,3
381643,3
1000891,3
305367,3
770124,2
89079,2
472950,2
58065,1
707592,3
790697,2
907629,3
429365,2
606562,2
660211,3
684114,3
1049947,2
947505,3
448530,2
630177,3
325162,3
857088,3
707552,3
199228,2
597560,1
781031,2
819385,2
395286,3
531113,3
940988,3
294437,3
103773,2
157074,2
905872,3
768838,3
239150,2
256133,3
533406,2
744140,2
314896,2
1019114,3
617142,2
559136,3
300628,1
853329,2
301042,3
754669,2
904992,2
758033,3
472945,2
531307,3
41349,2
222465,2
258827,3
142173,1
988939,3
546904,2
374568,3
97262,3
467527,1
376833,2
856520,3
506508,2
575693,2
486632,2
47703,2
71918,2
182709,3
249515,3
259821,2
34211,3
882990,3
989150,2
702642,2
459646,2
934894,2
290495,2
893448,1
914583,3
409491,3
7279,2
271342,2
670565,1
255162,1
606808,2
417556,2
345644,3
955423,2
864879,2
1043143,2
934881,3
705979,2
405188,2
163063,2
339385,2
292143,3
248266,3
175954,3
258878,1
179000,3
726893,1
561995,1
661121,3
56838,2
362637,2
915912,3
448985,3
745395,2
658999,1
937988,3
349048,2
447125,2
71086,3
350700,3
529100,2
1049230,1
462619,2
15762,2
157894,2
396421,3
880594,3
42379,1
812179,2
817829,3
532220,1
252633,1
27803,2
268871,1
493597,1
208619,1
277416,3
853714,1
748568,3
192754,2
212799,1
44547,2
372108,3
450768,2
625139,1
44468,3
852554,3
738175,3
775599,3
109534,2
80510,2
447998,2
775049,3
998385,2
586274,3
212643,2
330424,2
571826,3
97482,3
961066,2
387134,2
776700,2
131156,1
492180,1
129709,3
231282,3
271182,2
315532,2
833299,3
778087,3
498550,2
1040268,3
366465,3
467088,3
230523,1
978052,2
944557,2
431853,1
228445,2
872108,3
442223,1
537686,3
226416,3
180165,3
713679,2
593787,3
246568,3
251590,3
508584,3
230120,3
295512,3
878247,2
445628,2
467657,2
364238,3
747141,2
156969,1
643916,3
341337,3
665720,2
186931,2
974254,3
16907,1
847321,3
484255,2
891412,3
567950,3
254300,2
447813,3
792449,3
171602,2
835965,2
916269,2
451101,3
226980,3
10960,1
170915,3
363009,3
735319,2
278043,2
298637,3
481762,3
41686,2
172833,2
819760,3
54770,3
110348,3
283259,3
258730,3
7260,2
902963,2
951203,2
405471,3
549892,3
124156,3
232128,3
11030,3
1019267,3
600356,2
471352,2
520891,3
857886,2
82906,2
19891,2
70168,1
378137,3
394335,3
478305,1
555423,3
454824,2
435619,3
923130,1
61991,3
884673,3
198502,3
708999,2
740810,3
316722,2
210697,3
815635,3
610417,2
427508,3
602857,2
537649,3
389005,2
537585,3
382830,2
378881,2
424457,2
905717,2
130394,3
447182,1
748021,1
935623,1
477320,3
300265,2
184408,2
538795,2
903238,1
85950,2
83237,2
377944,2
920262,2
677244,3
549257,1
1027104,3
719866,3
358642,2
339571,3
137401,2
4826,1
367957,3
303281,3
959314,3
520818,3
385302,3
648044,2
731771,3
346429,3
141187,3
284156,2
628604,3
961569,2
149916,1
323910,3
970052,2
650859,2
398033,2
728937,2
445290,3
394147,1
923215,3
142049,3
833682,1
146303,2
518969,3
977121,3
997797,2
667360,3
284335,1
319750,2
682571,1
353706,3
392386,3
974543,2
382679,1
443617,2
978835,3
953305,3
1013971,2
688096,2
8760,2
94927,3
103813,3
136862,1
869126,2
546989,3
395962,3
428887,3
1013052,3
319018,3
640265,2
700092,2
227024,3
130862,2
630431,3
755205,2
30411,1
890443,3
388331,3
963737,1
1004341,1
555085,3
790418,1
994647,1
353408,2
709962,1
688664,2
365180,3
918211,3
999898,1
850486,3
496950,3
1020232,3
926267,1
145677,1
755819,3
199982,2
942586,3
842872,1
1030206,2
46859,1
228785,2
827421,1
1045800,3
334321,3
341032,2
576452,3
510334,2
939294,1
24862,3
568988,2
159573,3
595329,1
392857,1
586656,3
215313,3
628425,3
568055,2
152676,3
149030,2
377613,3
21523,3
86529,1
723127,3
185860,3
589159,2
465575,3
378790,3
723692,1
21148,2
605491,2
334014,2
789606,3
736486,2
640342,2
977011,2
877071,2
145584,1
173614,2
610295,2
656087,2
491831,3
235114,3
175426,3
732499,2
488987,2
421254,3
806637,1
939390,1
784629,2
931123,1
994349,3
623512,3
885359,1
614203,3
283775,3
75184,3
834757,1
108288,1
278634,1
421374,2
2774,3
104718,3
989275,2
697107,1
702151,3
36985,3
135015,1
129857,3
140447,1
398956,2
922346,3
151976,3
42294,2
631060,2
467593,3
510648,2
457877,1
262058,2
239785,3
798281,3
882944,3
390656,3
259788,3
229120,3
867407,3
165400,2
498284,3
41193,3
205454,3
722014,2
866055,1
535425,2
500800,1
630917,2
199990,3
665164,2
624277,3
61251,3
445046,3
131607,2
57373,2
343310,3
28798,1
973616,2
123618,3
16839,2
1002804,3
134993,1
672862,1
128018,3
268151,2
521768,2
68375,3
945713,2
227006,3
831778,3
254243,2
147779,1
422232,3
583489,3
229748,2
247042,3
1046325,2
194905,2
879524,3
301350,3
67948,3
866787,2
311914,3
573371,3
1043459,3
110063,3
100041,2
652881,2
668362,2
257475,2
539699,3
196094,3
761931,1
374396,1
121519,3
12014,3
48345,2
195071,3
497911,2
301299,1
439342,2
935478,2
590334,2
534057,3
151182,2
853727,3
236009,1
762778,2
474596,3
614668,2
900215,1
886277,2
464289,1
390370,3
488389,2
1048264,1
601129,1
745646,3
958438,1
980385,2
226862,2
678724,3
729681,2
852133,3
207345,3
943098,1
459208,2
782969,1
938943,3
14229,3
676910,3
535150,3
443386,3
431785,3
113282,2
110215,2
402580,1
828954,2
375855,2
669839,2
177243,2
659955,3
894546,3
981358,2
182003,1
15907,1
194803,2
982657,3
212036,2
789544,3
1051340,1
908036,2
439477,1
626663,1
430050,3
833084,3
230940,3
72494,3
501367,2
866412,2
569894,3
1033005,3
55065,2
128055,2
873305,3
12373,2
793863,1
701934,3
160328,3
453333,2
537671,3
484456,1
623234,3
241361,3
323991,2
553473,1
479607,3
205507,2
665929,3
104470,2
439552,1
425772,3
728955,3
639101,3
112122,2
839609,3
719964,2
10678,2
535456,3
1020634,2
479400,2
300071,2
587669,3
273003,3
546310,1
102993,2
375752,2
442481,3
445981,3
66988,1
546476,2
661693,1
503759,2
119999,2
185467,1
893253,3
69847,3
181176,2
937630,2
174147,2
331166,3
367479,1
268841,2
721,2
919420,3
902589,3
877244,3
528734,3
325990,3
195385,3
258738,3
349862,1
222297,1
389666,2
261977,3
185326,2
383658,3
406293,3
594570,2
672351,1
183951,3
171878,3
1037717,2
947939,3
569367,3
1016461,2
201609,2
529092,2
195977,3
889135,1
405735,3
965080,2
939113,3
541424,3
370545,3
581338,3
102686,1
186493,2
749979,2
500068,2
606975,3
76496,3
44058,1
779641,2
266028,3
56057,2
338810,2
651552,3
4028,3
1032827,3
255341,2
619598,2
556788,3
276678,3
73734,3
269326,2
454881,3
585104,3
508246,2
25027,2
81380,1
129988,3
965612,3
678225,3
172971,3
761031,1
109111,3
357455,3
695620,3
271465,3
220936,3
676708,2
671005,3
443579,1
737948,2
265259,3
12297,3
100794,1
270144,1
1039671,1
950760,3
713918,2
252367,3
984187,3
832901,1
814385,1
879661,2
104230,2
1046929,3
89239,1
584625,3
832998,3
34702,3
156641,1
806956,2
176988,3
290759,2
492130,3
245292,3
59745,3
834384,3
834833,2
1001226,3
403596,3
256930,2
1018188,2
860840,3
182672,2
40759,2
987325,2
960759,2
126946,3
417992,3
100237,3
179212,2
751040,2
835262,1
953118,2
666632,2
288252,2
978271,2
123353,2
1043251,2
688873,3
320694,1
949953,3
129243,3
300651,2
219837,3
732664,1
312284,3
135880,3
490598,3
574440,1
520967,2
697603,2
542788,2
1007268,3
340578,1
341638,1
709441,2
766428,2
820472,1
481877,2
707267,3
431309,1
229058,2
513154,3
16728,3
730365,3
618417,3
163920,2
757176,2
704403,3
615378,3
409827,2
397532,2
339380,3
384358,2
661605,1
781587,1
516126,3
875824,3
846993,3
561686,3
283466,3
281999,3
77906,2
880105,3
404100,2
19763,2
383885,2
389065,2
723625,1
114689,1
359281,2
426306,2
203059,1
1049155,3
370792,3
87091,2
100679,2
200081,2
1036889,3
255393,2
491711,2
323734,1
64853,2
93913,2
267203,3
207975,1
72188,2
874098,3
918902,1
975343,2
156760,3
226707,1
713139,1
969043,3
124852,1
665300,2
978561,2
939451,3
826371,1
702830,1
475008,3
188919,3
478262,3
808391,2
863179,3
891799,2
209132,2
669045,1
996332,2
546053,1
1049715,2
409678,2
1020611,1
1017615,2
716183,1
80255,2
212445,3
119937,1
62164,2
803547,2
641495,3
469799,3
463716,1
222082,3
785360,3
148121,2
767335,2
921866,2
506045,1
862455,2
1004295,3
295350,2
373006,1
79868,2
629146,3
258782,3
478014,3
900899,3
237390,2
32879,3
491952,2
579850,2
108186,3
933846,3
279021,3
899594,2
665785,3
79007,3
908256,3
781221,3
228717,3
520877,2
954352,3
852691,2
843520,2
700559,2
791235,2
395781,3
573647,2
634285,3
903564,3
185127,2
553505,2
151812,2
947023,2
221380,2
512117,2
972070,2
339242,3
985957,3
92420,2
833382,2
114704,2
728406,3
443898,3
434277,1
703157,1
237347,1
118593,3
424585,3
580251,2
237523,3
923922,3
814640,3
791223,1
875522,3
650997,1
238409,2
869344,2
812167,3
681886,2
66454,2
56512,1
348096,2
148802,1
940091,2
139502,3
235758,1
287594,3
963629,1
861043,1
610972,3
985311,2
435631,2
873630,2
636250,3
647875,3
854802,3
274581,2
43672,2
1012213,3
416339,3
790687,2
75312,1
627185,2
292044,1
343645,2
814155,2
191378,2
245203,2
942937,3
514210,2
179221,2
869645,3
809874,3
542052,3
696131,3
967370,3
1025346,2
900831,1
835667,3
794477,3
945049,3
124894,2
1037959,2
577959,1
789300,3
424467,3
900717,1
680084,2
985566,3
328964,2
930633,3
192714,1
42135,2
888977,3
62521,2
494849,3
915567,3
1027038,3
192231,3
664411,2
903034,3
43623,2
153439,2
980485,2
344896,2
523773,2
396827,2
521080,2
401557,2
306697,1
888113,2
732459,1
966536,2
78542,2
718675,2
78177,3
560453,1
1022912,3
195407,1
182833,1
1004753,3
32852,3
967394,3
277205,1
332823,1
846581,2
41783,2
1013076,3
41823,2
557992,2
610430,1
47740,2
892493,3
465982,3
707064,2
576268,3
832750,3
1037670,2
177545,3
71789,3
439846,1
449519,2
164784,3
72346,1
616799,3
956768,2
65358,2
248070,2
252229,3
793795,3
682347,3
309339,2
1030918,2
613238,2
477062,2
605783,1
960255,3
859152,3
201597,2
76582,1
622361,2
857788,3
799923,1
535375,3
852831,3
108404,3
1026309,3
538744,1
509028,3
612979,1
583342,2
1013504,3
25825,1
1043343,3
153151,2
1038277,3
628996,2
191314,2
233911,2
723197,1
367209,2
481496,2
92626,3
360556,2
372022,2
448198,3
1050994,3
845408,3
49519,1
467886,2
323598,3
832537,2
706802,3
325664,2
908064,3
335879,2
198486,1
761632,3
203046,1
624973,2
816083,2
40197,2
354916,3
939921,1
919353,3
163446,2
1029894,1
989935,3
68686,2
639023,2
924515,3
152725,1
382256,1
313429,1
254250,1
222264,3
985232,3
45111,1
1031939,1
223375,2
204898,2
546527,2
527418,2
116751,3
203607,1
999116,1
18153,3
489280,3
932053,2
699998,1
476064,1
766593,3
849383,2
110440,3
184169,3
614942,2
749992,2
669739,3
192519,3
397023,2
615614,3
884391,3
883679,3
952410,3
435209,3
782972,2
301250,3
451260,3
63055,3
649441,1
235617,2
396925,3
266979,2
444604,3
103577,3
128952,2
692574,1
603797,3
200071,3
348310,2
952556,1
793581,3
234186,1
109084,2
224028,3
246011,2
462380,1
767085,3
581907,3
528050,2
873767,2
617982,3
1018970,3
466563,3
920354,2
817952,3
733735,2
682612,3
978825,3
501775,1
808230,2
275150,2
595195,3
389716,3
421525,1
6013,2
303837,2
942089,2
425157,2
601294,2
425242,1
893550,2
807585,3
142879,3
657095,3
333775,2
681322,3
153497,2
532343,2
583083,3
574157,2
272461,2
757707,2
25525,3
256701,3
417612,3
237539,3
2294,3
860296,3
857925,3
189761,2
745520,2
716260,2
610479,1
346384,3
995265,3
274536,3
423164,3
162931,2
57773,2
251926,3
181664,3
369864,2
43823,2
267178,2
665567,2
514709,3
625496,2
588806,3
474605,2
769029,3
965558,2
920914,3
739905,3
663990,2
451420,2
910344,1
538865,2
746661,2
713613,3
951767,2
623111,2
943487,3
269918,2
613892,3
454788,2
842114,2
224687,3
768317,3
943985,1
870907,3
588140,2
361541,3
209119,3
275521,1
443887,3
270875,2
227139,1
825532,2
715890,2
33475,1
93813,3
172360,1
831444,1
431416,1
525392,2
521134,2
332775,3
72590,3
1034118,3
796174,3
1045576,1
344992,1
940073,2
193287,3
279153,2
223978,2
880370,1
1008254,1
661441,3
176482,3
590579,3
155701,2
839295,1
549545,3
322266,3
542562,2
619917,2
733491,2
389801,3
65669,2
893714,2
783691,3
531220,3
883194,2
864833,2
705932,1
60528,3
455492,1
807888,3
409557,2
142612,3
945733,1
120281,2
626827,3
750849,3
94329,3
211327,1
1021573,3
1007773,2
668261,2
875767,3
338144,1
54625,3
131459,2
195310,3
81186,3
71190,3
466113,2
663654,1
306903,3
16238,3
191728,3
558047,3
616963,3
704343,3
803834,2
420236,1
1031030,2
10317,3
215312,2
471667,2
290614,1
679028,2
377355,2
446898,2
43034,2
277623,2
697115,3
648557,1
582833,2
978323,3
902674,3
549631,2
86273,2
370935,3
315718,3
366780,2
286209,3
779370,2
236647,3
229295,1
851575,2
814401,3
618476,2
201646,2
957455,2
156579,1
239926,3
254366,3
904696,1
733761,3
384945,2
336055,1
161831,3
642786,2
763619,3
564756,1
312376,3
452264,2
649559,2
595505,2
212781,3
72806,2
828510,2
224763,2
1050808,3
92576,2
168581,3
853466,1
244537,3
827804,2
943835,2
659737,3
966481,3
1048094,2
240260,3
811869,2
393511,3
791087,3
882076,3
645583,3
564246,3
568612,3
700117,2
34343,2
1003724,2
667027,2
289122,2
270896,2
827189,3
448674,2
975973,2
708061,3
598803,3
109850,3
100071,2
488716,3
753687,2
1023068,3
743956,3
252720,3
994204,2
1025400,3
429321,3
651103,2
815662,2
386460,2
863286,2
600505,2
1046239,2
734407,3
339364,2
996672,2
552585,2
914155,3
846348,3
617522,1
104710,3
177619,1
885955,2
317602,2
982332,2
95584,1
344835,2
68291,3
47234,2
581721,1
482561,3
759504,1
350421,2
897587,3
839010,3
643624,3
327932,2
244519,3
859026,2
157253,1
281397,1
241041,3
88922,2
670455,3
31468,2
305733,3
334317,3
885730,1
647721,3
179193,3
861109,2
46929,2
47103,3
199219,2
309348,1
339333,2
155052,2
410156,1
529041,3
417022,3
1003299,3
836112,2
857550,2
33748,3
631926,2
41908,2
837062,2
779809,2
727459,3
897278,2
103021,3
365762,2
858504,3
737907,2
375751,3
1014211,3
515428,2
661783,2
715063,2
840079,2
913282,3
834289,3
535003,2
1021938,3
455715,2
884260,2
698224,3
558197,2
674804,1
400555,2
882267,2
721485,2
483267,1
827286,2
796698,3
956115,2
1023751,2
850936,2
191993,3
694644,3
51150,1
651819,2
626540,3
670283,3
635441,2
862962,3
555483,1
209074,2
642448,3
600761,1
49793,2
1028909,1
661348,2
1005086,2
478217,2
537165,2
802110,3
61947,2
93830,1
262286,2
866967,3
622445,1
1031635,2
835449,3
49838,2
719751,3
37760,1
439830,3
936923,2
49488,3
435354,3
782175,3
915773,2
489047,3
217259,3
478976,3
600560,2
392206,3
281028,3
167327,3
851378,3
210976,2
263336,2
340527,2
468451,3
73285,3
425070,2
435748,2
664263,3
115835,2
773148,3
401951,3
998848,3
533081,1
325958,2
611044,3
737651,1
995162,3
92552,3
521183,2
675235,2
893404,2
765105,2
1029437,1
252885,3
829424,3
540543,1
440906,3
663536,2
401466,1
448688,2
892755,2
787915,3
303312,3
892622,1
680831,1
477491,3
645655,2
433864,2
712885,1
509450,2
699345,2
563985,2
84327,1
610913,2
843386,3
6394,2
337250,3
93003,3
534949,2
502898,3
732935,2
488132,3
939292,3
951223,3
687857,3
713158,2
542307,2
237144,3
389125,3
170352,2
1004867,2
536969,3
260071,2
10576,2
701930,1
185322,1
312242,1
751884,3
256279,2
8429,2
94484,3
1042956,2
469481,3
938061,1
516381,2
239812,1
437801,2
226373,1
841796,3
459254,2
573802,3
935471,2
689669,2
915542,2
782418,2
40443,1
935828,3
616760,2
741600,2
466668,2
859510,3
737695,1
642521,3
106986,1
1004205,1
782344,2
30255,3
762652,3
400899,2
804374,1
248948,3
706821,1
817076,3
851716,2
512914,3
479593,2
417659,3
569661,2
503905,3
661926,3
413123,2
36989,3
1032282,2
235937,1
803215,2
259877,3
1005755,1
39715,3
163826,2
700862,1
918888,3
716643,3
258775,3
489713,3
619971,3
985901,3
116220,2
526889,2
328428,2
461069,3
662248,1
306351,2
757435,3
573158,3
1043097,3
47692,1
845519,2
688612,3
373128,3
535686,3
576297,2
137340,3
710432,2
589466,2
267862,2
295315,3
358572,2
653420,3
607401,3
763527,3
390258,3
238064,3
899174,3
194603,2
901830,3
157563,2
599570,3
601538,2
810186,3
42878,2
786607,2
455741,2
18836,2
786651,3
516639,3
876211,3
1014858,2
994008,1
218487,2
959798,1
147354,2
772558,2
157284,3
619042,2
369260,3
283771,2
452371,3
686652,1
547599,2
322503,3
312970,2
808624,2
876024,1
84611,2
43603,2
471933,2
748358,2
376566,2
64654,3
597623,2
427188,3
309103,2
155718,2
732181,2
909374,3
20695,1
646057,2
500865,2
197473,3
504463,1
353184,2
892414,3
427961,2
280273,3
475748,3
93504,3
378474,3
33479,3
1041596,2
993546,3
321950,2
121323,1
443925,3
338712,3
1018321,1
277331,3
884303,3
343116,2
243068,2
787558,3
692854,3
627495,1
868789,1
83520,3
481590,3
575553,2
738436,3
788266,2
75353,2
1025236,2
490545,3
393322,1
223206,2
354660,2
58366,3
206077,3
430890,3
445392,2
938878,3
609659,1
157412,3
190754,3
46203,3
39838,3
731338,3
605769,2
221016,2
606307,1
634052,2
717077,2
951748,2
633482,2
632052,3
298415,1
267468,2
208079,2
758384,3
909658,1
158191,1
784307,2
1018017,2
295618,1
98696,2
245953,2
382077,1
374292,1
243749,3
87873,2
607334,1
548033,3
278277,2
221759,3
548057,3
234428,1
758817,2
463176,2
530064,2
581066,2
676200,2
981112,1
738231,3
983785,2
992450,3
82805,2
967107,2
398172,3
691199,1
214785,2
488079,2
266177,3
549091,3
130229,2
225530,3
559031,2
933739,3
892564,3
496614,2
832626,1
835640,2
878984,3
376230,3
234781,2
140468,2
89217,2
593387,3
738974,2
753790,3
784939,3
325429,3
80912,3
405409,2
983682,3
92286,3
237108,2
1020968,2
669332,2
839507,3
144304,1
272081,3
827170,3
778008,3
854840,1
810466,3
47959,3
504417,2
347712,3
955343,2
231310,3
462506,2
116181,3
658813,2
704812,3
853205,3
1018570,2
800911,3
253829,3
751427,3
692696,3
347990,1
1036180,3
333508,2
321091,3
741927,3
199153,3
891599,3
679512,3
775431,3
130227,2
1031694,2
410414,1
207431,2
614382,3
493474,2
463992,2
257395,3
987393,2
16801,2
628445,2
896282,2
537024,3
367838,3
357536,2
642181,3
215764,2
831968,3
156814,2
91067,3
834534,2
687911,1
15525,3
105426,2
328466,2
488851,2
248315,2
380918,3
497998,2
849652,3
476372,1
92859,3
1028776,2
1004431,1
264176,2
450922,3
278392,2
712079,3
474997,1
116433,3
1052153,1
891771,3
489097,3
343871,3
677223,1
46422,2
908651,3
875944,2
83182,1
626576,2
85460,2
810268,2
226046,1
715204,2
905077,2
529134,3
762728,3
19439,3
799324,2
796469,1
581758,1
627765,2
891854,3
397323,2
606649,3
371093,3
890844,2
259120,2
800850,3
1051353,2
788625,2
116974,2
905993,3
318373,1
856314,3
455091,3
160848,3
713582,3
170036,2
454071,3
749862,3
405382,3
115139,3
739475,2
966036,1
974868,2
244877,3
439038,1
783768,2
1034576,3
198525,3
679110,3
145122,1
994502,2
675907,3
984867,1
880997,2
732425,3
510280,1
722842,3
413860,3
612435,3
492876,3
480574,1
615445,2
773839,2
175176,3
698773,1
903181,2
896151,3
182393,3
332246,3
13821,1
26898,1
743791,1
790473,1
325312,3
629271,2
29471,3
877674,1
760524,3
474296,2
830767,1
539014,1
607560,1
625601,2
990630,2
565523,3
115834,3
975436,2
441608,2
472220,3
963868,3
38564,2
146979,2
768821,3
612580,3
870089,3
459740,2
356099,3
113058,1
365252,3
315069,2
114134,2
243756,3
894020,1
135964,1
33150,2
117158,2
806325,3
796988,3
449403,1
594294,2
15435,3
501588,3
57031,3
241934,2
972196,2
57209,2
1033557,3
451325,3
80969,3
732037,2
129124,2
572481,2
489174,3
1001554,3
295318,2
355482,2
611350,2
603782,2
423566,3
868808,2
956499,3
83730,3
566189,1
19122,2
1003801,3
952549,3
300910,3
627333,3
954135,3
144066,2
984433,3
417763,1
869277,1
467602,3
657704,2
784863,2
805137,2
475089,3
920047,3
785363,1
967021,3
398821,3
1029810,3
136622,1
406478,3
452365,3
474007,2
389058,1
60506,3
265407,3
273604,3
201532,2
700672,3
876503,3
956886,3
618277,2
96677,3
384395,3
201313,2
383979,3
8576,2
468932,1
124242,1
49634,1
969565,3
740791,2
612571,3
539036,1
911146,1
92342,3
193269,3
565695,1
398544,2
2499,2
478656,2
661079,1
560049,2
979574,3
897700,3
791338,2
518060,3
944362,3
790194,2
402186,3
939329,1
651526,1
703487,3
338373,1
359012,2
731565,3
57264,3
1010318,2
914479,3
859748,3
457850,2
451669,3
1037542,1
513435,1
33425,2
609945,2
766140,3
33774,2
1033461,2
361552,1
692615,3
813156,3
124684,2
1003889,2
899784,2
606838,2
235432,1
410903,2
86866,2
185717,1
935427,3
120441,3
941008,2
529030,3
910530,3
386755,3
582539,2
184015,3
468641,1
687883,2
854504,3
230078,3
672899,3
22626,2
428157,3
701137,3
220878,2
409374,3
287062,3
934020,2
182099,2
78369,1
786671,3
293403,2
212486,2
240646,2
973564,2
77396,3
244613,2
249706,2
18039,3
625412,2
626090,3
738715,2
568674,3
414124,3
127158,2
597024,3
726437,2
138602,3
876348,3
1005454,2
201354,1
1022891,3
74447,2
1046033,3
296158,1
385388,1
25815,3
208017,2
749718,3
249913,2
861950,3
932216,1
232930,2
95258,2
406596,3
447403,2
1029413,2
670915,1
159529,3
630691,3
383039,2
192776,1
620184,1
436262,3
42620,2
920318,1
745337,2
858467,3
547473,3
86806,3
1001147,2
544137,3
245654,2
449821,3
444133,3
430411,3
213732,2
701585,3
620342,3
755801,2
921400,3
206955,3
763351,3
338885,2
542538,3
974008,1
48510,2
644453,3
1028134,1
843903,2
719640,3
402978,2
488563,2
680133,1
768942,3
814632,3
663402,1
680338,3
839716,3
677472,2
57740,2
211178,3
700059,3
709758,3
162405,1
732718,2
41907,3
768207,1
504980,1
327752,3
472910,3
323499,1
49163,2
26682,3
412471,2
1004825,2
973691,2
431763,3
943525,1
369757,3
1040090,3
67545,2
716782,1
1049666,3
869875,3
482998,1
333036,2
960174,2
92013,2
101615,2
136380,1
579661,2
384518,3
429382,2
529589,3
899786,2
585427,2
890272,2
514762,3
264356,1
323361,2
718423,3
95156,3
813914,2
571506,3
428940,3
772378,3
310650,3
43411,2
974827,2
637764,2
561831,3
437901,3
805280,3
915993,1
490153,3
404545,1
736718,2
940730,1
897118,2
501536,3
130759,2
264759,3
59774,2
953539,1
339930,3
219408,3
62540,3
795769,2
422740,2
160382,2
709732,2
716939,3
887082,2
416973,3
247728,3
785324,2
350666,2
910561,3
193306,3
918021,2
818705,3
701873,2
178171,3
456492,1
477984,2
669351,2
271614,2
417158,2
582158,3
221747,3
22637,2
21557,2
583789,3
712087,2
979778,3
816825,2
146420,3
704569,3
764188,2
379184,3
845427,3
725478,3
236838,3
194548,1
316832,2
931695,2
130520,2
370886,1
19007,3
107840,3
216185,2
183225,3
553264,3
487896,2
1013506,1
585058,2
553515,1
318375,1
555710,3
111452,3
102798,2
541770,3
625223,2
119109,2
940749,2
421324,3
168158,2
249975,2
225880,1
544362,2
879807,1
978628,1
120411,3
721025,1
70137,1
194694,1
579908,3
671784,3
509074,3
567840,1
223724,2
749407,1
817178,2
408677,2
879130,1
264443,3
879655,3
254982,2
989215,3
836936,3
282342,3
499235,2
589688,3
855995,3
414110,2
694120,1
773658,2
226542,3
526176,2
386898,3
144794,3
25730,3
978166,3
418536,3
477309,2
554788,3
269116,3
536680,2
158663,2
163835,1
489979,3
387099,3
947014,3
884327,3
331374,3
297951,3
925687,2
207275,1
276005,3
972428,2
681214,3
286304,3
572297,2
642381,1
665093,2
704218,2
356664,1
824074,3
613017,3
139354,1
483250,3
740477,2
228756,3
258673,2
494694,2
662411,2
909386,3
4835,1
939173,3
831580,3
903391,2
1037279,2
229513,1
41695,3
1029654,2
872255,3
492048,2
812050,3
875575,2
520477,3
58262,1
70705,3
490192,3
696128,2
749114,3
144681,2
974012,3
242748,2
122259,3
698483,1
479142,3
665744,2
962710,1
797834,3
677234,2
290514,3
67479,3
884844,1
1002504,2
209078,2
610120,3
654734,3
695175,2
600426,1
601647,3
661568,2
998696,3
485112,2
792564,2
739031,2
249618,3
446837,3
964334,3
426287,2
179586,3
355865,2
233704,3
993386,2
740179,1
778430,2
868848,3
121256,1
192623,3
979645,2
826692,3
777972,3
1048241,3
322586,3
473456,2
402134,3
81209,1
215639,2
674952,3
957645,2
230824,3
891496,3
760839,2
482926,2
251883,2
938994,3
780486,1
671912,1
932884,3
657847,1
349653,2
757787,2
313427,1
822355,3
731283,2
751863,2
1029738,2
304296,2
641386,2
197025,3
164428,2
637851,2
296045,3
677794,2
172722,3
26097,2
586145,2
151708,2
1010302,3
129416,3
405315,2
444383,3
202238,2
721435,1
593983,1
1028618,1
590409,2
235324,3
648912,2
620299,3
690086,3
1021083,3
714422,3
240057,2
821380,1
284648,1
774223,3
1004265,3
765318,3
726997,1
638164,2
618505,1
862517,3
871213,3
607450,2
508654,3
527776,2
71417,2
117756,3
391620,3
39831,2
1026577,2
239140,1
150782,3
469181,1
953828,3
356291,3
111374,1
369515,3
135586,2
574049,3
159775,2
137179,3
183921,1
514182,3
363271,2
929655,2
337389,3
144838,2
622260,2
998686,3
208464,3
935145,3
914538,3
860894,1
298713,2
318151,2
981134,1
783369,2
190446,1
571437,2
64798,3
330743,1
962555,1
134680,3
604809,3
399347,2
857882,1
61533,2
179341,2
833949,2
807657,3
643653,2
658409,1
342274,3
576193,3
146949,2
398386,3
431092,2
512901,2
643098,2
108400,3
43587,1
664273,2
537524,1
760795,3
140726,3
242168,2
478508,2
991216,3
370022,2
21414,1
194177,3
170777,2
715300,2
197992,3
215825,3
602409,3
474516,2
372780,2
867425,3
977123,3
220624,3
907824,2
876437,2
301151,2
822179,3
343080,1
146559,3
751269,2
478543,2
755179,3
705414,3
84453,3
727791,3
633269,3
646818,3
641609,2
1040827,1
726238,2
466176,3
354378,3
768220,2
186746,3
727236,3
859766,2
720677,3
1040079,2
686301,3
862733,2
723403,2
378543,2
400939,2
536459,2
547406,2
956979,2
641498,1
344259,3
510098,2
544040,3
17050,2
873401,1
427367,3
127948,2
377170,2
324846,1
255203,2
101945,2
315728,3
477930,1
882675,3
591281,2
523829,3
69791,3
649046,1
361739,1
83364,1
729381,1
449440,2
932609,3
628541,3
310101,3
338413,3
661285,2
689529,3
899659,3
831144,2
582016,2
682082,3
1031501,2
666032,3
833250,2
906242,2
143593,3
492153,3
607302,2
628883,3
298057,1
173137,3
736085,2
773676,2
26549,2
519601,2
895569,2
729648,3
827031,2
217872,3
189334,2
148172,1
944262,1
267623,2
979427,2
612937,3
221761,2
779857,3
366702,3
840126,2
431726,3
736659,3
343951,2
164935,2
779671,2
866155,2
683001,1
582008,1
469531,2
402895,2
963829,3
346595,2
467834,3
662421,2
620458,2
741863,1
229063,2
784167,2
97496,1
977099,1
383316,1
432014,1
753367,2
651282,3
613647,1
727296,3
203681,3
162837,2
986071,1
1004054,3
51860,2
564366,1
935571,2
169121,3
685691,2
410886,3
421618,3
132204,2
932861,2
647003,3
92933,1
571172,3
255455,2
905534,2
94415,2
88566,3
90226,1
905914,2
694767,2
168919,3
561075,1
556205,2
360365,1
154816,2
1347,1
699376,2
301366,3
250854,3
618878,2
780942,2
645356,2
509850,2
424200,2
93299,1
884857,2
4931,2
128092,2
584488,2
88837,2
937433,3
477489,1
380437,1
482057,3
969019,3
564092,2
981359,2
339387,3
198272,2
164975,3
258307,2
373959,2
959365,2
514632,2
628893,3
934104,3
439609,2
508277,2
424638,1
660397,2
62075,1
171669,2
774717,2
877927,3
82770,1
253157,3
90300,3
653167,1
563961,1
929419,2
166803,2
338185,3
312784,3
1003014,2
749195,3
83332,1
863622,3
259353,3
24310,1
641253,3
1009139,2
287589,2
396972,2
717303,3
283211,2
718667,1
899753,1
438200,1
820321,2
900278,2
471323,2
809333,1
798074,3
151720,2
686872,2
70228,2
191861,2
410021,1
180200,3
750137,2
947337,3
870324,3
516103,3
579540,1
727862,1
420216,3
883853,3
411520,2
776609,2
501176,2
124072,2
487043,3
995101,2
304393,3
545759,2
592042,2
960198,3
468440,2
674187,3
769306,2
426764,2
889187,2
841671,1
212068,2
383430,2
108948,1
100499,2
82087,2
303238,1
925393,3
785588,3
332857,3
461985,3
196294,3
1007952,2
744047,1
419568,2
563255,2
105143,1
579428,1
1050336,1
334518,2
317501,2
430879,3
503400,2
761925,2
755171,3
628539,2
878336,2
150450,2
399779,3
956121,1
700596,3
1004162,2
291543,3
869323,2
621631,3
709238,1
403115,3
1030684,3
436471,1
981383,2
998375,3
880738,3
448841,3
91901,3
312749,2
173617,3
62193,2
231438,3
557506,2
133256,3
487613,3
42176,3
852781,2
585201,2
875534,2
1003497,3
201598,2
715597,1
212129,1
356858,3
714844,2
1044449,3
440264,3
67237,3
1010239,3
136302,2
1021904,1
131849,3
891201,3
122411,2
832344,3
10086,3
612826,2
538816,2
213625,2
357669,2
607128,3
708791,2
25924,3
1018513,2
198388,2
630852,2
992528,2
614420,3
765165,3
150741,3
920006,3
769943,2
666936,2
542148,2
854663,2
600609,2
616066,2
3831,2
503291,3
99781,2
327338,2
490508,3
18157,2
1034301,2
404969,3
520149,2
53204,1
456345,2
383895,3
1043337,3
921173,3
280685,2
825008,3
845794,3
694149,3
632797,2
338741,2
949112,2
276701,2
491093,2
875276,2
1044792,1
787029,3
86749,3
762763,2
159815,3
380061,1
397504,2
670655,2
62956,3
116102,3
995517,2
569350,2
585153,3
633571,2
451544,3
611148,2
561451,1
23165,2
798895,1
202922,1
607309,3
891849,3
575008,2
197707,2
257430,3
65507,2
615754,3
917223,2
382457,2
352873,3
197919,2
506431,3
90070,2
709094,3
1044387,1
393524,2
729644,2
341660,2
892640,3
509054,3
742548,3
884451,1
467048,2
1051511,1
476219,1
743210,3
232701,3
602369,3
109896,3
401117,3
557815,3
366468,2
1014403,1
1040221,2
881980,3
47191,1
185662,2
6476,2
148893,1
773954,3
708339,3
146905,2
245356,3
671373,3
654888,3
464205,1
576691,2
480647,1
370009,2
203189,2
96037,1
844010,3
191979,2
9887,3
718352,2
931141,2
774367,2
48900,1
427959,1
331065,2
672133,2
475254,1
490385,2
874038,2
228645,2
357825,2
215176,3
763206,1
385787,2
851214,1
855500,2
900774,1
1037063,3
285806,1
879201,2
153630,2
804891,3
490587,2
682159,3
390175,3
920332,2
722325,2
822688,3
755147,2
107273,3
726679,1
999228,3
908360,2
832832,2
528495,3
1046222,2
582235,2
587278,3
685840,1
338186,3
625971,2
256552,2
129391,3
560951,3
545108,3
692646,2
20919,1
512211,2
320120,2
456111,3
106597,3
388807,2
181248,3
621146,2
536230,1
255729,3
753810,3
656103,2
821648,2
343806,2
678560,3
525598,3
1045156,3
619697,3
51182,2
356889,3
220757,1
875199,3
215600,3
898750,2
706688,2
942213,1
1044779,2
68405,1
798787,2
191546,3
677111,3
436952,2
535369,2
828463,2
358198,2
543342,2
936749,3
334822,3
360480,3
366059,2
582876,1
383910,2
538775,3
800763,3
791806,2
469874,2
849420,3
142135,3
145619,3
170634,2
77343,3
725863,3
448763,3
453283,3
265207,2
106342,1
61089,1
955797,2
898547,2
743515,3
682096,2
256928,2
318748,2
582124,2
60459,2
339173,1
1029879,3
515523,2
777493,3
880098,2
973009,3
600006,2
278383,3
487289,1
650234,2
426622,1
513419,3
456137,1
645092,3
329067,3
636777,2
602049,1
506619,2
526190,3
199810,1
658560,3
417030,2
559849,3
131252,3
1047984,2
614185,3
355251,2
503380,3
862565,1
191086,3
957993,2
747895,2
681638,2
496409,2
825927,2
913037,3
201156,2
435636,2
368887,3
562862,3
549230,3
986709,2
54022,2
371468,3
833625,3
1024419,1
502327,2
899626,2
857995,3
830073,3
466771,2
610414,2
685827,1
966030,3
873289,3
742484,2
98076,3
584966,2
945702,3
791325,2
359176,2
364292,1
154750,3
705273,3
468678,3
280400,3
472145,3
990569,1
354315,3
470318,2
801580,3
254121,1
425432,2
571969,2
189437,2
1044834,3
584111,2
133456,3
809464,3
375735,2
113202,3
1003947,1
492903,3
336633,2
134859,3
267632,2
795826,2
986630,3
540872,3
1027691,3
1020181,3
556306,2
671863,2
469096,2
574214,2
841158,1
163631,1
884919,3
422362,3
133732,1
844106,1
26458,3
90736,2
13892,3
496417,3
191296,2
909391,2
79030,2
428243,2
286188,3
293414,3
394907,3
68007,2
548302,3
416625,2
192478,1
873776,1
506977,2
120153,2
12049,2
862480,2
306294,3
510005,1
121917,3
891204,3
910006,2
236178,3
838947,3
267455,3
519774,2
598909,3
640640,2
288666,1
463208,1
975309,2
597170,2
709170,1
1041185,3
709369,2
195794,2
61616,3
627632,3
325359,3
689188,3
330077,2
815804,2
184471,2
619698,2
607115,2
777782,3
1048690,2
930671,1
562400,3
600253,2
677345,2
482206,2
375480,2
720700,3
124830,1
1030397,2
559124,2
44422,2
606478,2
577333,3
394145,2
114155,1
835747,3
417898,3
213034,3
394278,3
445565,3
314096,3
588918,3
818135,3
258965,2
168946,3
818699,3
360036,1
773217,2
1050711,3
817994,2
359219,2
206607,2
675704,3
466616,2
908049,2
221821,3
323171,3
7678,3
687500,1
517850,2
734435,1
480731,2
796461,3
310495,1
830229,3
420384,3
928153,3
239455,3
418683,1
443763,3
235215,1
575806,1
814228,2
691527,3
108263,3
935123,2
735194,2
404720,2
437606,3
655114,2
663243,3
44464,2
499248,2
1045345,2
303773,1
969964,1
112422,3
660318,3
50011,2
736416,3
133229,3
800765,3
914765,2
236639,2
304906,1
484034,2
783838,2
935018,2
60710,3
478482,2
347194,3
424310,3
241647,3
704820,2
343395,2
309703,3
1005279,3
795930,1
114609,3
576945,2
599872,2
724606,3
806910,2
599042,3
179712,3
254808,2
200185,3
805300,3
336770,2
316813,3
520088,3
484968,3
596932,1
559841,3
723558,2
356747,1
108933,3
330467,3
463569,1
221035,2
783215,3
483443,2
620318,2
554948,2
203184,2
369417,2
791598,3
356573,2
199562,2
746227,2
124166,2
841146,2
82749,2
308512,3
860177,2
268292,2
150153,2
211469,2
1012834,2
714573,3
115388,2
865963,1
204818,2
56643,3
922695,3
895100,3
46215,2
210046,2
792207,3
852464,3
708440,3
692154,2
1029381,2
240251,3
551853,2
582820,2
947416,2
532802,3
540491,1
597654,2
533548,3
542576,3
632888,2
789716,1
1003198,2
873121,2
412071,3
208476,2
529574,3
407365,3
444515,2
724815,3
1020369,3
909128,3
364895,3
876993,3
427536,3
902810,3
600695,2
759633,1
68860,1
782987,3
666933,3
974521,2
291245,2
523439,2
935967,2
177156,3
1001282,3
677511,3
32939,2
7824,3
286327,3
1026128,3
928948,2
698053,3
150884,2
25380,3
583147,3
495213,1
538,1
559981,3
680558,2
888785,1
602926,3
834705,3
596856,3
293171,2
988929,3
1040976,1
126162,3
917560,1
592083,1
206986,2
561344,1
363518,3
673790,3
927048,2
852991,3
619800,3
141472,3
681468,3
404478,3
244569,3
32001,2
46616,2
707440,3
309218,3
264963,3
216689,2
802650,1
1011134,2
358866,1
307304,3
342004,3
330445,1
373951,2
298822,3
565737,2
14904,1
918971,1
632315,3
60943,3
347785,2
916283,1
216508,1
969116,3
866893,3
24190,2
872102,1
94166,2
820853,3
866026,3
510190,1
218221,3
192337,3
719527,3
897449,2
98625,2
248873,1
445732,2
323190,3
310407,2
367356,3
944733,3
784497,3
754437,3
259217,3
709439,3
647310,3
979316,2
328018,3
599512,2
212687,3
53384,2
114515,3
911440,2
483851,3
655533,2
1012472,3
846999,2
601530,2
110720,1
113808,3
14687,3
654135,2
349192,1
859219,3
1034131,2
479821,3
186369,2
226687,3
961715,1
694104,3
798111,1
139979,2
1013655,2
74389,1
610123,2
981971,2
54242,1
545633,3
683147,3
158152,2
951877,3
572399,1
421025,3
142358,2
597602,3
747689,3
793775,3
940549,2
879696,2
187225,2
119471,3
449961,2
452438,1
184052,1
990206,3
686859,2
263270,3
349268,2
605390,3
795861,2
468265,2
609800,3
435170,3
808112,3
701711,2
941586,3
1026352,2
585534,2
696027,2
983431,3
348026,3
992380,2
241960,3
165848,2
733176,1
780192,3
949621,1
855215,3
495141,3
1033999,2
932951,1
759595,1
683589,2
458508,2
85685,3
264734,2
941673,2
1691,2
661914,3
528572,2
873773,2
1047633,2
701655,2
101369,1
1000055,2
841423,3
906991,2
890873,3
570754,2
641968,1
379585,3
8156,3
908666,2
826589,3
220573,2
707400,2
503056,3
59016,3
110694,2
837257,2
623157,3
729722,3
551863,3
612553,2
732158,2
667453,3
895033,3
159947,2
374623,3
971022,3
11194,2
361582,1
809468,3
638437,3
731508,3
797523,3
80362,2
103825,2
376316,3
597045,2
936763,3
997460,1
851770,2
948109,1
518619,2
158324,3
177802,2
592289,3
702880,3
226776,3
730032,1
679552,2
666616,3
1017539,2
645146,1
354903,3
373821,2
777956,1
61642,3
905896,2
444237,2
841383,2
10215,3
462924,2
1002601,2
812130,3
649788,3
420990,2
990901,3
208931,3
563221,2
82102,1
177801,3
906728,2
880597,3
370472,2
1011773,3
77040,3
302485,3
1024253,2
827678,3
819045,3
869460,3
786715,1
984827,1
518781,3
270828,2
992401,2
235956,3
594386,3
41211,1
51849,3
794352,2
603446,3
154873,3
433962,1
121696,3
186644,1
114602,1
636815,2
503221,1
293844,2
162224,1
90617,2
876368,2
35145,3
578999,1
155168,3
70624,3
962790,1
493201,3
602174,2
630528,3
83537,3
575330,3
962558,3
697510,3
823521,1
601426,3
342247,3
744832,3
302627,2
959198,3
1011991,3
25906,3
902915,2
573716,2
941117,2
275407,3
676736,3
695603,3
727577,2
248115,2
225916,2
375671,2
261505,1
723296,3
763922,3
74978,2
930692,3
19091,2
875990,3
396481,2
1044742,2
1052844,3
727936,3
464913,3
819586,3
802052,1
12005,1
6338,2
633232,2
1020853,3
557631,1
594299,2
376460,3
982351,2
612841,2
980796,1
356502,2
394849,3
31610,3
349123,2
889683,2
656949,1
311996,2
275764,2
456874,1
526872,3
691118,1
511199,3
550844,1
293440,2
843379,3
242026,3
729182,1
835780,1
51808,3
220346,1
92455,1
328391,3
799375,2
966829,3
918852,1
4594,2
738647,3
1032190,3
326717,1
592659,1
1252,3
356183,3
934182,3
564952,1
1037922,1
872000,3
418233,2
772783,2
712592,1
245107,3
929323,3
855448,2
1029686,1
853557,3
198629,3
278235,2
768947,2
446764,2
963157,1
84053,2
274746,1
590487,2
236920,2
630385,2
9753,2
425977,3
463352,2
148610,2
831777,1
86202,3
178178,1
113694,3
760012,2
936872,1
424504,3
1001867,3
913744,2
798267,3
1037489,3
810666,2
619694,2
532721,1
915774,2
945677,3
1007212,2
847957,3
126663,1
311568,2
437282,3
446548,2
363675,2
430698,3
429612,2
776249,1
774368,2
714636,3
1020151,3
735822,1
1002996,3
465970,2
1027239,1
270212,3
775446,2
503736,3
356076,2
126783,3
986386,3
139475,2
168759,2
890341,3
226295,3
695776,3
790406,1
547128,1
191750,3
984643,3
326509,2
30398,3
211976,2
59766,1
75444,3
402467,1
512367,1
600901,2
591910,2
916768,3
621124,2
746907,1
120145,3
234301,3
428131,2
596684,2
893962,2
1006966,3
1030194,3
554428,3
198239,2
584756,1
321517,3
368018,3
597646,2
820085,2
619663,3
67942,3
717719,2
777933,2
731398,3
172349,3
697531,3
601305,2
627217,3
258956,3
499787,3
237402,3
366588,3
176500,2
953014,2
380495,3
552180,3
945499,2
788545,2
322749,3
120532,1
564011,3
1040051,2
954115,3
1030521,1
579328,2
649476,1
154358,3
217308,2
762340,2
433513,2
812838,3
543098,3
423108,1
943269,3
926206,2
200407,3
272804,3
440462,3
482741,3
499877,3
910322,3
700901,3
582031,2
464457,2
1006044,1
561352,3
720435,3
246615,2
679988,1
186958,3
637859,2
147116,1
434051,1
988525,1
876458,2
173266,2
943436,2
243832,2
708799,3
483861,3
381494,3
113876,3
934728,3
473125,3
384612,2
705723,3
943086,3
975604,1
250803,3
888877,2
939139,3
459311,2
840095,2
741994,2
764747,3
631136,1
1019441,3
202895,2
947961,2
1015519,2
749314,1
446101,3
21551,3
26694,2
875663,3
617655,3
848349,3
303284,1
145168,2
351688,2
98538,3
777295,1
576890,3
704954,3
245122,3
482918,2
716338,2
894481,1
902050,3
100845,3
485277,2
878960,3
113563,2
802994,2
42139,2
1007023,3
266419,3
194427,3
983833,3
659480,2
823530,1
16438,2
595002,2
749447,3
509654,3
380343,3
664327,3
214124,1
540589,3
405800,3
523150,3
194685,2
269256,2
89721,2
1051057,3
118077,2
811572,1
205629,2
679203,2
940477,2
668842,3
933952,3
700281,2
719559,2
605961,2
583826,1
643444,2
747915,2
835880,3
71275,3
919366,2
852213,2
245114,1
87499,2
1039507,2
768256,2
370556,3
483138,3
156782,1
524700,2
640258,2
807012,1
169306,2
966945,3
577232,2
598446,3
265136,3
646217,3
93876,3
851145,2
150404,1
67785,2
445666,3
104776,3
810492,2
976120,1
839572,1
171333,3
471383,1
1018661,2
579301,3
600275,2
626736,2
402876,1
131906,2
593105,2
375768,2
303932,1
331915,2
19772,1
972564,2
969651,2
645111,2
936445,1
577209,2
321899,1
56207,3
696748,3
879341,2
681270,2
980612,2
302717,2
347066,3
675147,3
301690,1
855139,3
176622,3
994450,3
757904,3
754999,3
661675,2
304422,3
840765,2
15201,3
205746,1
731129,3
744734,2
92566,3
898548,1
754818,2
264814,3
757535,1
132453,2
897044,3
247367,3
366036,1
783813,3
924945,2
661209,3
768160,2
543480,2
389558,3
7110,2
106504,2
423261,2
325959,2
364754,3
433682,2
625830,3
505788,3
572293,1
885562,2
399047,2
385008,3
253142,2
470681,3
330507,2
751887,3
783657,3
83840,1
903280,3
930128,3
476387,3
953250,3
311749,1
461339,1
322257,1
238539,2
555579,1
402174,2
5806,2
40147,2
68134,1
652993,2
524721,3
1022814,3
992427,3
961702,1
190291,3
643123,2
740638,2
169527,3
214057,3
650093,1
685850,2
167391,2
254451,3
169122,3
1025385,3
458403,1
250675,2
986582,2
10838,2
354005,2
61525,2
606356,2
1031428,3
111201,3
128767,3
571626,3
713826,3
255847,3
434210,2
977967,3
373374,2
215684,3
761137,2
1006069,1
173655,3
253382,3
351156,3
552064,2
55322,3
177664,2
268547,3
830400,2
262464,2
552834,2
260064,1
914077,3
621338,1
27885,3
336880,2
152941,2
665346,3
313180,1
650968,3
81907,1
713566,1
379449,3
182465,2
694418,2
700462,1
356578,3
328397,2
597258,2
256659,3
760737,1
482469,3
722959,2
400310,2
439985,2
462571,3
518724,1
917349,3
55738,2
178461,2
158936,2
255609,3
355510,2
8280,3
111220,1
252386,1
366555,2
364789,3
426989,1
343884,2
1003854,3
38417,3
626256,3
172699,3
520697,3
949246,2
248069,3
360248,2
463312,2
1051601,2
360363,3
665599,3
380837,3
116337,3
92443,2
259736,1
713143,3
877595,1
440164,2
769813,3
912127,2
767910,1
370555,3
525957,2
204861,3
520875,2
367315,3
541607,2
785615,3
201457,2
312607,3
328176,3
823890,1
202108,3
315937,2
388672,2
990017,2
174326,2
130193,3
284818,3
205113,3
499149,3
129949,2
1016976,2
971226,1
708663,3
110095,2
494673,1
524844,3
155752,3
125724,3
421298,3
514088,2
400404,1
1029461,3
730658,1
868566,3
336351,3
1036354,3
993654,2
499641,3
117023,2
272781,3
154003,2
234635,2
1030959,3
211828,3
296105,3
397093,2
34475,3
901460,3
167167,1
927391,2
494930,1
827943,3
171883,1
760701,1
1025046,2
690287,3
426034,3
416260,2
29074,3
140215,1
303474,3
165531,1
418923,2
14250,2
365017,2
723923,2
939793,1
110394,3
304212,1
356911,2
892642,2
627962,1
1051080,2
343428,2
207359,3
925456,2
42188,3
303382,3
830530,3
1051960,2
431123,1
7732,3
324002,1
987682,3
176138,3
958971,3
407010,2
362299,3
223865,2
689230,2
112694,2
149119,3
612375,2
728602,2
909910,3
142781,1
108335,1
1034936,1
2937,3
966114,3
458207,2
966088,3
693667,3
545113,2
821794,1
710430,3
991135,3
456654,1
387588,1
73936,2
143562,3
709613,2
911145,2
885809,1
568024,1
38885,3
966475,2
621491,1
564095,3
220708,3
12821,3
891295,3
774842,2
214081,3
858433,3
927226,3
386702,2
928551,3
60329,3
749773,1
952202,2
775637,1
569748,3
401884,2
86354,2
380394,3
991698,1
315774,2
626168,3
428788,3
208003,3
758921,3
633055,3
732953,3
426405,2
403067,3
81570,1
838604,3
278029,3
747131,3
969241,3
571912,2
258830,3
683099,1
366671,2
344427,2
992703,2
477189,2
974861,2
668040,3
764434,3
217197,2
217581,2
629322,3
973565,2
649670,3
440934,2
601565,3
976952,3
570092,3
992424,1
365838,3
690773,2
476640,2
1000358,1
169117,3
135302,2
413740,3
854618,3
442754,3
96048,3
486316,1
681069,2
736199,3
196400,3
285562,1
224050,1
238424,2
545848,3
842873,1
851080,2
328059,3
284905,3
723910,1
996871,2
891602,2
204939,2
275380,2
825338,2
164144,3
366946,2
281611,3
167678,3
220139,1
676239,3
934382,3
284017,2
974833,3
149270,2
889978,3
547789,3
967916,2
176837,3
59322,2
783420,2
84816,2
113973,3
607497,3
897090,1
706318,1
283064,3
975454,3
1007161,1
730969,2
1003874,2
832788,3
951626,1
794280,2
226827,3
602620,2
356848,2
543661,3
255271,3
28050,2
432635,1
39697,3
466431,2
585940,2
19321,3
241247,1
947739,2
746918,1
635549,3
788853,3
279404,3
130120,3
100344,2
882795,1
224663,3
826841,2
457627,2
433988,2
600685,3
233541,2
150572,3
271818,1
204924,3
571724,3
974283,3
349082,3
886123,2
948672,3
762555,3
867697,2
727078,2
507560,1
308329,3
213777,3
657703,3
122024,3
388045,3
377997,1
952548,3
228257,2
674717,2
51283,3
730004,2
548717,3
853518,3
687154,2
600920,2
87370,2
892669,2
411944,3
854245,2
822287,2
494202,3
981672,2
355246,3
437510,3
456104,3
795056,3
979608,2
96713,2
1037418,2
134869,1
984012,1
251804,2
222468,2
125426,2
131591,3
468082,3
942875,2
279926,2
29106,2
1002913,3
1036360,1
165868,2
593687,3
542516,3
489560,2
523702,3
534332,3
605645,3
277830,2
728729,3
820413,2
519370,2
120502,2
349022,1
1017307,3
541860,3
970551,2
407400,1
15942,2
907735,3
156957,2
953294,3
280096,1
576170,1
796903,2
675273,3
656127,2
921216,2
87109,2
994751,2
875128,1
616178,2
12323,2
627496,3
900463,1
592846,2
967401,3
311404,2
206930,2
137693,2
215978,2
753151,1
790816,2
416590,3
829327,3
779259,3
1017459,3
323175,1
434573,2
141409,1
669575,1
634768,1
346040,2
819853,3
915957,2
591161,2
609861,3
541966,2
909018,1
487051,3
66941,2
263495,2
893983,3
160961,3
775875,3
379344,2
817819,2
194183,3
33603,3
429335,2
593500,3
518024,3
571485,2
222363,2
34640,2
612003,2
827561,3
611456,3
639887,3
838967,3
995251,2
176264,1
612118,3
534227,3
136393,3
209884,3
665760,2
868239,2
840249,3
386292,2
711604,2
310168,3
770372,2
756239,3
345762,2
308466,2
934406,3
616110,3
103466,3
1000788,2
653083,2
341094,2
360888,1
933217,1
470249,1
593154,3
597738,1
350009,2
165832,3
20471,2
939909,2
1005517,3
230164,3
747445,1
227089,2
403249,3
192083,3
653018,3
942915,1
611236,2
31456,2
843808,2
1020267,2
847753,3
941027,3
214849,1
595848,2
766584,2
601155,3
1005601,1
145118,1
304323,2
489187,2
362247,3
981533,2
95182,2
70289,2
503748,1
363875,3
852371,3
196413,2
114233,2
1020928,3
412959,3
371701,3
770399,1
476215,2
546419,3
6796,1
748302,3
240800,2
382096,3
186411,3
265746,1
837562,2
213621,2
172471,3
855336,1
700273,3
430146,3
563541,3
628140,2
313621,3
151157,3
384291,2
853422,3
292330,1
115284,2
578695,3
503923,1
683174,1
855331,2
344628,3
212077,3
64243,2
737585,1
765801,3
713257,1
14874,2
946245,3
658910,2
1001808,2
640184,2
672111,2
523002,2
838872,3
901780,2
670801,3
704221,3
818254,2
261621,1
496464,3
187530,2
726298,3
950589,1
225439,2
765039,2
593098,3
670699,2
243628,2
869821,1
110801,2
475573,2
790872,2
1035903,3
798592,3
6734,3
1006958,1
293567,1
946429,2
553373,2
505074,1
620852,3
196995,3
112588,1
680555,2
992005,2
772551,2
1006077,3
638019,3
412605,3
612981,3
1043222,2
408530,3
548178,3
609776,2
72587,2
808330,3
921693,3
959328,2
151323,3
900812,2
632027,2
135799,2
215956,3
75129,2
397991,2
278121,3
915814,3
710209,2
491686,2
720619,2
18177,3
509325,1
788086,3
552796,1
1834,2
892060,3
25680,2
773848,3
843,2
113240,1
1015052,2
241119,3
162130,3
960317,2
105182,3
702503,2
348241,2
893730,3
589407,2
286940,1
768817,3
190999,1
786622,2
72939,2
80157,2
124519,2
382582,2
320489,2
817855,3
286116,2
572128,3
711008,2
322369,1
1021027,3
933215,3
121536,1
396424,1
865847,2
439304,2
338958,1
589344,3
552669,3
476452,2
150760,3
367163,2
902861,2
764648,2
96886,1
640316,1
241208,3
665497,2
248155,2
417503,2
832422,3
966898,2
164748,3
872327,3
173182,3
101367,3
532758,3
502962,2
497535,3
429846,2
34936,3
887615,2
794064,2
629448,2
73622,3
762779,2
293470,1
356850,3
865881,1
663480,3
485730,3
117347,2
81566,3
224744,3
183741,3
856808,3
719729,1
396954,3
751374,1
787809,2
622811,1
10473,2
595652,2
788213,2
481414,3
374343,1
701932,3
860658,2
390577,3
506236,2
452409,3
674955,2
983543,3
711548,2
400207,3
732310,2
539048,3
14182,3
776729,3
300204,3
759612,2
916496,2
582640,2
13384,3
134045,3
898773,3
136192,2
408316,3
549598,2
982416,2
691077,2
848720,1
723255,1
244199,3
872179,3
619958,3
860652,2
404668,3
631867,2
1015684,2
695969,1
772389,2
745979,3
383076,1
169298,3
958881,1
353920,2
886448,3
391863,2
863360,1
98021,3
1026279,2
191066,2
992375,3
19379,2
542004,3
571877,3
1008452,2
372775,2
465860,3
525013,3
947772,2
701119,3
911107,3
567535,2
244439,3
110290,3
762592,2
664024,2
879592,1
338250,3
101158,2
814348,3
682419,1
680260,1
317396,3
609686,2
922110,2
434848,3
898298,3
69833,3
659193,2
1037196,3
795792,2
496104,3
422515,1
101238,3
490979,3
652283,2
652985,2
367262,3
206462,2
22491,2
952898,2
283407,3
1007675,1
352431,3
497693,2
1038925,3
450657,2
169041,2
838688,3
434122,1
449991,2
502248,3
932190,2
321333,2
470061,2
649814,2
183627,3
667361,2
33896,2
91912,1
448749,3
862293,3
691548,2
1043359,3
569248,2
681641,3
184666,3
638184,3
712459,3
644938,3
339397,1
189177,3
145859,2
417578,2
789283,1
896793,3
205915,2
836652,3
531228,1
889488,1
473432,3
215540,3
178072,3
593483,2
230100,3
93286,3
529631,2
986814,3
389647,3
24753,3
1036081,1
188767,2
134459,3
502155,2
986848,3
629606,3
523368,1
1012532,2
576222,1
271002,3
943646,2
22634,1
169263,1
870278,3
322382,3
928034,3
561761,2
916232,2
396350,3
971171,2
132730,3
182636,2
992952,3
877947,2
423682,2
218251,3
631350,2
357943,2
279294,3
838857,2
129770,3
159515,3
395655,1
854212,3
153922,2
447917,3
1021404,3
422666,1
695706,2
43562,3
414531,2
422918,2
301470,3
241198,2
990575,1
127037,3
433402,1
483913,2
691503,2
70812,2
279498,2
859690,3
934352,3
834019,3
1000856,3
46384,2
1022019,2
661433,2
1009333,2
539740,2
38561,3
675935,2
688291,2
902699,2
991592,2
508978,1
390036,1
134273,2
665150,2
908799,3
207676,3
389860,1
444241,3
527750,2
976486,2
1027156,3
261971,1
526180,3
52290,3
951001,1
1044400,2
36427,3
749020,3
559166,2
721573,2
968787,1
801705,2
653913,2
884410,2
555288,2
972025,1
639018,3
296640,2
540560,3
867235,2
768662,3
231064,3
245890,3
469883,1
788578,1
799513,2
44055,3
707240,3
640531,3
1022613,3
23098,3
481463,2
106991,1
111262,3
442881,3
496833,2
202264,2
414607,2
361563,2
626700,3
19649,3
176903,2
669701,1
942993,2
166487,3
386339,3
312797,2
851309,1
994750,2
179446,2
78365,2
150523,2
839784,3
259212,3
303038,2
723234,2
700320,3
291261,3
967871,2
828436,2
316030,1
579105,1
531959,3
604147,2
302647,2
608484,2
310166,1
410525,2
399266,3
345722,1
439889,2
17839,1
520405,3
491585,1
980359,3
601982,3
53095,1
660710,1
800535,2
807561,1
756465,2
410391,2
20410,2
62919,2
767905,3
137160,2
590199,1
855530,2
47072,2
428936,2
91383,2
1007994,3
927904,3
248988,3
961228,3
900414,2
817587,1
193372,1
110267,3
677835,3
119017,3
1035659,2
841359,1
67202,2
936223,3
340483,2
846756,2
898385,1
959644,3
398900,3
25527,1
593066,2
86200,3
877862,2
95730,1
630070,3
934637,3
184349,3
493858,2
91290,1
498807,1
384966,2
764332,1
496235,3
509646,2
231076,3
10813,2
418301,2
523989,3
835485,3
740548,3
1043832,3
44967,3
164690,3
842983,3
833834,1
156592,3
381446,1
338662,3
188856,3
980221,2
543279,2
328761,2
178242,3
207773,1
760049,3
475809,3
344441,1
130684,3
696486,3
104299,2
605661,2
114572,2
445969,2
197219,2
515677,2
180318,1
707171,2
329391,1
734883,3
372393,3
915825,3
3620,1
494219,2
490066,1
317288,3
182653,2
645472,3
85970,3
983721,3
915598,2
397223,2
336239,2
851425,3
91696,3
624163,2
1008020,3
382811,3
1044889,3
143871,3
465135,1
488918,1
62284,3
580874,2
17283,1
779958,3
402213,2
953039,2
891725,3
17366,1
916339,2
469480,3
876273,3
19726,3
599140,2
864566,3
805904,3
427704,2
907484,2
220926,2
768077,2
50187,2
485397,2
654686,1
737727,3
150216,3
941313,3
656043,1
79073,3
160909,3
703389,3
988420,2
711755,1
952133,3
59896,1
320326,2
686562,3
1025829,2
707312,3
436427,3
618256,2
418298,3
635842,2
914803,2
30801,1
317665,1
484522,1
332198,3
442400,3
671248,2
225444,3
183842,3
720915,2
355635,3
395787,1
220427,1
463690,1
391718,3
84196,2
594620,3
710277,1
372590,3
831220,3
19585,1
264801,2
732541,2
779069,2
8365,2
319910,3
241271,2
333329,2
937192,2
211022,2
295436,3
387866,3
908747,3
754479,1
317683,1
699824,3
527604,2
494231,3
387063,1
870967,3
670090,3
984667,2
1013236,1
591858,3
929184,2
1037656,3
496919,2
731902,3
704418,3
884831,2
6506,2
715193,3
802987,2
841419,2
604445,2
309760,3
240628,1
253672,1
164941,3
993228,2
960945,3
558938,2
452210,2
268209,2
630121,2
869038,3
561578,2
452924,3
599092,2
127753,3
992157,3
736352,3
959049,1
892301,3
248714,3
125609,2
636406,3
37703,3
835884,1
24855,2
400126,3
352538,2
658601,2
940850,2
380743,2
815760,2
959481,1
550425,3
235727,3
529328,2
969010,2
82868,2
590379,3
39177,3
1038427,3
850260,3
573071,1
368917,3
763641,2
555259,2
575426,3
936346,3
561746,2
515421,3
756503,3
297459,3
567802,2
169003,3
164795,3
677765,2
360612,3
191117,3
692465,2
107500,3
656361,2
964822,2
928626,3
136465,2
764751,3
616,3
661853,2
649531,2
505246,2
926659,2
125889,1
520930,3
86875,3
547329,2
406212,2
87533,3
61833,1
81418,3
615402,1
192596,1
544131,2
99974,1
209220,1
861798,2
587045,2
184590,3
1035892,2
92550,2
284588,2
77805,1
589283,2
520293,2
386337,3
356080,3
249270,3
262389,2
490180,2
852129,3
200580,3
274212,2
346403,2
23090,3
368113,3
442399,3
320737,2
666596,3
201091,1
761427,3
154140,3
291593,3
275766,1
682525,3
189916,3
623766,1
589172,1
74091,1
972408,3
223135,2
683997,3
423974,3
723381,1
344592,2
974059,3
191441,2
303482,2
953522,2
247636,2
129715,3
902758,3
457973,2
398776,1
574977,2
959524,1
1009871,1
772789,2
391961,3
374187,3
216747,3
771626,1
533270,3
956262,2
39164,3
447370,3
543545,2
844864,1
398173,1
1039758,1
444855,3
509820,2
958428,1
928108,3
1045929,2
1023418,3
77855,2
1048486,2
435836,2
78525,2
91228,2
636650,1
297295,2
658609,1
299978,3
359119,3
803942,1
833358,3
131736,2
411899,1
96640,3
939964,1
867794,3
72565,3
473263,2
326687,3
740458,2
737929,2
239184,1
776540,3
109808,3
958684,2
90627,3
692855,2
362237,2
699349,3
290389,2
50698,3
557954,3
768504,2
263657,3
1026940,3
803231,2
939420,2
114613,2
833952,2
555637,2
590781,2
703433,3
875401,2
727241,1
721147,2
357797,2
588947,2
102266,1
260087,2
386603,2
253006,2
88920,3
905523,2
769339,1
218334,2
1047981,2
871391,3
485442,2
1011071,1
720527,1
112815,2
603995,2
629127,3
547824,1
141815,2
1052831,2
585813,2
683039,1
909286,2
821848,2
613623,1
647544,2
57215,1
832291,3
772896,3
840030,1
326021,3
605348,1
186313,2
275005,3
155849,3
749628,1
31627,3
691618,3
327780,3
1007827,3
437135,2
633554,2
519859,3
541892,2
389779,3
894878,2
376669,3
681334,3
748480,2
257100,1
402495,3
446244,3
771693,2
388550,3
575697,2
411193,3
799866,2
395377,3
360448,3
947046,3
783479,2
437721,1
343585,1
952878,3
40656,3
954973,2
27460,3
307053,2
257809,3
263717,2
781367,3
346849,3
46485,2
945543,1
527399,2
614539,2
179256,2
424926,1
542818,2
766383,2
861549,2
952214,2
762842,3
215424,3
523223,3
964621,3
93734,2
623083,2
375413,3
748304,2
139903,2
177856,2
956498,2
743809,3
383082,3
805648,2
130274,2
41797,2
1018734,2
830105,2
985112,3
267476,3
449076,3
686606,2
683287,3
589076,3
452237,2
895975,2
501015,3
659014,1
618976,2
47523,3
138315,1
702216,3
172746,3
544296,2
289662,3
239985,3
830225,3
803300,3
995853,3
757327,1
18510,3
734998,3
805485,2
539411,3
552003,2
366559,2
429019,2
58981,3
872339,2
842677,3
60641,2
921511,3
516991,3
282004,1
205023,2
558186,3
208725,2
378131,2
503574,2
489876,1
137084,3
201637,2
707949,1
960040,2
934864,1
331518,2
513874,3
305919,2
465075,2
871952,2
271489,3
123498,3
85096,2
919075,2
965343,3
686102,3
63795,1
194447,3
111389,3
860546,1
818025,3
765266,2
280160,1
1001605,2
510576,2
915135,2
589879,3
389990,2
616074,3
132902,3
293528,3
189017,2
519939,2
103249,1
138007,3
812077,2
159378,2
53242,1
356484,3
901942,3
839146,2
246353,2
75443,3
44881,2
58724,2
945848,2
1043383,1
515193,2
735941,3
616263,3
651965,2
67706,1
106429,1
501426,3
290823,2
147004,3
732682,2
873941,2
327508,2
383899,3
539182,1
1049519,3
404334,1
389165,3
200844,3
55523,3
441898,2
942256,2
1004339,2
373173,3
475571,2
225810,3
987119,1
773718,2
588650,1
92269,3
500615,3
783269,1
575683,2
1030518,1
95181,3
23761,2
766877,3
864777,2
638952,3
65556,2
921655,3
591076,2
328033,3
799773,2
329294,1
597414,3
509995,2
305373,1
176373,2
1025195,2
617059,1
594891,3
849251,3
359498,3
219925,3
519183,2
69222,3
353852,2
535705,2
447157,3
857291,2
479408,1
737900,3
80308,3
710141,1
188071,2
552510,2
455657,2
724127,3
917590,2
119592,2
450141,1
476801,3
897821,3
189173,1
860407,3
369226,2
322021,2
832135,2
876321,2
120422,2
658904,2
180043,3
872497,1
959707,3
984713,2
950667,2
941704,2
355173,2
399346,2
738091,3
716550,1
292629,3
663009,3
715624,1
183073,1
788508,2
44325,2
520913,1
219808,2
1001090,2
785034,2
897813,1
1049078,1
312599,2
976330,2
211462,3
840054,3
106061,3
67461,2
36608,3
716248,1
603396,2
99034,2
595404,2
394084,2
442198,2
836008,2
516420,3
371977,2
361834,2
1014100,2
407604,3
874935,2
212170,3
111790,1
981703,3
254483,3
966435,2
994291,3
841174,2
98485,2
624898,1
628036,3
532422,2
1002311,3
905388,3
967450,1
487908,2
85663,3
961558,3
749961,1
842145,3
638864,2
980691,3
110291,2
300115,2
206979,1
756559,1
33154,3
600230,2
560993,2
242107,2
540147,1
1047132,3
184230,3
765172,2
364667,3
838293,3
537622,3
978572,1
156264,1
892038,3
396143,1
775410,3
412368,3
332620,3
992415,2
860985,1
18123,1
274970,2
301255,3
329611,2
863098,3
976670,2
83122,1
591498,2
1037168,2
532550,1
609873,2
767355,2
71491,3
265509,1
1042504,2
37188,1
397930,3
74279,3
583498,3
321633,3
347610,3
199596,3
541329,2
896054,3
103711,1
916037,1
883028,3
389003,3
528024,2
1047279,2
940010,2
230453,1
281383,3
898175,1
837363,2
997399,2
912148,2
575279,3
351852,3
375609,3
611359,2
925339,2
45624,3
273558,3
451051,1
179101,1
777745,2
875393,3
926368,2
80426,3
389374,3
892356,3
173231,3
821674,1
570805,1
467250,3
330018,3
972134,3
1007263,3
95926,2
232023,3
477623,3
262490,3
44572,1
941647,1
790637,3
362198,2
160623,3
567612,2
732938,3
672158,3
87294,1
806503,1
42923,3
674125,1
204931,3
687757,3
802556,3
134213,2
355946,1
186043,3
436576,2
458547,1
40776,3
158059,1
17840,2
902621,2
545797,3
673157,3
914103,3
79836,3
423883,3
6273,3
169338,3
927160,3
708167,3
491549,2
452288,2
797898,3
546334,3
527074,2
484121,2
1010434,1
358712,1
661085,2
304423,1
287396,3
6817,3
929314,3
1041787,3
681159,3
424723,2
826092,2
568067,2
697139,3
418822,3
453564,1
891932,3
981720,2
1051507,2
480016,3
1019520,2
742335,2
295998,3
1001679,2
470950,2
712772,3
245035,1
196617,2
380706,1
350732,3
673230,2
619926,2
684981,3
122390,2
1013297,3
82078,2
548388,2
174188,1
519465,2
280966,3
675166,3
357329,3
425054,3
856299,3
321549,2
122551,1
664190,2
88742,2
250370,2
522908,2
494796,2
331328,3
140590,3
816187,2
887466,3
493751,1
650800,3
723839,1
741637,2
70122,3
463159,3
412377,2
1010904,3
470391,3
769728,2
898350,2
1034634,3
740560,1
289701,2
447914,2
1006622,2
895444,2
75673,3
596216,2
96761,1
350972,2
957194,2
483802,1
894212,2
511631,1
389853,3
369523,1
573329,2
550792,2
1033476,2
974739,3
612638,1
483338,2
581119,2
777124,3
315675,2
704170,3
289364,1
958418,1
279537,2
626146,1
231877,3
987661,2
375316,2
114046,3
367972,2
692840,2
834835,3
772982,3
322552,2
825447,3
896009,2
493522,2
644522,1
989503,2
225154,2
813393,3
640152,1
634440,2
438103,3
865461,1
312750,2
571255,2
520675,3
144368,3
120328,2
719472,3
365304,3
452554,1
843654,2
407114,2
668112,1
312184,3
132348,1
519677,3
40481,2
502198,2
138550,2
305395,2
1008229,3
1048368,3
548325,3
320434,3
945592,2
247905,1
161757,2
172194,3
242024,2
109835,1
1004940,2
730452,2
101768,2
190460,2
133504,1
885523,3
270948,3
551199,1
838382,3
601342,3
737054,2
389610,2
620617,2
1052215,3
4896,3
337486,3
530655,1
317368,3
535020,1
206859,3
752967,1
703625,3
609097,3
110386,2
314696,2
696864,2
382338,1
521629,2
340667,3
889437,2
665705,3
849746,3
12652,2
571702,2
70527,2
859886,3
470546,3
261869,2
805172,1
82027,2
275216,2
648478,3
628193,2
528678,2
21616,3
935707,3
204639,3
953317,2
60784,3
221116,1
210520,2
584647,3
560615,1
1006766,2
411941,3
368584,2
934025,3
245339,3
731747,2
448350,2
675765,2
542021,2
21386,1
987978,3
161595,3
870504,3
363242,2
600360,3
683680,1
769303,2
458264,3
624543,1
3418,2
328264,2
109454,1
170773,2
413151,2
649762,2
155568,2
649334,2
355620,2
105880,2
930519,1
945788,1
831775,1
935210,2
632323,1
446109,1
270444,2
974782,3
907071,2
922701,2
957087,2
275568,2
782481,2
664277,3
867860,3
154998,3
335613,2
485194,2
127757,2
615874,3
391625,2
109671,2
350919,3
76893,2
753591,2
333900,2
868230,3
71235,3
348797,3
784339,1
526869,1
897980,2
658856,2
272431,3
677397,3
181921,1
730652,3
950730,2
504668,2
66395,2
110784,3
704058,3
645976,2
368368,2
505558,1
588618,3
38611,2
1050209,3
817724,2
324191,3
50516,2
62567,2
997232,3
613062,1
85051,2
708016,2
967732,2
592517,2
223663,2
505828,3
280243,2
37671,3
716241,3
950092,1
292138,2
265560,2
428992,3
35423,3
859264,2
515373,1
6933,3
819349,2
463308,2
285595,3
584824,2
219232,2
831409,3
232635,3
56416,2
250834,3
322936,3
688373,3
149223,1
496675,2
469063,2
922425,1
805509,1
539269,1
163587,2
1007236,1
790392,2
886057,2
796467,3
126301,1
869,2
791667,3
373724,2
493373,1
647423,3
62024,1
664725,3
890389,2
111781,2
1009734,2
834058,1
810527,2
985248,3
359333,3
328101,3
1005863,3
126909,3
510074,1
416207,1
745880,3
335647,2
817539,1
851601,3
173630,2
1043342,1
137069,2
961385,2
100943,2
261978,3
359607,1
382211,3
354287,1
835680,3
663909,3
447698,3
545798,3
913259,2
371739,3
977767,3
650153,3
475754,2
881908,2
650706,2
247375,3
1008478,3
752067,2
988278,3
778185,3
540825,3
201351,2
401481,2
313174,1
926679,3
128233,3
497426,3
972340,3
184949,3
403301,1
708902,3
1043759,3
41259,3
527935,3
480807,2
1016504,3
286387,3
657972,3
471489,1
358899,2
252478,2
913444,1
1033237,2
937030,2
38755,3
309123,2
991065,1
75078,3
737856,1
23425,1
164874,2
1038201,3
799648,2
773745,3
365530,1
832751,2
585700,1
855591,3
203087,2
319659,2
1018809,3
701907,1
84700,1
925022,3
953962,2
389613,2
476160,3
733264,2
193542,3
574854,2
218799,2
784812,3
488773,2
946239,3
519310,1
131527,2
352071,1
331717,2
982022,3
225728,2
425685,2
55584,2
771593,3
402192,2
892188,2
264908,3
617388,2
890956,3
875019,2
69090,3
647037,1
336651,3
274061,2
470291,3
8495,3
1004878,3
430386,1
877380,2
776041,2
863162,2
175136,3
738365,3
518626,2
780181,1
908891,3
668209,1
345187,2
353728,3
709815,3
234162,2
85252,3
137513,3
334124,2
100143,2
985128,1
128741,3
780958,1
661444,3
246808,2
730896,1
420783,2
985966,3
114940,3
839199,2
896974,3
325872,3
942408,3
419964,3
168406,2
18629,3
243968,2
537010,3
328340,2
743886,3
896988,3
675266,2
999272,1
57501,3
591546,2
1033634,1
701412,3
471037,2
312192,3
846491,2
439805,3
92575,1
611235,1
128640,2
162527,2
507021,2
236701,3
79912,1
295556,3
568149,2
241715,1
607820,3
221280,2
1021344,2
770758,3
524245,2
141898,2
469997,3
534391,3
459258,1
747513,3
757187,3
555138,1
18448,2
982926,3
433940,3
711020,2
297644,3
131199,3
888853,1
1039482,3
799093,2
832464,2
572898,3
239610,1
953744,3
225659,2
765147,1
827588,3
121689,2
820864,2
790357,2
626260,2
449988,2
51087,1
31045,3
518930,2
843191,1
1025492,3
432789,2
1049901,2
667664,2
420326,3
987245,2
669527,3
285039,3
1033601,3
1046039,3
734707,3
892737,1
1027010,2
599518,3
927601,3
746243,2
291594,1
637339,3
689703,2
21528,2
1041667,3
682500,2
966334,3
116058,2
999405,3
1010257,3
237996,2
193666,2
793012,1
263033,3
769523,2
509128,1
418530,2
444527,2
400631,1
742784,2
490156,1
324893,2
798696,2
338907,3
215233,2
234337,3
315926,2
227054,2
257400,2
706366,2
1045973,3
51915,2
508644,2
52945,3
266046,1
870597,2
243159,3
431591,2
315910,3
1016397,1
297915,2
1001069,2
775037,2
532567,3
494788,2
878611,3
114917,2
225351,2
987425,3
150163,3
278046,3
961662,1
1008287,2
141778,1
563491,2
591440,3
867433,2
130401,2
845833,3
1040318,3
143839,2
842785,1
794658,2
131363,3
781375,2
966632,1
96160,2
23270,3
151413,2
45775,1
907967,3
876083,3
638381,1
144693,1
537458,2
332677,2
934686,1
685727,2
402938,3
693487,2
650955,2
68857,2
230919,3
652626,2
365105,2
1000528,3
204503,2
144145,1
792738,1
767255,3
1008463,2
230014,1
1035350,1
573628,2
532119,1
544470,2
504680,3
93492,3
109670,2
312235,2
679062,2
723211,1
549395,2
917803,3
94896,3
1046464,3
1051690,3
384799,1
904396,2
680377,2
467455,3
641062,3
310313,3
999078,2
854194,2
677326,2
89785,2
507335,2
290360,3
51631,2
693812,2
67183,3
990690,2
40006,3
198383,3
356778,3
163012,3
842916,2
855493,2
113051,3
574836,3
515830,2
160994,2
497930,2
185521,2
647596,1
188960,2
742126,3
13437,3
796952,1
959159,3
341194,3
193460,2
22769,3
957097,1
101176,3
298581,3
911854,3
55147,1
371819,3
533207,1
304599,3
620041,1
633141,2
679038,3
217280,2
575576,2
444001,2
301625,1
335615,3
360757,3
818492,3
166135,3
750433,3
428168,3
163274,2
591920,3
816215,2
11026,3
694393,3
400596,2
257294,2
621129,2
200900,3
344716,3
120698,2
666998,3
955777,3
92863,1
841373,1
926557,3
156790,2
760581,3
171091,3
137771,2
858792,3
137902,3
326771,3
219915,3
439379,2
372789,2
656012,3
897632,1
5851,2
146326,2
899628,2
624046,2
557329,3
72302,3
478915,3
729567,1
444602,3
51173,3
958912,3
847128,2
1033577,2
701542,3
489573,1
244538,3
491105,3
384327,3
718994,3
452935,2
731048,2
691362,2
204078,1
752725,2
1041468,1
888428,1
600571,3
119018,3
821455,3
849439,1
455383,2
766659,3
423712,2
2404,2
322682,3
726536,2
159599,2
568234,2
566432,3
455321,3
1035422,1
302410,2
956419,1
317962,3
629191,2
858846,2
956317,3
917217,3
993893,3
806885,2
289335,3
900296,2
789609,3
908923,1
64883,2
36940,3
106787,2
240710,3
463467,3
30452,1
457339,1
873703,3
71521,3
749613,1
634034,3
253574,3
752007,1
717941,2
123682,3
343824,1
264619,3
470682,2
654529,3
962531,2
194569,3
1005501,3
887445,1
747206,2
571184,2
96174,1
433307,3
19516,3
203408,2
726314,2
40969,3
222710,2
461031,2
770508,2
794377,3
571109,2
299331,1
976054,1
711320,2
79500,3
414825,1
889201,1
606744,3
226919,2
811007,2
962397,3
65865,3
456932,2
492700,3
524568,3
967376,1
721516,3
1031046,2
456358,3
580712,3
442569,2
547704,2
159053,2
212746,2
899539,3
527298,2
631782,1
687036,3
534461,3
125158,2
1019133,2
871444,2
699738,2
470490,2
426502,2
726797,2
568148,2
633796,1
638849,3
882794,1
255089,2
150143,3
517030,1
923733,1
851167,3
235087,2
486003,2
494150,2
933262,2
729094,2
425098,1
431498,2
261106,3
463043,3
187159,3
902019,3
728730,3
680364,3
864251,3
143479,3
229176,1
6863,1
542306,2
540313,3
143090,2
480442,3
166157,2
411327,3
914878,3
225107,2
615173,2
599449,2
976086,2
37400,3
740653,3
446575,1
19193,1
377201,2
670983,2
241824,2
347159,1
823081,1
913769,1
451460,2
442963,3
436931,1
829811,3
306424,2
398795,1
401698,3
1049242,3
580620,2
999510,3
60927,3
49347,2
674302,3
612398,3
117544,3
204989,2
565305,2
709393,1
305953,2
1029047,2
840347,1
89738,3
940319,1
857206,3
517117,2
225418,2
67668,3
298318,3
573877,3
724165,1
943521,2
115011,3
295449,3
715115,1
726188,2
872826,3
389216,1
489415,3
515181,2
1013460,2
509921,2
906905,1
279575,3
481965,3
866662,2
63695,2
895508,3
4974,2
344531,3
693135,1
246564,3
890117,3
721150,1
78150,3
420552,1
496015,2
505977,1
628722,3
417150,2
267597,2
190296,2
865971,2
280790,3
1044975,1
853058,1
1011530,1
744820,2
144850,3
413819,2
807907,2
358003,2
741989,3
598060,2
518646,2
648251,2
755623,1
784026,1
235517,2
663568,3
649382,2
405161,2
793366,3
238679,3
400287,3
427770,1
584439,1
330592,3
854738,3
311610,2
153308,3
780652,3
342819,1
340211,2
118387,1
604523,2
189073,3
225634,3
157674,3
686908,3
44024,1
582854,2
698045,1
259457,2
167670,2
932921,2
897425,3
849208,1
354069,2
357376,2
396530,3
916067,1
546332,3
494124,2
144875,3
723282,2
675453,1
949103,3
1010217,2
335969,3
460138,1
1004130,2
1013612,2
653960,1
130626,3
771092,3
1015332,2
774183,2
609369,1
853908,1
642051,2
885407,3
425014,3
389894,1
615363,3
794063,1
998514,3
432182,2
434591,2
557263,1
515277,3
1000739,1
1017561,2
821765,3
227466,3
801902,2
816397,2
913154,3
570777,1
876113,1
199896,1
538981,3
416495,2
751732,3
712197,3
941948,2
469286,2
602598,3
175877,2
545145,1
926259,3
293483,2
953914,2
598625,3
515852,1
725541,3
157847,2
127044,2
725884,3
242040,2
1052343,3
101211,3
889741,3
68378,3
478089,3
617361,3
734320,3
770031,3
267161,2
92393,2
829077,3
1015547,1
771552,3
782254,3
314817,3
991076,3
633047,1
1007973,3
68213,3
569221,1
797448,1
531875,1
281992,2
915196,2
663703,3
207443,2
525819,2
511100,3
903601,2
553584,2
64977,3
195108,2
214053,1
711888,1
53420,3
769441,2
710212,2
570391,2
107499,2
474374,3
1035910,3
497742,1
291611,3
479720,2
990125,3
599865,3
892987,3
166057,1
856692,3
752323,2
35863,3
912575,2
88090,2
200974,2
989866,3
994753,2
125831,2
693382,1
630875,3
180668,1
783920,3
965261,1
664866,3
542797,3
1007033,2
896261,2
812448,2
375389,2
37236,2
24798,3
705474,2
510833,3
285092,2
738387,2
634520,2
430,2
813113,3
556953,2
441067,1
613739,3
538143,3
1011404,3
39136,3
469006,2
672269,2
865522,2
19526,1
469486,3
199173,3
548704,2
9287,2
33833,2
701251,2
144660,1
710571,3
816264,2
619889,3
672707,1
370219,1
885458,3
992400,2
634877,3
620290,3
750740,2
62243,3
1016798,3
727174,3
250117,2
370903,2
6995,2
876407,3
983747,3
826444,3
911113,2
159032,2
837818,2
905393,1
947850,3
725716,2
506482,2
519372,1
765401,1
225021,1
619094,1
402162,2
433023,3
596251,2
843023,2
981970,2
485324,1
282688,2
236529,2
559604,3
901186,1
87466,2
311200,1
803570,3
843208,3
815540,2
942184,1
941378,3
506167,2
290359,2
717515,2
170681,2
786706,1
775167,2
1020340,2
90524,3
601177,2
537976,2
720580,3
989932,2
827161,2
936038,2
708680,2
39442,1
129303,1
118021,3
120986,2
926811,2
787233,2
162463,2
540482,3
843299,1
781165,3
380272,3
54244,2
710552,1
952373,3
907242,2
374273,3
288560,2
229166,2
990454,3
1024974,3
217774,3
845459,2
341212,3
56448,2
59567,3
827686,3
272295,3
123703,2
519303,3
873322,3
651000,2
170839,1
792373,1
433347,3
469539,2
67704,1
455868,2
124958,1
712470,3
495375,1
866011,3
103382,3
630276,3
627926,3
887903,3
727235,2
182124,3
252348,3
728614,2
586452,3
65062,3
422306,2
121366,1
491858,3
893551,3
785275,2
669509,1
369177,2
201213,3
710216,2
127685,3
932483,2
380810,3
454459,2
951386,3
846388,3
347398,1
525087,1
700206,3
226573,3
893746,1
181,3
228970,2
690057,3
230186,2
86508,3
941981,2
158594,1
317227,2
298467,2
814806,3
462665,2
549471,1
148066,2
532597,3
1030391,3
382558,2
28997,3
995136,3
978297,3
247010,2
844206,2
239858,2
463298,2
570019,3
127789,3
1024805,3
984710,2
606825,2
303105,1
257979,2
783591,3
757580,1
527526,2
210385,3
610727,2
969504,1
50881,2
947000,1
59922,3
839218,1
906366,2
643641,2
653201,2
518150,2
969556,2
384854,3
783600,3
371246,3
887705,2
457762,3
789030,1
658732,2
197938,1
874256,3
482631,2
45175,3
345420,2
200249,2
897054,3
839331,2
655119,2
869858,1
557727,3
1003405,3
130579,3
516179,2
45105,2
212567,2
92537,1
218375,2
21098,1
777253,1
438627,1
876301,2
266338,3
631049,1
517542,3
903898,3
172656,3
921531,2
1038147,3
57472,3
706677,3
6764,2
781984,3
545854,3
724018,2
1027184,3
18790,1
61735,1
174858,2
541839,2
611976,2
913271,1
119970,3
545069,2
1000815,2
693362,3
96275,2
427334,2
604143,2
946709,2
114189,3
699630,2
616356,3
369874,1
295611,3
546095,1
110941,3
488274,2
849508,2
93829,2
615543,2
475165,3
438320,3
752603,2
213857,3
519517,2
461525,3
329075,3
618016,2
401668,2
299553,3
669846,1
26457,2
508091,2
676640,2
213490,1
855521,2
749848,3
1051731,1
404882,2
19850,2
558179,3
613567,2
288876,3
913721,3
945591,3
464051,3
734991,2
753846,1
202602,3
123763,1
72950,2
140843,3
387701,2
390290,2
866701,2
1004276,2
282979,3
482417,3
659334,3
51018,3
464370,3
15253,3
99228,3
410839,3
156737,2
866131,2
496164,3
268969,2
779228,3
91241,3
465096,3
259511,2
476259,2
386396,3
577231,3
753380,1
541720,2
770937,3
231746,3
318940,3
240796,1
380,2
264423,2
105586,3
99926,2
626436,3
348987,2
643589,2
691705,1
425251,2
285495,2
61797,2
1037617,3
705100,2
640485,2
662237,3
467893,2
807620,2
940199,2
93543,3
412731,3
614431,1
718666,3
47252,1
924499,1
576872,3
1037470,3
156587,2
652687,3
412754,3
671514,3
414497,3
1051784,3
982639,2
643789,3
452238,2
689967,2
114375,3
281661,2
412706,3
813382,1
519230,1
436519,1
210317,3
432037,3
614927,1
945241,3
426557,3
843909,3
145267,3
693804,2
641005,2
886451,3
294342,3
260725,1
713986,2
20567,3
184641,3
1011819,3
323989,3
632586,3
1044515,2
183236,3
156125,2
202068,2
566639,2
944583,2
1027297,2
147193,2
788214,2
115385,3
402372,2
102757,3
987164,2
352089,2
905497,2
501692,3
1041641,3
95816,3
559773,3
640363,1
908962,1
882857,2
754050,3
263205,3
935982,1
564623,3
980798,1
62015,2
809726,3
669893,3
403805,2
138470,2
868047,2
279208,2
12641,3
905817,1
232980,2
875165,2
574743,3
794406,3
20962,3
110834,2
339919,2
337797,2
906056,2
871684,3
618064,1
770770,3
254717,2
653398,3
685739,2
1023201,2
566479,2
940946,3
349787,3
244547,3
725262,1
201447,3
480835,3
408037,3
666458,2
906761,3
478216,3
481655,1
706139,1
425589,3
961883,3
987623,2
846468,3
178932,2
698157,2
87308,2
185060,2
187935,2
500762,3
335420,3
408633,2
812907,1
611605,2
1036766,3
175411,1
503052,2
569856,2
91137,3
891540,2
400248,3
476300,3
395362,1
879960,1
732885,2
996238,3
698381,1
652671,1
977086,2
406029,1
409594,2
471019,3
212361,3
344156,1
275196,3
522377,1
802409,2
681422,3
163552,2
308296,3
240168,2
622327,2
169359,3
131710,1
660235,1
722180,2
257004,3
471852,1
208750,2
154378,2
211239,2
926281,1
780364,3
745194,1
918,2
397663,2
842810,1
707090,3
403684,2
374323,3
561586,2
787623,3
848328,3
933174,3
677461,3
163525,3
589233,1
876170,3
916340,3
662361,1
996418,1
995869,3
255408,1
557072,3
498083,1
1043993,2
390724,2
674192,2
1025451,3
491786,3
305164,3
674863,2
862515,3
280298,2
182329,1
1027580,3
298644,3
172454,2
755703,1
449509,2
303157,3
888696,2
732984,3
930077,2
194551,1
978721,1
926415,3
581541,2
135092,3
188111,2
162563,3
640141,3
668177,3
362063,3
284729,1
891239,3
445953,3
1017157,2
940541,3
253867,2
213956,3
770939,3
892933,1
78680,3
337785,3
936660,3
547161,3
956546,1
436934,3
737608,2
181312,3
335851,2
168720,3
457391,2
77962,2
376952,3
991832,1
821808,1
777690,3
82255,3
227506,3
345888,3
510258,1
587603,1
459610,3
535498,3
449162,1
743275,1
8217,3
411798,2
617852,3
387551,2
350319,2
800635,2
539807,3
551973,3
77350,1
497641,2
960224,2
497494,3
509005,2
689792,1
337984,1
689167,2
36086,3
389267,3
831475,3
70739,2
922009,3
863260,3
259889,3
632516,2
738278,3
672510,2
808393,2
583247,2
274115,3
4211,2
375624,3
751349,3
797905,1
382957,3
1001144,2
1048204,3
90863,3
211522,3
715261,3
334170,2
295308,2
315088,2
409519,1
607729,2
153035,2
663811,3
40123,2
921768,1
441758,3
291373,3
279219,2
148368,1
994052,1
638329,3
848327,3
302945,3
1026218,2
736292,3
884599,2
296399,2
520709,2
407702,3
322915,2
1040366,1
80242,3
528757,3
835083,2
180063,3
98411,2
133325,3
730940,2
321859,2
131509,1
345534,2
168966,3
378666,2
801157,3
890692,2
330625,1
144007,1
247786,1
418725,3
240963,1
180329,1
1022939,1
670304,3
422755,3
808333,2
882393,2
74410,3
594525,3
1035066,2
230753,1
718959,3
919681,3
343239,2
459122,2
640594,3
38784,2
665870,3
440257,1
208365,1
856817,1
756412,1
183542,2
353464,2
629795,2
248263,2
59823,2
756963,3
820279,1
672839,3
592097,2
213043,3
209600,2
484757,2
584207,2
323325,3
739393,3
809055,2
448476,3
831562,3
359838,2
619437,3
880238,2
736380,1
1022788,1
738324,1
1006823,2
1016741,2
603771,3
944464,3
1039444,3
638391,2
343833,2
377082,1
872829,2
815334,3
492767,3
456128,3
145190,2
806414,3
879996,2
887327,3
682375,3
368367,2
401979,2
565881,3
568772,3
590589,2
523899,3
424847,2
802163,2
956497,2
374087,1
532902,2
585871,2
302671,2
604915,2
489680,1
863008,2
599038,3
76492,3
158080,3
966566,3
183242,2
197909,3
344421,3
712139,3
474184,1
741586,3
120087,3
31413,2
347608,1
439502,3
34993,3
418284,3
619558,3
340375,1
160938,3
416929,3
780935,2
437531,1
35521,2
304458,3
589544,3
267046,1
429833,3
548399,3
526044,2
349511,3
554604,1
382655,2
894352,1
146602,3
34619,2
185082,3
582714,3
782893,3
825104,3
560143,3
500290,2
22007,2
387183,3
213354,2
211929,2
81510,3
656576,3
551572,3
712789,2
481501,3
538592,2
373633,3
359134,2
69840,3
732293,1
27565,3
761522,3
278268,3
954965,3
722786,3
616596,1
327500,3
891761,3
590987,2
939165,2
26214,1
178409,3
821482,2
312845,2
258822,2
232193,3
970504,3
533646,1
921512,3
132993,3
997528,2
708678,1
191481,2
970279,1
203861,3
433895,3
30782,2
199452,2
375604,3
271942,1
519863,3
307116,2
63721,3
486136,2
561970,2
492983,3
993979,2
551322,1
1014142,2
428034,3
69166,3
179052,3
160393,3
723392,1
731845,2
219620,2
82219,3
52460,3
133468,2
258315,1
800475,3
524180,1
214020,2
152113,2
351824,1
589618,1
318102,3
29785,2
683837,3
660930,3
268107,1
872794,2
834037,2
449939,1
552762,3
252687,3
121433,3
1004451,2
314305,2
635123,3
589293,3
575566,3
11390,3
452138,2
413486,1
654512,3
128168,3
69393,2
9664,3
106451,3
961181,3
918700,2
43098,2
386773,1
126254,2
673211,2
173354,2
763159,2
12905,2
995728,3
939382,2
51074,2
125221,2
964365,1
606971,2
913278,2
609206,2
802783,1
965632,2
306452,3
714490,2
512018,3
864554,3
22019,2
545185,2
396994,3
240959,2
838920,3
100,3
212007,2
682642,1
105062,3
723552,2
830762,2
939079,3
155124,2
448741,2
1045479,1
279354,3
599240,2
777685,2
552950,2
539162,2
8817,1
456518,3
874321,2
249302,3
949284,1
1022056,1
39207,2
614068,1
758867,2
194725,2
424595,3
90081,3
412671,2
331559,3
354249,3
750958,1
220231,2
797934,3
234798,3
150218,2
1039057,2
880743,2
586954,3
451865,2
800281,2
229190,3
195162,3
1035527,3
941056,3
225019,2
274596,2
760489,3
891288,3
233416,1
43719,3
615052,3
1043569,3
262901,2
221639,1
323686,2
247854,3
1041883,3
360233,1
125225,2
795705,2
983206,3
748327,1
777631,3
329263,1
982167,2
1003334,2
185274,2
907134,3
315006,1
1018977,3
923212,1
164565,2
919345,2
468592,2
920267,2
842283,3
424060,1
510092,2
342118,1
845069,2
1044080,1
366403,2
1051897,2
571169,1
936006,2
242294,3
891264,2
194894,2
1033948,1
586114,2
21696,1
873602,3
158727,2
509800,3
247226,1
805743,3
604473,3
364297,3
36632,2
634975,3
411763,2
182125,3
625188,2
789651,2
331086,2
467928,1
356980,3
504973,3
794471,1
953986,3
52127,3
130378,3
1023188,2
277130,3
1040398,3
789325,3
469435,2
978627,3
281217,2
522084,1
1047455,2
481233,3
300533,2
399144,1
294169,2
379599,2
487645,3
272693,3
748037,2
582858,2
35945,2
615133,1
541744,2
629942,3
265957,2
43180,1
738600,2
810857,3
577431,3
812841,3
649314,3
1044595,3
338263,3
834153,3
351766,3
82827,1
660655,1
914774,2
723988,1
133373,3
390566,3
697404,3
801301,2
950828,2
866492,3
743083,2
23754,3
748855,1
812117,3
650367,2
537880,2
981945,2
821423,3
702280,2
539071,3
646724,1
927572,2
525669,2
526696,3
153473,1
925784,1
615840,3
722133,1
158886,3
429530,2
975422,3
504990,2
587786,3
430475,2
141971,3
596687,3
317193,2
1003162,3
497471,2
660827,1
161070,2
800078,3
653176,3
494397,2
736092,1
823489,3
1045143,3
977848,3
423472,3
181582,3
1002926,2
913383,2
561114,2
194304,2
446356,3
913218,3
953661,3
87263,2
302425,2
1733,3
700350,2
174238,3
136935,3
293083,3
936283,3
532916,3
843946,2
238552,3
295536,3
450483,3
933886,2
449447,3
155493,3
1042317,3
389511,1
1016766,2
680190,2
606687,3
864677,3
302966,2
417693,3
97534,3
980984,3
121310,3
719984,3
1029933,3
676891,1
562880,2
363059,2
957249,3
695195,3
964038,3
879414,2
929552,2
451939,2
742687,2
772054,2
307107,2
748362,3
820076,2
565852,1
283830,2
781546,2
213331,1
97919,2
472643,1
243679,2
413189,1
876061,3
897729,1
194172,3
572875,3
365172,2
990350,1
352435,3
243135,1
287509,2
1051889,2
428746,2
300756,3
766497,2
908673,3
890119,3
815759,2
797019,2
523136,2
641405,3
534012,3
703562,3
278487,2
444643,1
515115,1
760810,3
127816,2
949156,3
929824,1
261299,3
775081,1
605258,1
34259,3
865828,2
303685,2
378522,2
723902,2
605672,2
634934,2
595597,2
398178,2
536397,2
731438,2
1040323,3
216528,3
181360,2
766290,3
67345,3
724328,1
181553,2
260124,3
984222,2
269883,2
887605,2
104749,3
929880,3
852027,3
583008,3
728632,2
392440,3
632853,3
445126,2
659336,3
810015,1
982638,2
641905,3
304929,2
606671,2
584429,1
820211,3
1030845,3
747440,2
814424,3
755385,1
621061,3
553908,2
1003912,3
347219,3
527222,3
397119,2
789168,3
50229,3
298366,1
519842,3
1002185,3
983926,3
625322,3
108685,2
339424,2
537852,2
750626,1
101073,1
277312,1
900626,3
644376,3
883710,3
627074,2
443340,1
658647,3
643021,3
232399,3
529982,3
145872,3
413862,3
475028,1
728887,3
172717,2
200924,3
199634,1
57311,3
388993,1
276846,2
44622,3
956013,3
482890,2
307811,3
130679,3
546323,3
838599,2
91956,3
571118,3
1008915,3
625340,3
943628,1
696344,2
639618,1
486777,2
464835,2
808960,3
868173,1
612551,3
446073,3
332660,1
66196,2
797799,3
614445,3
430160,2
583755,3
1004099,2
644687,2
834376,3
963168,1
304302,3
505509,1
641225,2
184037,3
958655,3
1034096,3
347238,2
50679,1
645993,3
170475,2
286582,2
188507,2
170860,2
529190,3
570394,2
944858,1
407502,3
109579,2
483084,1
938749,2
569956,2
1035919,2
703637,2
737174,2
605450,2
410436,3
86689,3
466798,2
549392,3
724438,1
996267,2
2897,1
937879,3
203559,1
766052,3
18502,2
322072,3
393411,3
865348,3
991343,3
1042147,2
983897,1
1034403,2
376155,3
368447,2
329335,3
252428,2
998164,1
761954,3
545559,1
428308,1
488600,3
749045,3
464284,2
9650,3
987881,2
822849,1
845242,3
381522,3
863116,3
491196,3
691375,3
495852,2
1041098,2
171395,3
923811,3
32787,3
848238,3
830267,2
262383,2
742279,1
36767,2
31993,3
891652,2
327162,3
163701,2
502384,2
839102,3
669976,2
887455,1
821792,3
499075,2
1034033,3
792055,2
844713,1
968499,1
849510,2
494626,2
175685,3
919331,3
714241,1
966921,3
96375,1
353636,2
688173,3
719888,2
877138,3
777688,3
902021,2
985843,2
900174,2
948809,3
458923,2
912954,3
790073,3
934798,2
1044057,1
395321,1
102423,3
959450,1
421270,2
9997,2
168665,2
112649,3
637185,2
920510,2
518700,2
848303,2
688473,3
72145,2
1047462,3
697724,1
95266,2
420129,3
413823,1
273947,2
362696,3
944804,2
25758,2
352217,1
248589,2
776926,1
226649,3
336783,2
971006,3
237753,3
1006982,3
463739,1
919859,3
32985,3
854784,3
33956,3
744343,3
597248,2
834268,1
915599,3
219674,2
547070,2
561064,2
193315,2
762208,3
823158,1
444136,2
1024025,3
873487,3
784173,3
749012,3
942472,3
933030,1
401307,3
196211,2
875220,3
178947,3
880415,3
211430,1
213176,2
428649,2
137635,3
873199,3
204053,3
624961,3
254326,3
253682,3
740086,2
644628,3
432069,3
339405,2
233657,3
536010,1
425443,2
339882,3
109697,1
748288,2
288144,3
96217,1
630818,3
990008,2
352836,3
1000705,3
40898,3
992667,2
42141,2
948220,3
399999,3
327296,2
447501,1
678734,3
330807,3
335828,1
377572,3
697706,3
464847,2
1036637,1
890902,2
457203,3
50353,2
894616,3
98385,1
575686,3
131663,2
11371,2
438006,2
485127,1
64758,2
185885,2
274821,2
1003823,2
155993,3
441385,3
113895,2
178814,2
770176,2
234394,1
496395,3
1048593,1
1029883,1
574033,2
212270,2
154237,3
598051,2
991230,1
545704,2
658207,2
120675,3
693894,3
449046,2
209373,3
394955,2
506925,2
367514,3
4681,2
334154,1
1002460,2
592121,3
409743,3
986407,2
486282,3
888157,1
554951,3
623256,3
82968,3
424008,2
806678,2
702546,3
889992,2
67791,2
977423,3
1018341,3
110501,3
996291,3
915834,2
134231,3
275962,3
555576,1
1027353,3
95471,3
810359,3
573914,1
315929,3
478617,1
229448,2
752239,3
603820,2
392919,3
422968,3
206253,2
719144,3
500364,3
112506,3
277131,3
251793,3
904882,3
461668,1
583014,1
653935,2
182280,2
158097,3
620007,1
95021,1
476630,3
370651,3
31132,3
334512,2
10206,2
145436,3
306879,3
132149,2
151170,3
675398,2
215362,3
397271,3
629870,3
20901,2
584599,1
480469,3
790707,1
913222,2
358443,2
312897,2
498945,2
884446,2
293629,3
734638,1
994201,3
848079,2
494565,2
870176,2
758223,3
768090,3
680741,2
815100,3
307504,2
74145,2
3589,3
148994,2
770272,2
508314,3
727869,2
365063,2
681736,1
78747,3
760326,2
154428,2
453241,1
882847,3
538054,1
416684,1
286547,3
565730,3
89890,1
782786,3
225772,1
391756,1
316578,2
226045,3
872284,2
466372,2
552925,3
913100,3
636065,2
683417,3
489062,2
262661,2
549223,1
76991,1
257351,2
344786,3
637470,3
750985,2
720246,2
55068,2
197569,2
10824,2
187449,3
679210,2
145222,1
147539,2
723667,1
596652,3
138400,1
479100,3
788565,2
615766,2
305755,1
941455,2
504160,2
392889,1
254816,2
847573,1
106948,3
528109,2
643314,3
601019,3
112551,3
216939,3
838556,2
933611,2
46500,3
74286,1
930164,3
663763,2
407433,3
883782,2
791926,3
392958,2
227848,1
515336,2
963253,1
729269,1
408396,3
456717,3
130916,1
191315,3
725353,2
773777,3
683715,2
678036,2
898280,3
175670,2
876117,1
724260,3
244296,3
977161,2
208236,2
953890,2
631107,2
940028,3
82634,3
417380,2
755840,3
729262,3
164831,2
116391,2
444833,3
684376,2
921094,3
564164,3
15033,1
577701,2
161553,2
859778,2
790443,3
337128,3
849575,2
861094,3
456092,1
815962,3
139982,2
425988,2
578693,3
905164,3
1014938,1
299224,3
190659,2
451521,3
203300,2
635732,3
716996,3
621704,3
730445,3
952051,3
646688,3
1044839,2
362554,3
1028051,3
427977,2
824803,3
558128,2
889907,1
340371,3
81224,2
794334,1
481909,3
742728,3
378149,3
696611,2
654092,1
90582,2
126335,3
353453,2
267592,3
725111,2
448137,3
961168,3
856880,3
117597,3
613305,1
123992,1
373852,3
46937,1
995945,3
25253,1
624212,1
646282,2
332598,3
524445,2
890602,2
274643,3
358211,3
91727,1
285531,2
259240,3
731427,1
194539,3
1032346,3
637017,3
732786,3
673537,2
209069,1
872717,2
237859,1
694954,3
403623,1
356423,3
713728,3
789607,3
138971,3
421223,2
730358,3
911022,3
603899,2
607159,2
729779,3
479185,3
55694,2
496963,2
391836,2
164766,1
7755,3
969940,1
58477,3
923975,2
357603,2
598963,3
667473,3
106629,3
499333,2
260066,3
581589,3
659605,2
59692,2
889309,3
685438,2
72031,3
118528,1
697579,3
391615,2
38550,2
1012763,2
927306,1
704069,3
797165,3
358539,1
729155,2
31731,1
559979,1
339103,3
331832,2
970719,1
298699,3
777644,2
981232,3
451454,1
391589,3
259366,3
523561,2
297183,2
166677,3
813043,3
414768,3
86965,3
212881,2
1021141,2
244993,3
944273,3
787611,3
65828,2
362894,3
736002,1
798330,1
171507,2
345892,3
95883,3
1051264,1
319220,1
575768,3
67866,3
925298,3
536441,1
254067,3
525987,2
815016,2
598890,2
826725,2
535842,2
431125,2
482232,3
600763,2
178598,3
263668,2
409174,2
425360,2
210197,3
241730,2
210326,2
1014771,2
738619,3
847347,2
455782,2
972928,3
453014,3
522501,3
943456,3
88211,2
766007,2
914212,1
74854,2
450883,1
431868,3
688315,2
415787,2
417870,2
159271,2
155602,3
800418,3
1044296,1
365770,2
315497,2
970321,1
446640,2
252233,2
460667,2
509306,2
809253,2
40288,3
354590,3
956995,3
432464,3
485847,2
64940,3
576252,3
636458,3
971958,2
580490,2
447609,3
140025,2
156721,1
633025,3
989272,3
602767,2
671571,2
460722,2
91942,3
928541,1
810353,3
280576,3
281299,2
310354,1
448127,2
38486,1
525501,3
232223,2
518131,3
319772,3
180071,1
697595,1
475097,1
754768,2
157336,2
735140,2
656052,3
985721,2
233272,2
8572,3
986828,3
915407,3
406861,1
287083,3
634415,3
87826,1
539179,3
578557,2
300717,2
667055,1
837883,3
660419,1
32588,3
579140,1
371127,3
1027017,3
548600,1
393495,1
520393,2
869832,3
161635,2
24180,1
344380,3
1025507,2
449589,2
77837,2
215160,2
98461,2
294121,2
997692,2
907432,3
481317,2
1047331,2
673256,1
334232,2
913414,2
2646,2
894641,3
1015098,1
539144,2
628786,2
272738,3
404825,3
994710,2
446988,2
645754,3
1002143,3
970071,2
1037363,2
400662,3
380841,1
213733,3
72902,3
739760,3
246533,3
691037,3
835905,2
835364,3
493664,3
18929,2
954964,2
675422,1
26823,2
16157,3
116457,1
132153,2
235746,2
532702,3
1007637,3
236632,2
316963,2
627934,2
193974,1
710437,1
992213,1
693278,3
1014577,1
100746,3
159417,1
471118,3
785339,3
800762,2
957827,2
328246,3
521686,3
521324,2
465985,3
871735,3
624495,3
597929,3
639714,1
870140,1
340098,2
601925,2
457530,3
333638,2
542184,2
743302,1
681630,2
162265,3
1052149,2
867159,2
98842,3
670838,3
821580,1
32692,3
626447,2
476982,2
735276,1
884520,2
536392,3
730715,3
969751,3
574799,3
856135,1
1045468,3
252515,2
82871,3
396768,3
812140,3
814082,1
339505,3
476411,2
586807,3
68264,2
586186,1
13591,2
503265,3
888517,3
61118,2
733204,2
778661,2
836134,1
757527,3
502267,3
641439,2
649519,3
316247,1
893379,3
643593,1
1015174,3
849518,2
220266,3
464717,3
635697,1
839204,3
97124,1
1005367,2
133381,2
499275,2
347615,3
683330,3
58833,3
871063,3
391046,1
941805,2
338543,2
171545,3
964414,3
972417,2
625686,3
841486,1
512417,2
1052857,3
51553,3
557296,3
400636,2
883266,2
66353,2
269290,1
729004,3
151534,3
80632,2
79048,3
304096,2
526842,3
910744,3
315968,3
1005368,3
103239,2
291784,2
943249,3
590277,2
613444,3
415488,3
1043929,2
69832,3
976460,2
877054,3
605511,3
203987,3
506075,3
419054,2
1011938,3
678435,3
230431,3
947984,2
707623,2
346579,3
637455,3
945090,2
738952,1
542483,1
958842,2
211207,2
77751,1
289469,2
344731,3
970168,2
70222,3
244063,2
809475,3
616327,2
351340,3
1000777,3
196638,2
985297,3
739716,2
624947,1
789515,3
831723,2
657182,2
648112,2
291426,3
295755,3
1024788,1
723936,2
489570,1
514840,3
149124,3
542644,2
924956,3
604417,3
691899,3
62537,1
162280,3
134387,3
82978,3
863045,2
682753,2
509828,2
221790,3
856190,3
426778,1
953600,3
566722,1
599468,2
268618,1
793611,3
60339,2
813180,3
318354,3
611806,3
612205,2
707720,3
370477,1
779884,2
220503,1
582029,1
909804,3
14144,2
621489,3
217657,3
366027,2
453612,3
21674,2
890226,3
432830,2
183706,3
141793,1
281502,3
35587,3
629683,2
618954,3
316915,3
67114,3
959212,1
997347,3
255384,3
80369,3
719564,3
749508,3
322341,3
844977,3
382747,1
874205,1
794449,2
1049758,2
405744,3
959684,3
582312,2
305678,3
764324,2
230790,2
536647,2
145888,2
81744,3
558868,2
419339,1
962764,1
169209,3
365534,2
490445,2
586535,1
1049936,1
947757,1
126100,3
554750,1
281933,3
821589,3
227708,2
299335,3
89716,3
148363,3
129148,2
930296,1
253151,3
758853,3
311663,1
622269,2
59530,2
531609,1
945004,2
668586,2
650862,1
374560,2
1046924,1
221757,3
446907,3
902166,2
1040264,3
646097,2
226760,3
745850,2
987337,2
177867,2
1014338,2
567747,1
356262,3
868900,2
326058,1
936676,3
609002,3
64834,2
819877,1
471134,1
985259,3
452103,2
258607,2
314835,3
16703,1
520353,3
877706,2
305724,3
229172,2
517949,1
961232,3
67586,2
373927,1
980960,1
381539,3
148971,3
137328,2
233631,1
954276,2
811334,2
454372,1
739645,1
797549,2
859566,2
320651,3
735998,2
690266,2
29869,1
481992,1
369252,2
1046788,2
555432,1
129917,2
483085,3
973955,3
246032,1
723172,2
581229,3
633395,3
63976,1
58294,1
643770,3
664267,3
55544,3
137616,3
14525,3
708282,3
976298,2
440289,2
29322,3
684660,2
363605,3
750728,2
24243,2
906567,2
424512,2
723300,2
770794,3
613441,2
746447,2
533578,3
310682,2
26325,3
184505,2
759177,2
321241,1
77531,2
711799,2
913968,2
115966,2
62111,1
381525,1
757531,3
267082,2
159069,3
441508,3
103970,2
302532,3
760620,2
624944,1
803334,2
984488,3
440293,2
666128,2
431777,1
848739,2
145426,1
392886,3
728621,2
397911,1
321301,2
1008974,3
822441,1
708490,2
162288,3
792612,3
133294,1
908465,2
85772,1
740036,2
262552,3
348186,2
132246,2
73126,3
67813,2
955551,3
1042824,3
831583,2
602862,1
325978,2
96483,3
159527,1
10236,3
4670,1
584413,3
120105,1
1050761,3
20814,2
87904,1
440981,2
831162,1
428798,2
526252,2
842227,2
37653,2
10264,3
954614,3
202090,3
1033029,2
748349,3
689687,2
404324,2
613297,2
805091,3
185384,1
601200,2
109682,3
651609,1
838829,2
726593,2
789071,1
509462,3
948556,3
462556,1
7730,2
688618,1
37846,2
863523,3
650,3
769864,1
256606,3
172444,2
430754,3
329721,2
348758,2
952911,2
179429,3
834559,3
1051255,3
77809,3
474637,2
1016985,2
955533,2
515966,3
1019166,2
902718,2
144587,3
472477,1
848153,2
737033,2
167854,3
787071,1
592300,3
426478,2
89694,2
912141,3
805313,2
756389,2
290642,2
721348,2
745064,3
23878,2
49801,1
681260,2
110083,2
357131,3
333240,3
322730,3
1021178,1
226424,2
224598,2
933674,3
499742,3
843115,2
1045379,1
861689,2
806017,2
430436,3
348320,3
533527,3
796729,1
32726,2
515708,2
591717,2
943534,3
662938,2
174910,2
574251,1
788149,3
431468,2
450678,1
89499,3
894266,1
568805,2
989063,2
451886,2
113024,2
396798,3
173473,3
136628,2
588730,3
123791,1
147212,2
290143,2
760978,3
470864,2
791771,3
209582,2
596533,2
291518,3
982122,3
163788,2
539450,2
987014,3
487378,2
501314,3
863815,2
762859,2
898703,3
167665,1
856759,2
618752,2
956956,2
744985,2
108031,3
403641,1
154637,2
309686,2
1011600,2
1037273,1
586798,3
869826,1
621348,2
758419,3
220327,1
365418,3
131157,2
1035082,2
511568,2
988242,3
329115,2
305438,2
498435,2
119692,2
709781,1
968577,1
91075,2
316923,3
979274,3
972707,3
188462,3
627198,2
968637,2
360967,3
91321,2
677445,3
1184,3
191173,3
865788,2
856407,3
604848,3
815961,3
308534,3
933810,3
783265,2
905530,2
646274,1
545882,3
843570,2
488103,3
1008499,3
21237,3
241318,1
154114,3
308036,2
976047,2
293038,2
559861,3
372538,3
298992,3
878092,3
559625,3
1045790,3
782253,3
898590,2
494158,3
679170,3
183428,3
569897,3
238951,3
440909,2
252123,3
53140,1
468383,2
850401,1
232959,3
149930,3
653549,2
972626,2
170907,3
143466,2
799096,2
838367,2
1039388,2
684220,2
60211,2
63549,2
294151,2
120500,2
749464,2
282472,2
931590,3
489497,3
1048943,3
603844,2
655545,2
881282,3
385259,1
199718,2
590249,3
745505,1
265166,1
555185,3
775788,2
368158,2
134240,3
292994,2
544110,2
524926,3
715732,2
163231,2
612301,3
772774,3
380801,2
1016559,3
411343,3
1000867,3
987687,2
7282,2
668899,2
717075,2
242201,1
242557,1
557292,2
695742,3
254803,3
562782,3
487027,3
101323,1
348064,2
455682,3
595617,1
1009634,3
819033,1
449365,3
985676,2
152431,3
200723,1
187105,3
631271,2
838766,3
83773,2
773867,2
692402,3
629427,1
181204,3
641622,1
981316,2
661610,2
668417,1
762890,3
264800,2
558022,3
900800,2
536048,2
163740,3
80435,3
865498,3
1030712,3
88472,1
73913,2
616078,1
166005,2
596423,3
596817,2
30155,2
435194,3
345494,3
284191,2
688509,3
525741,3
925679,1
817681,2
835047,3
39801,1
77948,3
665538,2
875975,3
593829,1
981600,3
44762,2
280260,2
340299,3
1014913,2
1037104,2
491528,3
196364,3
968639,1
311003,3
337249,2
399447,1
145046,3
260570,2
63119,3
12183,2
315044,3
851435,1
685860,2
8702,3
759404,2
739612,3
332992,3
8586,3
433849,2
651157,1
466704,2
593507,3
412325,3
70720,2
291949,2
598314,1
686151,2
643105,1
638650,3
1020433,2
130162,2
293484,2
3919,3
600323,1
986628,3
518083,2
484334,1
733530,1
89498,3
206743,2
949187,2
377384,2
336170,3
661595,2
938212,3
941437,3
99203,2
903857,2
41848,2
543524,3
742589,3
143771,2
425850,3
374390,3
974453,3
1001176,3
646134,2
52072,3
465767,3
345221,3
514953,3
365243,3
764354,2
314022,3
676846,2
983026,3
1009543,3
848536,2
44836,1
122471,3
286830,2
883484,2
384994,2
373024,3
287361,1
859150,3
214580,3
272303,2
310199,2
705179,1
58688,3
898525,3
31939,3
177134,3
6599,1
761726,2
670750,3
699096,2
142252,1
514203,1
742965,2
374022,3
32420,3
717360,2
867013,2
473188,3
811387,2
503198,3
473061,3
328902,2
596941,2
690251,2
234235,2
1009582,3
466843,3
129381,1
332482,1
881536,2
582991,2
240368,1
286430,3
557088,3
854189,3
352012,1
294750,3
845450,2
689946,2
127350,3
802560,2
201319,3
762510,3
276690,3
565514,2
557688,3
938582,3
132691,1
744413,2
227207,2
397808,1
782284,3
855009,2
978718,3
22407,3
853754,2
350059,1
39993,2
537940,2
339673,3
477143,2
55496,2
631450,2
141924,3
162797,1
71695,3
579054,3
469714,2
266985,2
647644,3
989688,2
232301,2
382852,2
186343,2
608931,1
343099,3
807057,2
1043521,1
290033,3
4224,3
1040839,2
613368,3
387954,3
427664,2
561827,2
181135,3
620880,1
338720,3
669658,3
813410,3
987088,2
185876,2
763694,2
524538,1
1006427,3
418771,2
21065,1
476486,2
353149,3
851669,3
776399,3
451754,3
610142,2
1009164,2
1048619,2
427667,1
368552,2
509102,2
973160,1
374441,2
333615,2
951113,2
727601,2
91276,3
926231,1
31928,2
269766,3
80125,2
583284,3
602901,2
945594,3
861514,2
350901,2
641293,1
416523,2
847981,3
810929,2
242694,2
185456,2
966643,2
327640,2
434491,1
179399,3
683375,3
772151,3
266359,1
128048,3
287961,2
253579,3
1049125,2
843407,2
958314,1
848342,1
333770,2
379525,3
404628,1
698652,3
142420,1
158005,3
598599,1
505281,1
132705,2
351157,3
66192,2
830470,1
693028,2
799110,1
662437,3
247203,2
645639,2
864604,3
303974,2
1007279,1
652337,2
359878,1
721722,2
655019,3
32992,3
1028196,2
13295,3
552582,3
883628,3
1030386,3
816681,2
523090,2
698861,2
385704,2
250356,2
831637,2
158517,3
197962,2
939396,2
818027,2
391449,3
288550,3
402923,3
375126,2
922341,1
881293,1
443585,2
638909,2
728283,2
569131,3
159603,2
325968,2
184928,1
839459,3
602523,2
254704,2
968451,3
291876,2
638674,2
1045827,2
222112,3
649537,2
587480,3
183184,2
775347,1
858451,3
521605,2
239885,3
829014,2
92987,2
835803,3
230434,3
776978,2
75677,3
17095,2
152452,3
486721,3
102674,2
382848,1
581420,3
81926,3
386305,2
535855,2
393347,3
282615,3
1051291,3
335939,1
862298,3
957339,3
691294,2
977004,2
380404,1
431281,3
127779,2
404848,3
794349,2
375558,1
887037,2
213025,3
866676,2
1018047,3
206817,2
1043404,3
423728,3
465621,2
249569,3
384369,3
944943,1
879541,2
64762,2
347124,2
761830,2
219168,2
293793,2
517594,1
125542,2
466744,3
271241,2
312511,3
179835,1
237719,2
316211,2
917385,1
423698,2
32594,2
467580,3
698982,2
202095,3
660605,3
1038509,1
984177,2
940688,3
590235,3
553364,2
677651,2
427449,1
848345,3
95812,2
468104,2
469735,3
498165,3
312407,3
907731,3
208856,2
752342,2
629286,2
952204,3
638810,1
1028609,2
841951,3
318179,1
666346,3
352817,3
1019218,1
911885,1
128810,1
1040097,2
940713,3
776435,2
621633,1
60294,2
258645,2
557496,2
67140,2
257781,1
38520,2
830492,2
12647,3
224281,3
197886,2
365320,2
129232,1
91604,3
28375,3
833248,3
1001241,2
83201,3
151180,3
460477,3
827574,3
746153,2
946283,3
462369,3
311607,3
89367,1
724206,3
597489,3
847202,2
429830,2
124756,3
220854,2
886470,2
1000597,2
6525,3
18270,3
185605,3
586202,2
463573,2
274802,3
971198,3
678321,2
375091,2
473177,3
920592,3
517328,3
960592,2
51535,2
697099,3
528770,3
1037051,2
689269,1
728990,2
752501,3
863750,2
685537,2
752790,2
995965,1
750277,3
827240,1
991359,3
540918,3
228321,1
926764,3
341192,3
274919,2
351482,2
527367,2
501186,3
87885,3
964511,1
694508,3
880024,3
481426,1
227885,2
557900,2
684751,1
68307,3
425172,3
739998,3
813644,1
851906,3
205970,2
893260,2
134850,2
255667,2
174234,3
232313,3
822748,3
642565,2
378867,2
915584,3
645366,3
717698,1
82820,1
209644,1
440842,1
376377,2
239706,1
308397,3
846616,2
693531,2
753800,3
855715,2
944833,3
708402,2
538273,2
440083,2
181346,1
452666,2
385024,2
739217,2
397798,2
649687,3
1050333,2
1018454,2
130485,1
509452,2
433344,3
197264,3
346439,3
919745,3
749722,3
856704,2
297853,3
545691,1
769951,3
117825,3
265256,3
40469,1
51821,2
382165,2
494004,2
397782,2
839336,3
45176,2
661580,1
101830,2
389831,3
332792,1
201702,2
642186,3
114742,2
344971,2
559686,3
1035413,3
1008092,2
438056,3
204036,2
231547,2
566801,2
739983,3
547439,2
738143,3
243700,2
462268,2
809279,1
166456,3
336096,1
52526,1
48462,3
581497,3
767675,3
767657,2
148316,2
226207,3
889360,2
148716,2
9278,2
116716,3
590689,3
308025,1
663014,2
210103,2
560568,1
714263,1
368500,2
1009455,1
711287,2
158437,2
163804,3
707890,3
85868,3
68143,3
757019,3
749818,3
469166,3
803255,2
68414,1
187228,3
130495,3
354422,3
203014,3
310678,3
791980,2
906137,3
574847,1
814172,2
624713,3
517322,2
183785,3
471962,3
577485,3
578709,2
224233,3
250721,3
675871,3
114791,1
436593,2
578638,1
737116,3
464904,3
336702,2
112585,2
567542,2
322179,2
331441,1
970364,2
415232,1
543250,2
404844,3
251302,3
397971,3
436827,2
76682,3
507104,3
680994,3
809101,1
360418,3
688125,3
653771,2
647365,2
206485,2
192995,2
735627,2
650033,1
914183,2
718777,3
1026242,3
756544,2
541473,3
375749,3
731480,3
98891,2
376506,1
1031687,2
578954,3
796399,3
544384,3
376804,2
975833,3
940853,1
758190,2
157696,2
9106,3
529756,3
899838,3
444509,2
585916,3
584505,2
992976,3
898714,2
357353,2
383179,3
724697,3
246257,2
260482,2
706134,3
367259,1
313485,2
868221,2
923254,1
40290,2
375169,2
360096,3
166883,3
312062,1
59400,2
456540,3
950924,3
16419,3
75561,2
116047,2
572628,3
175834,2
149214,2
819046,3
1035368,3
353166,2
512431,2
528007,3
31103,3
57147,3
850600,3
802953,3
868911,2
394895,3
768834,2
964068,3
31911,2
629363,1
230850,2
476273,2
915241,2
390137,2
839647,3
148508,2
574794,1
237527,3
543465,3
700727,1
648333,2
315043,2
999404,2
947669,3
159198,2
278479,3
510365,3
1042728,3
465515,1
453767,2
11434,3
1043185,3
287563,3
990947,3
905827,2
440770,3
813278,1
412565,3
450582,2
267274,3
59893,3
956710,3
999245,2
28370,3
258435,3
304815,2
147898,2
196229,2
735398,3
402588,2
899426,1
77041,3
216248,1
419360,2
446671,1
374298,3
1051161,2
142980,2
390310,2
967378,3
999560,3
645392,2
1020908,3
616682,2
116119,3
114399,3
1046051,3
450634,1
895050,3
219353,1
926349,1
407565,2
686060,2
632653,3
363633,3
469405,3
1004812,3
538574,3
1039897,3
208612,3
427654,3
346217,3
507928,3
993463,2
820673,2
934122,2
36430,2
352759,1
613742,3
713570,2
280556,2
465091,3
434473,2
189769,3
75027,2
417003,3
465612,2
786080,1
386896,3
569546,2
237882,3
562171,1
1048413,2
668552,3
235157,2
869711,2
365661,2
569828,1
17025,3
267836,3
1003401,1
183578,1
528809,2
689865,2
626403,3
733965,3
667370,2
402856,2
412088,1
67844,2
92194,3
460363,1
853683,2
376056,1
846081,2
623831,3
79000,2
446048,3
583765,3
656782,2
490321,3
145705,1
858871,2
802012,2
216511,2
732445,3
765650,3
22300,3
755175,2
278748,2
339972,3
26016,3
431107,2
554916,3
884019,2
650072,2
98797,3
132123,2
951266,3
850259,1
1011034,2
310340,3
1008592,2
46056,1
511754,3
147929,2
947733,2
7940,3
102708,2
704587,3
160410,3
832157,3
332000,3
497974,3
451868,2
887786,3
1020158,2
325940,1
98265,2
924099,1
600796,2
269557,3
357200,3
856844,2
86333,3
662569,2
589268,2
802612,2
538607,2
512522,2
208188,1
1048537,3
947040,1
305034,1
327179,3
165242,2
967327,2
975076,3
234934,3
19571,3
524548,1
415932,3
490940,2
755628,2
901122,2
831302,1
739721,3
351626,3
100596,3
52766,2
625089,3
927868,1
1001637,1
821671,3
621936,2
45182,2
152583,1
367582,2
372684,2
721550,3
670628,3
399006,3
710876,2
974494,3
290334,3
939386,2
38480,3
180623,2
372207,2
956002,2
919133,1
1010320,3
755493,2
191420,2
998318,2
27471,3
318656,1
710183,2
818513,3
462282,1
341515,3
29043,3
609888,1
661872,2
113370,3
93505,2
1044511,2
667531,2
891043,2
866057,2
35791,1
338636,3
154779,1
195233,3
467750,3
996700,1
345843,3
357718,1
542916,2
783566,3
395111,3
197899,1
502844,1
515977,3
341119,2
273863,2
55551,1
1014248,3
663425,2
947101,2
79117,3
480113,1
403049,3
224137,2
91775,3
688051,2
1040274,3
101928,3
804430,3
835303,3
439712,2
105272,3
247584,2
518784,2
967022,1
188994,1
572393,2
729562,3
409176,2
896144,3
876011,3
557939,3
869301,3
455037,3
938124,2
631934,3
1034684,3
933371,3
1000836,3
62814,1
689058,2
1031068,2
756759,3
591849,1
541697,3
228967,1
69765,3
686528,2
753425,2
225690,2
158088,3
174958,2
1033478,2
612372,2
477172,2
1041531,2
475156,3
472423,3
161145,2
657644,3
175380,3
931224,2
715359,3
316172,3
725308,3
596604,2
448247,2
517053,2
832864,2
520351,3
472677,3
190431,3
709700,3
349001,3
39995,3
228004,2
71383,2
596699,3
907499,1
790955,3
269604,3
538540,1
142873,3
769274,2
945982,3
1049633,1
292639,2
657233,3
769621,2
217159,3
552922,2
376668,1
416075,1
581323,1
643708,2
679670,2
17452,2
496683,2
987957,2
515332,1
921587,3
458048,1
495203,2
543411,3
378064,3
17444,3
867266,1
649867,2
739219,2
816786,2
324682,1
302865,3
70321,1
179590,3
216111,3
688516,3
199385,3
51637,3
629234,1
847861,1
597068,3
71631,3
201116,2
546373,3
881876,2
638692,2
37814,3
952073,1
463508,3
877636,2
153599,1
503702,2
568004,2
494738,2
450350,3
481518,3
678480,2
381055,2
764465,1
665335,3
958310,2
913662,3
356391,1
14539,3
1045092,2
1037253,1
486978,2
649317,2
937326,3
133910,2
556933,1
795761,3
291973,1
338419,1
628437,3
297789,2
787540,1
1028474,1
872390,2
742026,1
619017,2
520754,3
724545,2
252376,3
378693,2
14238,3
169325,3
23029,3
236657,1
912720,3
367540,2
722725,1
324495,2
479326,2
157123,2
616987,3
302897,2
254294,1
674052,2
823451,3
582652,2
1049498,3
892555,1
345853,3
804224,1
1039461,2
239266,3
194765,2
391335,3
475678,2
536089,2
580844,3
688345,3
93042,2
496961,1
886062,3
784196,1
915657,3
134126,2
323108,3
235618,2
373059,2
794395,2
241199,1
199748,2
1016625,1
363584,3
631486,2
136401,1
390985,3
451736,2
330485,3
678250,3
676226,2
368016,2
905571,3
713384,2
770276,1
448222,3
93175,2
680832,1
505138,3
450021,2
225464,2
145419,3
284854,3
716925,1
83042,2
467358,2
195906,3
162979,2
856042,2
851643,1
158915,3
621048,2
822756,3
318313,2
199097,2
220562,2
854417,1
949065,2
492339,2
1025730,2
701341,3
455458,3
94447,2
8542,2
57586,3
801148,3
1041229,3
726912,2
349528,2
141715,2
478719,2
840702,2
54441,3
879970,3
464466,3
652631,3
549904,2
931002,1
570752,3
469651,3
590640,1
411288,2
251293,2
288440,3
1007930,3
671218,2
104883,2
818054,1
156368,3
888834,3
737704,3
457540,3
635836,1
901913,1
961584,3
68504,3
72158,2
210297,3
1025490,3
924406,2
598026,3
217723,2
969757,1
581511,1
476178,2
677018,1
235788,2
746317,1
311732,1
589495,2
570206,3
704786,2
621199,2
779624,3
1024028,3
28074,1
1003257,1
925295,3
169870,3
332397,2
75427,3
319859,2
1013366,3
605845,2
133873,3
54684,1
523387,3
827371,2
827408,2
734497,1
632867,1
368467,3
591784,3
6138,1
417115,2
66075,2
1037867,3
72911,2
338896,2
337651,2
954701,3
645844,3
111250,3
579152,3
908383,2
921610,2
220520,1
659166,1
1036584,3
296958,2
119058,3
1026129,3
268606,2
596537,3
1000671,1
521490,2
980794,2
999955,1
68971,3
683546,1
850710,3
52672,2
565794,3
810576,3
615827,1
768929,2
701409,2
318138,1
236147,3
931778,3
268836,2
1001929,3
328732,3
197784,3
775258,2
105699,3
286615,1
926289,3
233549,1
601078,3
631235,1
270654,2
115912,2
631629,2
747866,2
502519,3
293794,1
650674,2
306115,2
796058,1
747485,3
235705,2
252011,2
764535,3
417325,3
850192,2
1009717,2
45579,3
93108,2
546099,3
667254,1
226543,2
1044414,1
467090,2
526428,3
373539,3
757912,3
153683,3
18238,1
981140,2
248815,2
634186,3
175263,3
868983,3
662837,3
17106,1
173984,1
413956,2
151907,3
207746,2
208778,3
869745,1
258765,1
394034,3
164449,2
964288,2
968165,3
737661,2
392052,3
149931,3
385073,1
852374,3
19590,3
523179,3
31927,1
687148,2
553111,2
9825,2
86671,2
511545,3
884701,2
245226,2
969752,2
413824,3
783543,3
924795,3
462617,3
122690,2
506122,2
816475,3
863711,2
638183,2
792640,2
764739,2
810191,2
19807,3
138243,3
555013,2
818317,2
167324,1
311716,2
961375,3
676198,2
220895,3
6990,3
246159,1
152156,2
132586,1
332511,2
376914,1
810817,2
294673,2
263177,2
498613,3
568384,3
803447,3
978832,1
479706,2
1000412,3
109730,3
699681,2
994422,2
366631,3
642634,3
421616,3
882205,2
765058,3
18698,2
421393,2
658531,2
698379,3
825970,3
205252,3
358706,3
131229,2
880932,3
675809,1
60833,3
140756,2
754073,3
56225,3
716472,1
276405,1
582937,2
54145,2
301158,1
609302,2
379246,3
715885,1
1041791,3
570472,3
787330,2
1043088,2
283059,1
251057,2
582470,3
922894,3
973148,1
504165,2
262630,2
524960,3
660707,3
18814,3
117937,1
416315,3
1016430,2
760010,2
149314,1
856784,3
735224,1
1049334,2
559703,2
205513,2
718792,3
7942,1
801803,1
694959,3
886932,1
559990,3
669561,3
552030,3
368404,1
60603,3
316151,3
624994,3
628147,3
697375,3
290218,3
769109,3
621698,3
20766,2
1882,3
891831,3
765745,1
606793,3
457651,2
412478,2
1006381,3
150116,3
21691,3
445564,1
149984,2
159219,2
94955,3
757066,2
146235,2
14893,3
620372,2
628096,2
681609,1
365825,2
156009,2
121438,1
312132,3
56876,1
681713,3
298165,3
974515,2
830053,2
47667,2
854944,1
690548,2
17338,3
448089,2
871890,3
607333,2
149010,3
717560,3
508549,2
654397,2
414674,2
617171,2
492139,2
399430,1
478054,3
773723,3
722617,1
678600,3
269175,3
610749,2
815605,1
114338,2
293079,2
540059,2
927710,2
563180,2
262742,1
472743,1
376102,3
512042,1
527785,3
245231,3
985110,3
116714,2
441571,2
841647,3
251434,3
97413,2
707264,2
164058,3
879722,3
581129,3
129302,2
797412,3
621552,2
42989,1
1038614,3
970847,1
300181,3
753236,2
987364,3
287520,2
826003,1
695405,3
1003671,2
415038,3
80750,2
9341,2
688400,1
94359,1
979353,1
147521,2
141556,2
352843,2
282151,3
1022964,2
393309,2
72543,3
249727,3
89682,3
28554,3
874018,2
928362,2
248020,3
861269,2
866427,2
389289,2
944863,2
175392,2
241817,2
734126,1
884959,2
409401,1
77791,2
331135,3
868257,1
964006,3
58614,3
752542,3
158505,1
728277,2
96991,2
82731,1
472509,3
1020148,3
764163,2
1039727,2
364922,2
63391,3
570357,3
1045364,3
509419,2
380855,1
456735,2
785261,1
87874,2
1037172,1
902666,3
690905,3
846271,3
229961,3
943208,3
639171,3
803598,3
571040,2
100106,3
481473,3
889035,3
1044210,2
917146,1
895708,1
940179,1
1007548,3
112685,3
391139,2
491123,3
739464,3
349500,3
252737,3
472625,2
569114,3
516733,1
596332,3
827910,2
370301,3
764491,3
286567,3
381796,2
604238,3
582839,3
902458,3
195662,3
705805,1
297357,3
934183,2
1002254,1
335030,1
804208,2
867261,2
746901,2
75011,1
742579,2
12542,2
37125,3
482320,2
681781,3
663210,3
261175,3
326266,1
967919,2
20448,3
982946,3
346137,3
985148,2
100415,3
374690,2
20886,3
809140,2
336470,2
655490,3
807986,2
733549,2
647901,3
717395,3
578626,3
145803,3
90658,2
874872,2
824968,1
55042,2
299847,1
709557,2
655981,2
1044262,2
108117,3
858276,1
559439,3
976504,1
969031,3
1042409,3
525328,3
96117,1
147227,2
345472,2
454705,3
523729,2
719473,2
453398,2
305744,2
951166,3
847866,3
151267,3
209757,3
935797,2
389287,1
93762,3
889646,3
928271,2
979750,3
363226,3
956338,3
365085,1
313149,3
946141,3
934908,3
966539,3
705965,1
1029142,2
883445,3
768272,3
822343,2
860307,1
558860,2
625092,3
386949,1
750043,3
182230,2
7114,2
437024,2
1023809,2
399556,2
608967,3
955682,2
536463,3
1009902,3
905727,2
619574,3
308992,3
923422,3
356557,3
127331,3
285168,3
484673,3
587224,2
413314,3
979783,3
709189,2
88541,2
492628,2
629269,3
939049,2
832530,3
208434,3
716591,2
998845,2
523125,1
621026,1
99265,3
734555,3
336512,3
363465,2
878604,2
411955,2
785294,1
379754,1
526964,2
453535,3
689341,1
18438,3
79681,3
759167,3
360218,3
688528,3
247346,3
549302,3
123916,1
800598,1
372949,3
73331,3
712196,3
286904,1
680359,3
673488,2
976338,2
183198,3
576574,2
741558,2
683157,3
82801,3
664795,3
670186,2
411922,3
85291,2
933749,2
52303,3
200679,2
644246,2
607867,3
330131,2
361328,1
726922,1
947817,2
954376,1
614902,2
692553,2
212760,3
919966,2
745932,1
45702,3
380670,3
1007739,3
158874,2
870841,3
259127,2
29401,3
51781,2
417156,3
261885,3
183191,3
534613,3
4437,3
756461,2
717902,3
592133,2
961008,1
250729,3
806831,2
441192,1
505793,1
51874,1
311800,3
343183,1
58039,3
413257,3
807510,2
982414,3
691012,3
512398,1
533022,2
177784,3
298630,2
510805,3
1050829,3
357314,3
226067,2
381207,3
819833,2
701589,2
924902,2
179782,3
129169,1
677341,3
337742,2
861265,1
15530,3
446571,3
495130,3
467701,2
587362,3
716383,3
32296,2
7177,2
993344,2
263865,3
368911,2
510983,1
935081,1
884765,3
720747,1
19607,1
956999,3
189251,2
436738,2
595701,2
852344,1
649069,2
931534,3
318158,3
1036693,3
679367,3
1028123,3
1032295,3
510645,1
147575,3
742035,1
209030,2
927607,2
320906,3
903607,1
5685,1
207749,2
526295,3
704509,3
714286,3
818361,3
225721,3
383458,2
1007752,2
264942,2
81829,2
965761,3
86067,3
97163,2
314608,3
186113,1
376752,2
490585,2
181228,3
738542,2
791161,3
485694,3
864501,3
531879,1
97153,3
820735,2
690994,1
652697,2
438932,3
926805,3
482958,1
394194,3
680077,3
324292,1
548594,1
783567,2
658951,1
856342,2
170968,2
20387,2
142215,2
225324,1
547998,2
196433,1
290943,2
978585,2
864295,1
541111,1
110307,3
403825,2
295092,3
884503,2
212676,2
826451,2
814721,3
213720,2
680264,2
638905,3
291150,2
159196,3
610520,2
656114,3
87250,1
552196,3
127442,1
516441,3
176003,2
27017,2
472752,2
345526,1
966670,2
965353,3
761138,2
62446,1
937208,3
932651,2
152737,3
436121,3
265911,3
672102,1
347228,2
66604,2
346268,2
824798,1
33890,3
120210,3
734314,3
646877,3
727879,3
682007,3
143897,3
1045526,3
678949,2
653109,3
34482,1
224515,3
286491,1
507192,2
850504,2
349754,1
390510,1
495210,1
394252,2
912427,3
815868,3
719613,3
77844,3
773000,3
656467,3
818586,2
617718,2
151443,2
342019,3
130755,1
390413,1
50605,2
686856,1
447270,2
272626,2
113640,2
925194,2
575422,3
295836,3
693463,2
596233,3
684885,2
66050,3
801273,2
20750,2
6400,2
649948,3
35611,3
49877,2
572265,3
147267,1
1051950,3
83375,2
712634,1
361954,2
675783,3
71435,3
234421,2
282338,3
840033,3
7,2
738708,2
826452,1
183072,2
186421,1
942413,1
5954,2
310612,3
323804,2
392610,1
136287,1
320574,3
988317,3
495320,2
428531,2
239450,2
464917,2
425727,2
422634,3
971244,3
234903,3
919823,2
677174,1
876865,3
1035826,3
656515,3
424651,3
720783,2
492446,2
124737,2
933193,2
404635,2
326131,2
671551,3
353177,2
711292,1
789404,2
736174,2
1029029,3
60011,3
758320,2
899751,3
937791,3
495116,3
166538,2
723942,1
291140,2
86034,2
257892,2
664758,1
565089,2
908067,3
277699,1
864424,3
81085,2
574362,3
306704,2
608042,3
894456,2
647839,3
470223,3
625926,3
988219,2
671107,1
794441,3
1017415,3
582741,3
659422,1
162317,2
338347,1
213624,3
532973,3
997522,1
776810,1
507633,2
915181,1
33853,2
597718,3
450528,2
971795,3
560215,1
185429,2
51882,3
608339,2
283696,2
987111,3
196542,3
876298,1
139464,3
269922,2
45403,3
683512,2
701368,2
382190,3
668932,3
587937,2
1046662,1
705178,3
57708,3
323501,1
227908,1
998982,3
807839,2
518642,3
396844,2
492944,2
476973,1
169724,3
648545,3
817220,1
687522,2
923090,3
379951,3
412441,1
840219,3
362679,2
413307,3
635414,2
766255,2
81094,2
456992,2
367697,2
368944,3
613236,1
384361,3
757750,3
344873,3
423217,3
363999,3
856071,2
177198,2
406602,3
653411,1
503157,2
191433,2
474828,1
888992,2
175461,3
349966,2
235961,2
92439,1
925920,2
578490,2
344357,1
698804,3
202143,2
321353,3
261473,3
917566,3
305240,3
87589,1
1025316,3
788267,2
583733,1
871643,1
1027699,2
931326,2
454785,3
949808,1
928504,3
1032694,3
488212,2
145361,3
445561,3
418249,1
591238,1
1038855,2
223071,3
19727,2
942303,3
173095,1
716039,3
285123,2
19845,2
673836,3
669217,3
956908,3
235045,2
154142,3
717878,2
414741,3
608205,3
441156,2
361932,1
216775,2
1026079,2
874020,2
461867,2
717887,2
941721,2
934868,3
833838,1
150490,1
1029422,2
689035,2
413038,2
1051839,3
780185,1
356489,1
379170,3
863002,3
82002,2
113389,3
666218,1
468682,3
955654,2
860125,2
229361,2
223414,3
932230,3
355271,3
651043,1
996020,1
989499,2
895488,3
568360,1
1014360,3
933426,2
469316,3
486619,2
651671,2
66922,3
249414,2
679055,3
519719,3
960244,2
8224,3
194677,1
688906,1
206942,3
178838,3
192567,1
245324,3
272132,2
1042282,2
665390,2
452268,3
420576,2
470112,2
135390,1
164353,3
41024,1
183977,3
349342,3
819136,3
310968,3
734532,3
219202,3
932614,3
681808,2
77925,3
469234,2
812814,3
164073,3
458490,1
232507,3
290704,2
952957,3
551176,2
71467,2
532532,3
673284,2
401819,2
308352,1
573602,3
114682,3
429190,3
528810,2
120295,2
726072,2
484799,2
887096,2
898984,1
544692,3
342858,2
844,3
87027,2
1006694,3
140678,3
687902,1
67639,3
978546,3
200355,1
136944,3
961604,1
939595,2
610735,2
137372,2
266831,3
477950,2
22547,1
1016859,1
429863,1
611663,3
997253,1
703369,1
548733,3
75604,2
194665,3
612056,3
911613,3
110355,3
257996,2
729353,2
438027,2
434643,3
716809,2
861288,1
142305,3
740234,1
57357,2
453087,2
943008,2
212309,3
312432,2
262975,2
1001560,3
52926,3
6643,2
569921,3
548923,1
201754,2
1022181,2
203764,2
114652,2
374477,2
540910,1
956407,2
671135,2
616312,2
565110,2
920132,2
768835,3
982287,3
938585,3
932014,2
53146,2
589072,3
332244,2
210295,2
469398,2
359197,1
515750,3
927406,2
460765,2
8873,1
943868,3
448733,3
625735,2
551019,2
457845,2
726142,2
371200,3
383938,3
260075,2
900393,2
751928,2
421131,2
888347,3
398694,3
928166,2
670397,2
254591,3
100543,3
815744,2
631586,2
735590,3
848297,1
55033,2
45177,2
633715,2
65142,2
399595,3
323877,3
677009,1
122666,3
1021502,3
282572,2
784866,3
993140,3
642246,1
793062,2
247349,2
1025446,2
864444,2
491710,2
708736,1
85229,1
1031988,2
630831,2
874027,1
133662,1
540762,3
361333,1
135687,3
82144,3
542452,1
1016199,2
46064,3
890359,2
479274,3
58924,2
578835,1
948098,1
663507,3
450733,2
707729,3
1018079,3
835060,3
856897,3
375659,2
183565,1
715190,2
864120,3
595879,2
1041565,3
802843,3
87606,1
823729,2
549356,3
193722,3
985167,2
829907,3
328701,3
727611,1
33059,3
344771,2
1033764,3
142858,1
823955,2
938557,3
497230,3
527442,1
867065,1
411595,1
774028,2
142643,2
311181,2
256316,1
848463,2
340157,3
784997,1
674852,3
799948,2
347816,3
338443,1
852802,3
974226,1
484580,2
992440,3
923129,2
203682,2
827093,2
101805,2
885936,1
575696,3
586264,1
737994,3
231188,2
516312,2
580021,3
688070,3
1041573,3
243277,3
670696,3
460439,3
508135,3
574919,1
48297,2
440768,2
527149,2
109825,2
851584,2
308215,2
657405,2
846920,3
541960,2
85901,2
662507,3
922216,3
474626,2
498410,2
76569,2
493331,3
678544,3
1023854,2
924079,3
484383,1
777173,2
611900,3
386108,2
951544,3
251881,3
83104,3
138467,2
730880,1
970720,1
257424,2
166954,3
467039,2
555994,2
120200,2
34449,3
299601,1
224238,3
987422,2
931005,2
277332,3
346058,1
315327,3
316164,3
676584,3
925017,3
621578,3
962291,2
162866,1
616636,2
31518,1
544625,2
395137,2
736118,3
349553,1
871313,3
291838,3
678379,2
850392,1
163568,2
954567,2
444084,1
237240,1
406887,3
123474,2
183381,3
25500,2
879483,2
874283,3
834779,2
362308,2
543176,2
24058,1
910930,3
423495,1
572342,1
691336,3
545299,3
942367,2
635347,3
200778,3
92022,2
174074,2
1006140,3
398753,1
56703,1
196937,3
576148,2
607694,1
656077,2
563876,2
73815,3
162988,3
916831,2
432974,3
37037,2
149850,1
105452,2
924613,2
681192,3
43766,1
524328,2
564074,1
240418,3
992781,2
908545,2
618789,3
664694,3
885761,3
363056,2
122905,3
540581,1
684563,2
767889,2
849588,3
739506,2
156802,2
741287,2
1034005,1
37563,3
764159,2
587946,2
612526,3
1037905,1
191385,3
360267,1
440541,3
1014782,3
435714,3
679545,3
327125,3
297576,1
149310,3
467884,3
848376,2
734294,3
803306,3
683551,3
382958,3
977661,3
66944,1
920554,2
531196,3
941933,3
705355,2
705297,2
952725,2
776362,2
662283,1
657561,3
653925,3
235643,3
221297,2
794647,2
166335,3
454636,1
829404,3
434326,2
94842,3
523373,3
878453,3
159623,2
268746,2
53443,2
1006363,2
25604,2
1051893,3
767521,2
344733,3
887798,3
193737,3
802477,3
907623,2
720090,2
975318,3
170011,3
342899,3
943232,3
544734,3
860766,3
325523,3
795557,2
883660,2
1036869,3
875033,2
902444,3
334054,3
912974,2
350045,2
750762,2
504494,2
383414,3
537347,2
506383,3
111304,1
730871,2
94518,2
787186,2
706910,2
222930,3
885727,3
894501,3
105964,3
316762,1
28346,3
971645,3
401731,3
820632,3
335988,2
58340,1
346380,1
959509,2
626479,3
520267,1
27826,2
811034,3
461855,3
68208,1
133287,2
865855,1
276948,2
285655,3
107637,3
773593,3
724557,3
576287,3
750850,2
197241,2
111264,1
799427,2
688950,2
87530,3
900456,3
239318,2
294277,1
375594,2
541684,2
542925,1
830705,3
241736,3
284756,2
115657,2
1031638,2
949367,1
113271,3
298706,3
710917,1
535877,3
799804,1
716987,3
235648,3
634160,1
816357,2
806312,2
770389,2
439377,1
812202,2
298075,1
985567,1
217019,3
1008380,3
711411,3
506896,2
165786,3
939337,2
212832,3
100168,3
564264,2
997483,1
1010978,2
884024,3
720656,2
53921,2
962603,3
106684,3
530314,2
650834,2
281709,2
392989,3
672015,1
462045,3
272484,2
637728,1
530956,2
10413,2
72309,3
796714,2
715114,2
709151,1
585769,3
472196,3
297623,2
74290,3
1023471,2
335234,3
396211,2
44601,3
135006,2
387368,3
412953,2
1030193,2
218861,2
149054,2
998490,2
476309,3
265693,3
456208,2
330799,1
441323,3
973815,2
295797,3
914807,1
512952,2
995685,3
923677,2
260375,2
321602,3
609575,2
832954,2
438064,1
848686,3
540902,2
154495,2
420058,3
562985,3
893319,3
378827,2
898407,2
468438,2
216253,3
625084,3
220235,3
906097,1
572855,3
50822,2
916189,3
694225,3
81579,2
369059,3
8323,3
256347,2
1005447,2
851281,1
991711,2
834642,1
827136,2
686536,3
53987,3
482858,2
760522,3
958584,3
627055,1
40912,2
164242,1
395401,2
665549,1
470469,1
849955,2
788580,2
571998,3
68045,1
184517,3
141093,2
494648,2
803688,3
619813,2
1006151,2
840905,1
268588,3
704368,2
443322,2
333086,3
39282,3
1000989,3
471492,3
187207,2
19009,2
125882,3
770820,3
695614,2
923183,1
408993,3
355538,2
442956,2
874100,3
277673,1
933045,3
262122,2
552647,3
94064,2
377957,2
393352,3
208262,2
522894,3
750800,3
333524,2
706686,3
449382,2
165540,2
227074,2
51116,3
721786,3
536148,2
328076,2
354519,3
451209,3
355963,1
100051,2
225938,3
208558,1
562592,2
680903,1
372425,2
575196,3
934958,3
6405,3
826544,1
159690,3
139541,2
912558,3
549182,2
802985,3
334522,1
8011,3
303794,2
731330,2
924018,3
302177,3
409788,3
316456,3
273679,2
704972,2
961197,3
858171,3
910947,1
340674,1
876203,3
842630,3
813728,2
805158,3
379810,3
1021351,3
353041,2
63607,2
194287,2
382075,2
460673,2
876853,3
296471,2
795066,2
653805,3
397895,3
837880,3
445566,1
392521,3
71683,2
592896,2
683468,1
51298,2
612089,3
864240,1
512368,3
38216,3
433157,3
295216,1
495954,2
627064,3
234593,2
40594,3
1016071,3
566694,3
662493,1
992709,3
807408,2
660386,1
803846,3
709644,1
637533,1
25346,3
48893,3
362436,1
581746,2
371820,2
187233,3
694436,2
588962,2
841180,2
729005,2
614070,1
371335,3
68438,1
65823,1
579947,2
375872,2
173445,3
289959,2
232628,2
300090,1
38971,3
537713,3
185950,2
740837,1
662916,3
637529,3
234873,2
22415,3
55728,2
162491,2
482740,3
587575,2
634649,3
702081,1
720220,3
868269,3
948351,2
652513,2
14663,3
667306,2
849659,3
93516,1
644701,3
786317,1
87402,3
652551,2
543496,3
782352,3
575889,1
870629,2
537643,3
330200,2
147135,1
755185,2
931259,1
20465,3
274541,2
760237,2
388208,2
941365,3
932028,2
723715,3
259455,3
633497,1
12619,3
373911,2
589572,2
725724,3
948003,3
601186,3
54860,1
609623,2
1008609,1
89500,1
1035769,3
1042570,3
598845,3
977498,2
552411,3
402873,2
797631,2
864135,3
486005,1
130029,3
986889,3
194952,3
561791,3
584167,2
847319,2
121607,3
357463,2
1019876,2
1038578,1
162774,2
1044537,2
416290,2
356906,2
199882,2
980256,1
809729,3
400420,2
853292,1
69713,1
859375,3
239599,2
797824,2
507314,2
526837,2
206221,3
895037,1
393929,3
635578,2
564837,1
755942,3
425283,3
60484,3
810667,2
126472,3
824287,3
860415,3
807451,2
962999,1
344284,2
127375,3
211226,2
918641,3
968884,3
602812,1
875023,1
793361,1
762451,2
625582,3
48046,3
897501,3
871948,3
796276,2
150347,3
677987,2
122011,1
875089,2
339426,3
496686,3
764682,2
707922,3
544822,2
858994,2
1051662,3
828968,1
429050,2
983867,3
126267,1
219192,1
147999,2
26316,3
852029,3
617585,3
626591,2
580798,3
564732,3
639367,2
548785,1
986473,2
796817,2
884872,3
16867,3
489843,1
732888,2
2665,3
529456,3
591496,1
635009,2
837370,3
975962,3
872206,3
207658,3
949968,2
536510,2
551875,3
695919,3
170514,3
253390,3
926614,2
601349,3
134135,1
905145,3
917677,3
617669,3
589876,2
187113,1
327158,2
921542,2
900079,3
1009882,3
487257,2
867440,2
834304,3
114520,2
109923,1
213170,1
764240,2
822162,2
686232,3
65980,2
819324,2
134316,1
315907,1
909752,3
195731,3
826106,2
994280,3
517138,3
72951,2
54364,2
281879,1
1001320,2
848647,3
615170,2
506810,2
734094,2
902141,3
159496,3
369474,2
613970,2
975121,3
458936,1
342720,2
945800,2
285651,1
500103,3
861189,1
442465,2
709128,1
944976,2
850960,1
988899,3
639529,3
1042720,2
114965,2
436988,3
665125,2
701774,1
71318,2
724425,3
500270,1
944305,1
136617,3
623295,1
25960,3
537719,1
794707,3
565793,1
584212,3
86288,2
994916,2
697490,3
702701,3
110959,1
846557,1
102967,2
723498,2
564414,3
898162,2
301984,1
629475,3
501068,1
86451,2
493979,3
218923,3
1027425,1
255830,3
903252,2
120124,3
828410,3
208804,2
629069,2
1007137,2
253827,3
99081,3
368928,2
1039678,3
701194,1
766310,3
1014033,1
278339,2
489929,3
472174,2
165044,3
898226,3
124162,3
464831,2
640667,1
348970,3
836465,3
986740,3
265576,2
693044,3
1004148,2
700363,2
950966,2
647943,2
963278,2
385893,3
184891,3
1051045,2
516720,3
224779,3
639371,2
332505,2
520318,3
135622,2
222053,3
882244,2
908818,1
404792,3
716406,2
445441,2
136755,3
169461,3
235487,3
317627,2
899600,1
274073,2
703469,2
769625,2
141744,2
882396,2
590168,3
215971,1
79880,3
728075,2
359140,3
981883,3
739686,3
994083,3
487788,3
961368,3
61047,2
915754,3
596099,2
375255,1
813898,2
941434,3
228085,3
267480,1
505286,2
548120,1
829996,2
270131,2
650613,3
839682,3
506214,1
469032,1
225734,1
777095,3
334569,3
501999,2
791029,3
790814,3
656215,2
396383,1
699005,2
535463,3
151051,1
375027,3
524127,1
564208,3
121929,2
1012239,2
65123,3
942032,2
820514,3
815797,2
466772,3
656582,1
642227,3
990193,3
77371,3
440696,2
486060,2
722035,2
183608,2
479747,1
235519,2
439956,1
229104,2
1015710,2
171687,3
351753,2
10107,1
586767,3
751661,2
918418,3
774858,2
69140,2
876694,2
633725,3
910518,2
864997,1
976115,1
472112,1
200884,3
774046,1
421994,2
908016,1
269498,3
778404,3
968571,3
817676,2
277985,2
660090,2
706458,3
54663,3
890067,2
127071,3
50298,3
227573,1
824571,2
755765,2
322852,2
66981,2
319579,3
809916,2
809499,3
62445,2
781143,3
375398,2
484908,2
660566,3
3053,3
926484,3
774017,2
332184,3
245994,1
704534,1
602845,1
938929,2
772907,1
182921,1
141007,3
438787,3
724008,2
253180,2
800527,3
570924,3
477681,3
666453,2
268177,3
696227,2
399750,3
941463,3
143141,2
425247,3
911880,2
474760,2
972882,1
443305,3
542667,1
1020703,3
669518,2
586551,2
162073,3
490657,2
167158,3
360922,1
62195,3
735305,1
516277,2
723634,2
917161,2
30303,2
1032268,2
39375,3
188127,3
738626,3
1045941,3
293305,2
544048,2
263988,2
921958,3
1024773,3
437589,3
568638,3
545702,2
592967,2
380724,2
707813,2
614474,2
200646,2
596901,2
996507,2
670780,1
15385,2
3754,3
570209,3
430490,2
67601,1
499716,2
694410,2
875328,3
123819,2
758047,3
997666,3
471107,3
349331,3
409559,3
475068,3
673468,3
178954,3
314382,3
931018,1
484928,3
928525,3
150360,1
521766,2
687217,1
71054,3
160016,1
9926,1
41373,3
96994,3
199121,1
494836,3
7802,3
901411,2
848677,3
34631,3
879306,2
120689,3
771298,3
557763,3
975640,2
913179,3
828345,1
458265,2
1029020,3
557563,3
273388,3
917550,3
926578,2
774760,1
386250,3
838964,2
421546,2
938287,3
181195,3
525062,3
45649,2
54832,2
94296,3
369914,1
812388,3
479856,3
855509,2
848293,2
756001,1
674770,2
93563,1
623427,2
648012,2
756542,3
315824,2
240455,3
21183,1
39403,2
614748,1
178937,3
692743,1
947202,1
857179,2
372378,3
416249,3
357799,3
647388,2
911494,3
634315,2
835901,3
552245,3
799954,3
399032,3
414155,2
521521,2
154863,1
624390,1
258447,2
433240,3
382918,2
1008015,1
854492,3
232791,3
1050618,3
966665,2
123098,3
758837,2
210720,3
91312,1
949306,3
743116,3
871195,2
560734,3
953578,2
775246,3
811459,1
824684,2
266588,3
661620,3
792086,3
843968,3
36918,1
137549,1
32784,1
637272,3
71620,3
378228,3
1036141,2
345060,3
129362,3
424131,3
768842,2
568070,1
679494,3
738286,2
522801,3
357510,3
87934,3
729280,2
523983,3
22602,3
914934,2
457395,1
558643,2
895135,2
286479,2
846972,2
72487,2
857344,3
451239,2
577715,2
353441,3
356261,3
576529,1
743276,3
911215,2
904046,3
825595,2
536222,2
71731,3
724242,2
1020347,3
914460,3
245801,2
227935,2
770875,2
505984,3
11279,3
890199,2
888139,1
933049,3
659669,1
653214,3
475959,2
577783,2
634331,3
896369,2
466051,3
747755,2
466505,2
482327,3
303936,3
140213,3
398613,2
1051026,3
496388,2
383943,1
882975,3
568964,3
320770,2
540180,3
55934,3
574706,1
1028098,2
25296,2
742954,2
910274,2
216842,3
642665,3
446097,3
697472,3
106920,3
934246,3
481246,3
313654,1
826390,2
815783,2
586314,3
762348,3
626567,1
743168,2
572548,2
644514,2
660892,1
626382,2
447356,3
596260,1
566366,3
32908,3
74201,3
543915,2
778022,2
589368,1
695442,2
597229,3
191448,3
41832,1
64680,3
1022776,2
481213,2
1047440,2
320494,2
992204,2
153485,3
273933,2
318419,2
875483,2
925332,1
829217,3
110756,2
746799,2
1042131,3
22248,3
284671,1
529932,3
712108,1
767117,3
502075,3
1009107,3
467628,3
53572,2
836372,3
238053,3
51201,1
327537,3
37434,3
938169,1
356961,2
349063,2
215648,1
653888,3
589315,3
73547,2
1005622,3
647649,3
73094,2
964513,3
737866,3
428614,2
655121,3
229196,2
384594,3
452275,3
183934,3
99794,3
660619,2
4182,2
485944,2
336343,3
674111,2
625437,2
991046,2
307380,2
716359,1
277969,3
496669,2
417710,1
605955,1
65729,3
683098,3
340481,2
445282,3
702969,3
14143,2
14644,2
621770,3
677176,2
224442,3
111999,1
62482,2
857384,1
581754,2
704247,3
955001,3
648927,1
1021626,1
1017327,2
877418,3
177900,2
1017808,3
920702,2
548908,1
167661,3
371990,2
1013525,1
375393,1
199590,3
694824,1
100383,2
684117,1
344981,2
891004,2
1042049,2
606109,1
841353,2
925300,3
83644,1
374754,1
848668,3
724937,2
475685,3
208164,3
183838,2
957426,2
769944,3
688136,3
545611,3
1029648,3
24264,2
557600,3
961038,1
652785,3
683722,1
510050,2
249164,2
244579,3
574637,2
864335,2
325782,3
613953,3
12740,3
535548,3
512583,3
438661,3
903615,2
471744,1
54647,2
868113,3
311765,2
46508,2
333287,1
638139,3
57083,3
965933,2
408780,1
651569,3
480943,1
673493,1
896925,1
752061,1
343187,3
431419,3
765693,3
836156,3
212138,1
608719,1
577460,3
370468,2
779379,2
999573,1
326030,2
28400,2
815023,3
653911,3
29232,2
292466,1
328347,3
693701,3
519241,3
500018,2
871785,2
308419,2
831284,2
578235,2
887314,1
63293,2
243778,3
980431,2
911502,2
998053,3
135387,1
504820,1
925246,2
425092,1
493357,3
195276,3
831698,1
851934,3
659549,3
183069,3
64879,3
56620,3
939882,1
66214,2
136941,1
290845,1
272939,3
961032,2
834024,3
185700,1
500466,2
512131,3
263958,2
628275,1
467805,3
1038921,3
989742,3
1006843,3
155615,3
940069,3
471687,3
1037414,1
390719,3
541239,2
1048694,3
73262,2
192342,3
468081,1
505097,3
222901,3
24114,3
936526,1
759727,2
470870,1
934112,3
609797,3
780495,2
659533,3
285574,3
73632,2
961124,2
126325,1
971341,2
613868,3
800465,3
66450,1
277758,3
41386,1
161843,3
533777,3
381629,3
270591,1
62840,3
247690,3
432425,3
228304,2
903081,2
821946,2
986944,2
486577,3
485934,2
38573,3
941735,2
875449,2
762867,3
889884,3
194381,2
53688,3
656023,1
348619,1
127994,2
960504,2
649371,3
282630,3
310489,2
141553,2
845384,1
738018,1
465029,2
1021171,2
843426,1
895963,2
886283,3
167477,2
971402,3
429643,1
416187,1
407602,2
299537,2
515032,2
953258,3
784733,3
179826,2
1006284,2
403544,2
583241,2
232094,1
564682,3
578937,2
921144,3
804811,2
838314,3
158410,2
468042,2
576937,2
780209,3
490816,3
1034322,1
572156,2
120556,1
492812,2
803209,1
422293,3
201879,3
41293,2
627729,3
706940,2
897823,3
976758,2
868066,2
232191,3
539296,1
659134,2
844918,2
82567,3
368815,2
451820,2
541900,2
912286,3
378931,2
447084,2
8983,3
897110,2
762845,1
104823,1
52894,3
703177,2
478221,1
369605,3
302111,3
467021,2
232823,2
930032,2
343125,3
226317,3
1000306,2
818455,3
195231,3
736823,3
176697,1
190726,3
611706,2
686515,2
550093,3
993049,2
44734,2
588895,3
164839,1
703390,2
740384,2
573588,2
128220,2
780749,3
1035184,2
556336,1
486291,2
848284,3
513582,3
801163,2
920436,1
574959,2
436846,1
582073,2
288216,2
1020613,3
716890,2
868558,3
341964,2
341985,1
1012780,3
825942,1
253497,2
86921,2
618614,3
153274,3
33084,3
669578,3
1043964,3
602420,2
340687,2
685772,2
32694,3
292820,2
420575,3
47727,3
721809,3
988372,3
5260,2
328775,3
414311,3
673056,1
953950,2
102999,2
167031,2
599131,2
1017090,3
941441,3
361215,2
798941,2
750431,3
38674,3
407195,2
17796,2
672654,3
479139,3
66768,2
1023530,2
901976,2
766576,3
711204,3
414055,3
602284,3
502614,2
499163,3
1017878,1
492184,1
872556,1
537473,2
777250,3
468750,2
357290,3
739838,2
488386,2
467023,2
496764,2
547741,2
248390,2
967893,2
932114,3
368328,3
911647,2
169605,3
625454,1
403126,3
861675,3
643600,1
462269,3
651072,3
767630,3
943738,3
438061,2
491811,2
603938,3
900901,2
725992,1
132764,1
989893,1
962088,3
779040,3
707034,2
993619,3
938914,2
537792,2
412807,3
725616,2
938057,1
905824,3
256632,2
492592,1
516777,2
163694,1
96630,3
416421,3
9410,1
947007,2
59994,3
82003,2
290424,2
166282,2
226109,2
83946,1
582257,3
962515,2
308718,1
471232,3
89948,2
711218,2
892396,3
288379,3
813995,2
219805,3
686357,3
252007,2
403938,3
791201,3
496852,2
723919,2
498544,2
860635,1
172436,3
201330,3
17108,2
759433,2
65447,1
1043573,2
251871,1
1019472,2
357081,1
365445,3
579015,2
724278,2
686059,3
533071,3
401484,1
955570,3
805958,3
768513,2
207199,2
286169,2
12975,3
647791,2
618604,3
559666,3
53549,2
441558,3
141517,1
768951,3
51617,2
881475,3
775454,3
622993,1
904326,2
545010,2
431640,1
460924,3
668639,3
716693,2
336618,1
108218,2
77139,3
168410,2
104053,3
505904,2
424319,1
472100,2
581503,2
920950,1
37813,3
840285,3
148763,2
70983,3
903544,2
490145,3
498399,3
265787,2
420577,3
295882,1
556275,2
642190,2
32180,1
897512,2
127421,3
110027,2
603061,2
803643,3
401602,2
298902,2
93585,1
161299,3
523236,2
667742,3
217935,2
263860,3
604210,3
680910,3
909372,2
615431,1
749602,3
442593,2
365327,3
867322,3
98336,1
286323,3
146719,2
206169,3
976982,3
470432,2
269622,2
96481,2
347926,1
857223,2
97561,2
315423,2
38450,2
179768,3
142757,3
787854,3
386546,3
105112,1
291977,2
120577,2
860175,2
661192,3
235922,3
796737,2
806973,2
315600,3
994874,1
142200,2
548798,1
312007,2
365883,3
75734,2
943837,3
76840,3
322554,3
1527,3
95003,3
215529,2
653855,3
218207,3
1036305,2
26006,1
924631,3
500717,3
570893,1
437267,3
345881,3
755665,3
371505,2
185252,3
790792,1
778734,2
504497,2
795171,2
707886,2
426293,2
659189,2
351863,3
544533,2
19506,3
684428,2
91371,3
740601,2
330733,1
963118,2
353445,2
524699,3
260434,2
918288,3
162221,3
36815,3
350397,2
355163,3
957416,2
674350,3
952941,1
389704,2
226132,1
391369,1
392373,2
922222,2
376064,1
921797,3
188212,2
625905,3
569691,3
807688,2
232591,1
432567,3
394537,3
484676,1
592747,2
503613,3
141283,2
606110,3
131180,1
776906,3
692581,1
888617,2
109106,2
974000,2
656699,2
634807,3
83066,3
788801,2
693736,1
995230,2
479062,3
381117,2
943863,1
312038,3
840637,2
381676,3
936975,2
260290,1
977175,2
993929,1
444278,1
551494,3
92375,1
440190,2
450445,2
525095,2
950609,3
375898,1
115103,3
855032,2
955469,2
243133,2
102186,2
1049592,3
1015032,3
875570,3
823692,3
119339,1
818976,3
574896,2
120720,2
51676,2
354824,2
935346,3
599439,3
741758,3
639477,1
213050,3
699744,2
814610,3
943281,3
36142,3
282399,1
298239,2
695484,2
393108,1
210290,2
25768,2
461860,3
21324,2
960790,3
254646,2
1008586,3
826726,2
96613,3
743204,3
425902,3
745827,2
756336,1
412900,3
699354,2
47645,3
214427,1
27398,3
154089,3
417411,3
126216,2
945011,1
247603,2
423516,1
873108,2
850948,2
510036,3
742139,1
1016482,3
585519,2
1006338,1
383071,2
232996,2
202944,2
903065,2
841846,2
80358,3
664157,3
586565,3
497942,2
452893,2
375399,3
298290,3
740255,3
1034565,3
25115,2
151109,3
431303,3
478895,3
224953,3
579438,1
921397,3
205469,2
79357,1
629493,3
887018,2
201329,3
825894,2
341766,2
398752,3
785744,1
780344,2
777919,3
672522,2
545438,3
675608,2
464867,2
773459,3
124693,1
293961,3
110800,3
142227,3
310839,3
933047,3
357919,2
542765,1
8527,3
899690,2
1034607,1
1022146,1
1026373,3
475087,2
589037,1
71162,2
235417,2
940131,2
876608,3
519138,3
590767,3
437637,1
544787,2
821791,3
277254,3
748523,3
455229,3
521788,2
1015634,3
949652,3
795406,2
497756,3
942354,3
504465,3
849013,2
239996,2
42904,3
951849,3
624869,2
25139,1
138706,1
1048621,2
59260,2
137456,1
1043466,2
183179,3
126845,2
931883,2
49342,1
28558,2
272801,1
376267,3
142808,2
683480,1
350539,1
588792,2
16534,1
980336,3
1000751,3
170293,2
1028106,3
586089,1
634694,3
204738,2
936380,2
93758,2
994906,3
923717,1
1007946,3
773053,3
521414,1
273961,2
541602,3
408908,2
669132,2
107034,2
976088,1
336863,2
366660,1
1016468,3
873075,3
581458,1
731405,2
249902,3
368680,3
189526,3
802799,3
626281,3
478504,3
1011706,3
579497,2
99238,2
216022,3
808494,3
114543,3
17514,2
281256,2
974754,3
18083,1
247643,1
314233,2
836432,3
494559,2
68422,3
40598,3
822264,1
279808,3
862545,1
553151,1
198667,3
713707,3
399643,3
769308,2
401841,2
405333,3
716677,2
869404,2
689778,1
636454,3
367749,3
722345,3
719287,1
641089,3
472191,2
1027045,1
911584,2
657866,3
503666,3
657674,3
409440,1
538056,2
691536,2
219756,1
782514,3
435254,1
641289,2
821740,2
413672,1
331661,2
180707,3
49268,2
9112,2
358417,3
665309,1
827193,2
480110,3
415367,2
567671,2
40151,1
629919,3
837601,2
189436,3
131506,3
963719,3
223914,2
752107,2
795976,3
851379,3
271238,3
647626,2
1030884,2
391918,1
91922,3
489300,3
787460,1
791748,2
446955,3
444189,3
812489,2
460580,2
188065,3
793786,2
506312,3
457388,1
866959,3
1035176,3
676977,2
136042,2
575375,3
222323,2
609594,1
143716,2
572913,2
418182,2
716667,3
304208,2
62737,2
331779,3
120576,3
650274,3
995386,3
211515,3
405069,2
1032166,1
300244,2
460300,2
344456,1
887417,2
28911,3
216716,2
289762,3
719228,1
712886,3
384547,2
727589,3
291856,2
480376,2
154242,1
17558,3
46149,2
268698,2
351622,3
721419,2
337542,3
444581,2
12911,2
10285,1
125993,3
535280,3
400847,3
603284,2
224450,3
342721,3
858551,2
569203,2
114898,2
1035925,3
322639,2
853187,2
524105,3
878815,2
351306,3
91955,1
772313,3
929146,1
493507,2
889072,2
130978,2
520158,3
968878,2
151820,1
503035,1
403998,2
352485,3
858736,2
869167,3
880987,1
375726,2
1001433,2
772174,2
829724,3
724654,2
62368,3
211682,3
1018627,1
1051708,3
329751,3
140746,2
12351,2
621510,2
748459,1
970269,3
574697,3
429329,2
29334,2
10496,2
477628,3
162194,2
890216,3
945989,1
449826,3
808743,1
46986,2
374618,3
934166,2
784242,3
250843,3
839164,3
568758,2
44264,2
191862,3
899992,3
539173,2
297632,3
260408,3
164505,3
446903,2
78639,3
355330,3
456209,2
663594,3
12176,2
891506,3
3123,2
133939,2
965057,1
1021594,3
786964,1
181349,1
880983,2
427769,3
842947,3
366090,2
69301,3
624908,3
729014,2
654740,2
892382,1
508318,3
371850,3
1046318,1
775209,3
755429,2
486109,1
846906,3
98232,3
1041523,1
389079,2
611996,3
957867,3
602400,3
976472,3
221134,2
942879,2
302239,3
269991,3
343719,3
959492,1
228283,2
981866,2
734840,2
513479,3
340001,1
749791,3
405243,3
454812,2
606933,2
326793,2
661951,2
189232,2
149748,3
369345,3
832486,3
541816,2
686078,2
523887,3
333695,3
900441,2
978840,3
401406,1
1036016,3
404812,3
473465,2
694611,1
323988,3
246384,3
42764,2
488917,3
694190,2
601210,3
692789,2
83377,3
731782,3
772778,3
301630,2
934441,3
786949,1
335129,1
965268,1
190970,2
301342,3
76267,1
409982,3
677271,3
699441,3
465204,2
733769,3
260094,3
717258,3
112632,1
281238,2
28917,3
526603,2
742914,2
824527,3
406570,2
974004,1
980072,3
270320,3
828563,1
1048385,2
959862,1
874663,2
417717,3
365481,2
826404,1
955743,3
664427,2
843376,3
218901,2
752141,2
407872,2
1013578,2
837629,2
603437,1
980568,3
863156,2
929431,3
933431,3
613827,2
790369,2
557874,3
1011175,2
218947,3
161972,3
871034,3
570493,2
188279,3
760196,3
598562,3
656234,1
653810,1
526580,3
258514,3
138639,3
759434,3
818357,3
779184,2
103492,2
430350,3
519385,1
642386,1
838262,2
773295,2
1034832,2
62166,2
791542,1
308067,3
406215,2
119041,3
255445,2
898232,1
143824,3
891873,3
918256,3
584637,3
749550,2
197182,2
438576,3
8996,3
470810,1
1203,3
438643,3
825616,1
76851,1
520321,2
1033842,1
263723,1
273293,2
297099,3
544706,1
541226,1
679531,3
684620,2
23717,2
529957,1
216195,3
466890,3
287758,3
291211,3
467520,2
951097,1
950291,3
840335,2
140319,2
21638,3
324012,2
141689,3
1024708,3
600428,3
818372,3
60996,2
895737,3
48927,2
227833,2
955056,2
682779,1
557312,3
446326,3
903330,1
292567,1
766435,3
764274,2
924813,3
538949,2
47983,3
270772,1
462838,3
295697,2
418034,2
968381,3
707560,1
991422,1
1048075,3
171386,2
231177,2
78401,2
221797,2
524867,3
471205,2
266078,3
444120,3
737042,3
266032,3
879752,3
102415,3
956585,3
796253,2
915070,2
208120,2
364420,3
756041,2
426043,2
663045,3
824474,3
504559,2
924317,2
630736,2
238730,1
893923,3
521845,3
182255,3
630014,3
1033234,2
457614,1
450679,2
480029,2
143057,2
146064,3
1031034,3
113883,2
1021477,2
276620,3
929543,2
692796,3
940329,2
705963,1
553012,2
577861,1
624789,3
449495,1
782232,3
1017164,2
531730,2
467830,1
251870,1
875343,3
597337,2
82008,3
777051,2
529050,1
533152,3
369191,2
302189,1
547879,3
660633,2
765963,3
806051,2
436144,2
372950,3
275719,3
252798,3
83691,1
492706,1
666845,3
544858,3
937431,2
228031,3
522760,3
799723,1
653655,2
401472,2
975417,2
309797,2
598767,3
583227,2
156647,3
753346,3
112919,2
687243,1
395592,3
756944,2
167834,3
794149,2
264523,3
22002,2
195421,2
709668,3
650683,1
883858,2
520922,2
1035477,1
904964,1
537070,3
504915,1
371372,1
372428,3
671156,1
334160,1
398596,3
605591,3
722092,3
849987,3
100408,2
646692,3
651312,2
67929,2
645155,2
534233,3
190268,3
447450,2
174205,3
49719,3
381549,2
341596,2
263426,3
688796,1
377937,3
335641,3
644581,3
177805,3
647280,3
785278,2
533348,2
754014,2
217746,2
804154,1
540240,2
435141,3
1012038,2
203813,2
108241,2
355508,3
768588,2
64658,2
1049209,2
1006068,1
755161,2
1002239,2
816527,2
792298,3
846544,1
635392,1
674803,1
518552,2
698710,3
63621,3
985140,2
958937,1
385666,3
1004561,3
655819,3
130933,2
874958,3
99820,2
572682,2
644560,3
581538,1
782164,3
648842,3
328821,2
1037615,1
384258,3
604521,1
251721,3
323187,2
304434,2
473879,1
992823,3
837176,2
715558,2
611975,3
54088,2
889989,1
131817,2
839111,3
765670,3
242751,2
850026,3
1029138,1
827305,2
1049678,2
356282,2
920161,2
812570,1
772657,2
317031,2
142235,2
100245,3
758290,3
573549,3
484699,2
211289,2
933360,1
358504,2
49703,3
1007075,2
686214,3
382882,3
131176,2
384637,1
778654,3
584541,2
165009,2
746188,2
31605,3
13931,3
609744,2
930632,3
572480,1
12839,1
958550,2
367111,3
644683,2
378092,2
841977,2
251451,1
90533,2
981998,3
775223,3
901403,2
1027938,2
421081,3
46474,1
171822,1
345983,2
481896,3
544603,2
148834,1
613248,1
219731,1
198273,2
701823,3
695923,2
572841,3
837506,3
113907,3
82760,2
70999,3
509124,2
255815,1
140180,2
974882,3
504842,3
779740,3
841526,2
814782,3
540625,3
991102,1
896948,3
887388,3
871842,2
1008960,1
609999,3
702750,1
461307,2
47630,2
120120,3
451916,1
534587,3
402868,1
679889,3
338267,3
947163,3
292193,1
96339,3
155280,2
899857,2
412933,3
509554,2
195087,1
537693,3
900026,1
761514,3
195061,2
678278,2
354172,3
344099,3
918470,3
225320,2
770130,3
181387,2
550104,2
684132,3
707865,3
1015279,2
25150,2
29890,2
913485,1
714790,3
656910,2
83637,2
29361,2
262065,2
194800,3
730891,2
376009,2
427502,3
748781,2
47598,2
297818,3
757819,1
375111,2
275126,3
411719,3
592956,3
427855,2
525713,1
193053,3
467666,3
396964,3
502348,2
83966,3
418879,3
21931,3
303481,2
98886,2
1003356,2
469667,3
252384,1
376698,3
992247,1
444542,3
186503,3
106468,3
641354,2
196214,3
910396,3
444787,2
958742,2
279182,1
814609,2
996292,2
160111,2
755631,2
926032,3
380868,3
573538,2
834745,2
301495,3
1020804,3
853998,3
709123,3
252429,3
929388,1
8354,2
453947,3
423060,3
393146,3
925589,3
287954,2
243174,2
439303,1
535915,2
568470,3
464566,1
405421,1
130973,2
544376,3
469801,2
306628,2
333598,1
930769,3
959922,3
508207,2
325535,3
764919,2
684362,1
187636,3
304070,2
400372,3
792805,3
136288,3
1001521,3
753047,3
100029,2
631471,2
3316,1
359547,3
285117,2
536413,3
653023,3
624746,3
626902,3
288700,1
218182,3
380018,3
265477,3
1052199,3
1011563,3
574530,3
884306,3
668038,1
41229,2
228277,2
1022979,3
962453,3
962152,3
880016,3
1044800,3
592964,2
950384,2
630201,3
595541,2
854318,2
824501,3
281124,3
258434,3
725181,3
581741,2
184261,2
840401,3
313343,3
59773,1
280302,3
83931,3
978038,2
302139,3
285446,2
771462,2
679498,3
952045,3
508076,3
641353,3
166739,3
401229,1
390116,3
381400,3
136520,2
633210,3
433020,3
713611,2
177341,2
830115,1
478745,3
403529,2
549149,3
209655,1
754334,2
354320,2
153489,1
978797,2
883824,3
39863,3
31372,2
679617,3
766129,2
844104,1
445593,1
149759,3
1019850,2
872451,2
860713,3
614128,3
462083,2
665042,3
644174,1
1044358,2
445577,2
150811,2
289715,1
572406,2
480956,3
939783,2
614044,3
499052,2
983575,3
449505,3
46491,2
352050,2
548996,2
173803,3
250975,3
33743,2
741301,3
2530,2
729058,2
918707,1
1037531,3
262401,3
989298,2
718917,3
76098,2
516658,2
829148,3
250701,3
739291,2
181516,2
807864,3
405244,2
269131,2
530348,2
451328,3
405274,2
901573,2
803840,1
446055,3
650145,2
96516,2
345942,3
189685,3
774709,3
822726,2
20972,1
252745,3
376744,2
525686,3
50940,2
191756,3
250857,2
857990,3
435518,1
1022206,2
713607,3
320422,2
244715,3
69942,3
576019,3
115823,3
569613,3
364192,3
602606,2
310232,2
1043752,1
847226,1
747867,3
367331,2
751899,3
296363,2
151235,2
462099,2
382716,3
411599,3
569355,3
840257,2
199547,3
19733,1
408552,3
675635,1
623575,2
619083,2
580581,2
161806,3
470368,2
92866,2
775123,3
377702,3
346212,2
259085,3
40355,3
557508,3
1034408,1
18140,3
322821,2
847189,1
601685,3
993316,3
327153,1
560525,3
1029074,1
290061,3
848940,3
877498,3
255003,2
456159,2
109771,2
857058,3
813080,2
606214,3
380857,2
854525,2
71693,3
881804,2
421932,3
503648,3
99320,3
351556,2
80769,2
320665,1
105048,3
71744,3
12499,3
56427,1
105535,2
305,3
358339,2
952126,3
462888,3
889340,1
932899,3
331984,2
676790,3
209199,2
459465,3
347097,3
985373,2
62562,3
422105,3
252721,3
331140,1
146221,3
817233,1
910797,2
556080,2
524983,2
1048500,3
680073,3
500996,3
425975,3
17070,3
173741,2
296989,2
266740,2
204145,3
737631,2
899499,3
1026408,3
914800,2
392126,2
446084,1
206427,3
761515,2
128645,3
243478,1
435307,1
694236,2
388417,2
173139,3
473005,2
541556,2
519326,3
511002,3
317,3
584664,3
878579,2
600719,2
399558,3
517905,3
979584,2
117840,3
169542,1
707112,3
360765,2
166098,3
169240,3
706524,2
522086,3
290578,3
439706,3
535058,3
221616,1
12205,2
780493,1
868489,2
193796,3
536668,2
901210,3
642003,3
154153,2
68095,2
492321,3
206420,1
815990,3
296515,3
863075,2
459914,2
616721,2
1047169,1
57946,2
660911,2
906099,3
859848,2
288044,3
523944,3
579225,2
580115,3
844939,3
9154,2
732411,3
486716,1
395500,3
267474,2
704122,2
223383,3
753017,2
213448,2
462493,3
414701,2
184870,2
844653,2
43205,3
223698,3
191649,3
77000,2
54416,2
20927,3
889253,1
238656,2
339605,2
671554,3
23091,1
903318,2
331123,1
726048,1
988612,3
798117,2
307592,2
166213,3
570350,1
783464,2
52600,2
192876,2
502591,3
444727,3
387754,1
789478,2
997367,1
40938,1
918351,1
82736,3
1021688,1
822617,2
279651,3
577645,2
38759,2
274242,3
181713,3
484368,2
8042,3
658733,2
956639,3
339109,1
922880,3
424859,3
779177,1
114202,3
507029,2
421214,1
685327,1
758697,3
188535,1
211495,3
763891,3
310247,1
1014400,1
155879,2
908601,3
297720,3
568317,3
686092,2
456221,3
591216,2
1037303,1
729043,2
563930,2
684634,2
776274,2
183180,3
1046376,2
452183,2
658279,3
536316,1
892424,2
37632,1
638401,1
506600,2
537222,3
543780,3
606388,3
403850,2
1040628,2
163462,3
360206,1
137040,2
599941,3
626514,2
824628,3
842477,2
976820,2
830089,3
415866,2
829126,2
63184,2
876195,3
377077,2
923250,3
238352,2
39060,3
993918,3
169126,3
1015524,2
907893,1
434356,3
180947,1
339111,1
824689,2
715691,2
679445,3
359390,2
464100,1
526373,2
147767,3
898925,3
847403,1
851707,2
76288,3
899069,3
163655,3
747182,2
1020902,2
457134,3
451280,2
458730,2
620732,3
50441,3
264971,3
170496,1
915604,3
308615,2
772658,2
887693,3
351073,3
97894,2
703608,2
145883,2
667260,2
961592,3
88962,2
400804,3
801887,3
962910,2
44627,3
964519,2
748280,3
702832,2
661412,2
659315,1
288484,1
673508,2
174760,3
472926,3
477781,2
320857,3
257524,2
724887,3
625807,1
65024,3
80158,3
856064,2
284141,3
1050122,3
429728,3
308232,3
244274,2
35018,1
570228,3
1021620,2
75041,3
601108,3
322016,2
799423,3
33988,3
796727,3
401017,2
741749,1
909174,2
884437,2
229320,3
964581,1
528795,2
341092,2
517643,3
271585,2
970074,3
634868,3
630327,3
1018868,2
275948,1
239870,2
855194,3
658962,2
451863,2
950159,2
1006469,3
913038,3
101055,1
108375,2
92674,3
540219,1
173365,2
545960,1
846849,1
1020960,3
619989,3
772952,3
1040140,3
137636,3
188890,1
152321,3
1003434,2
421006,3
157505,2
459393,2
559637,1
17019,3
908412,1
249103,2
61384,2
650021,1
581609,3
601425,2
753378,1
938016,2
816011,2
866212,1
999814,1
384717,1
884570,2
209705,3
453872,1
706990,1
414258,3
730989,3
708404,3
414299,1
609706,2
390812,2
312441,2
835430,3
618065,2
300809,2
495875,2
626364,2
599807,3
77501,2
307007,3
716442,2
137999,2
323446,3
534197,2
600439,2
992308,2
44192,3
828292,3
1026988,1
350275,3
918460,1
815528,2
1046439,2
809100,3
586689,3
550122,3
548842,2
771683,3
688616,2
130364,2
985947,2
178146,1
932197,2
642004,3
696403,3
336064,1
423470,2
143910,1
900220,3
1039511,2
741200,3
549179,2
277210,2
478679,2
332064,3
383827,1
296113,1
865580,2
387676,2
276573,1
415009,3
501032,2
588961,3
390311,2
710585,2
198446,2
919004,1
196752,1
126280,3
1752,3
973863,1
1012662,1
154333,3
581341,2
706210,1
514567,3
681319,1
884605,2
1041222,1
230467,2
191554,1
61629,3
421032,2
96679,2
718126,2
614463,2
440228,2
834797,3
188486,1
372010,1
837293,2
175560,3
811533,2
141699,2
372515,2
609683,2
337833,3
790412,3
440185,1
441392,1
983562,1
524232,3
825692,1
190300,3
52038,2
968054,1
575592,2
118324,2
562067,3
629662,1
719567,3
914007,2
682008,3
943698,2
982908,3
17776,3
104499,3
304269,3
219570,3
430367,2
342742,2
553207,2
46302,1
446478,3
106898,3
290318,3
299341,1
855357,3
419037,2
391099,3
645425,3
564047,2
791640,3
545062,3
678029,3
323559,1
417990,1
260400,2
154007,2
279587,1
379220,3
831864,3
99715,1
1650,3
834387,2
319281,2
498289,2
706221,3
682251,1
280954,2
720210,3
870812,3
256293,2
417967,3
161455,1
410379,1
392809,2
108389,3
207785,2
957751,2
490640,3
302446,2
905761,3
463741,2
725443,3
930790,3
14547,2
783166,3
158685,1
613091,1
197011,3
185094,1
882142,1
1002667,2
674421,2
189981,2
343455,1
303139,2
1001425,3
987604,3
551228,3
549389,3
595375,3
335515,3
845681,3
578849,3
7245,3
432602,2
1018639,2
891721,3
960157,3
873511,2
360208,2
218890,3
490033,1
865402,3
991491,2
279775,2
79373,1
621708,1
161563,3
397972,3
642693,2
612298,3
271568,2
546,3
614615,2
354543,1
381153,3
238640,1
455177,1
640003,2
88593,3
363616,3
103132,2
733754,3
653595,2
944182,3
102881,3
345006,2
291941,3
425182,3
878651,3
1046072,2
127420,1
1016127,2
849668,3
562187,2
279134,2
552747,2
754351,3
1009217,2
9074,1
201155,3
293813,3
22252,1
778919,3
141905,1
968432,3
174943,3
160780,3
521457,2
1039499,1
930053,2
8749,3
977912,2
163632,2
427109,3
171156,2
817865,2
453011,1
77680,2
534585,1
289990,3
985230,3
225322,2
147558,2
122706,2
520742,1
725847,1
705904,1
761451,3
293928,3
925311,3
561482,3
112518,3
391660,1
676311,2
837421,2
290351,3
780287,2
273286,3
152910,3
34082,2
284372,3
642988,3
492477,2
592142,3
264826,2
987487,3
562351,2
213685,1
736657,1
607314,3
168161,3
998509,2
114169,2
73652,3
114377,1
72857,1
293811,3
35052,3
436719,1
771125,3
199141,1
191085,3
960618,3
446656,2
133066,3
549772,2
636445,2
458319,2
846563,2
95594,1
713748,2
695181,3
521017,1
316308,2
926684,3
45810,2
1006113,2
311727,2
929626,2
815089,2
199166,1
261609,2
689520,1
1026871,3
931391,2
530018,2
819401,3
28694,2
619801,1
968221,3
1011774,3
803318,3
531516,1
854882,1
69582,3
660119,3
178942,2
98394,3
410251,2
940695,3
87524,3
423624,3
205783,2
546593,2
979665,2
656595,2
726512,2
882873,3
539065,3
745599,2
676825,3
651928,2
1047239,3
1020676,1
144353,2
120929,2
287971,2
329957,2
692400,3
641953,2
85638,2
669295,3
410848,2
419230,2
355092,1
4946,3
676399,3
236974,1
225405,1
306850,3
801059,3
594310,3
816427,2
36012,3
525448,1
145825,3
986516,1
220104,1
600089,1
949909,3
229616,2
627513,3
506281,3
1006989,3
588456,2
628686,3
322575,1
804319,2
155995,3
113578,1
950851,1
429418,3
851618,3
629387,2
330214,1
862549,3
896284,3
892472,2
355807,3
979828,3
406541,3
235039,2
369686,1
979595,3
105168,1
371381,3
143746,3
172796,3
111898,2
100467,2
843471,2
965794,1
614730,3
936398,3
32865,2
789912,2
30150,3
404383,3
1001273,3
500100,3
68892,3
940208,2
1034272,2
1028415,2
306725,2
542523,2
981058,3
895736,2
355982,2
914396,2
967091,3
221399,2
736901,3
243614,1
305749,2
512318,2
578736,3
311238,3
592359,3
415277,3
346788,2
526990,2
525170,3
347864,1
435007,3
4755,2
937492,2
1001191,1
309627,3
843456,3
317842,2
155845,2
768398,2
605483,3
364810,1
503985,1
334617,3
21508,3
466835,2
739985,3
899045,2
618215,2
154396,3
37804,3
441782,2
127114,2
457757,3
259658,3
420047,3
472372,2
585083,1
328694,2
108443,2
583929,2
452059,3
951304,2
619300,2
775317,3
147925,1
141393,3
487841,3
11427,3
1041106,2
187432,2
252040,2
496999,1
37085,2
763785,3
894959,2
196143,2
246021,1
297147,2
300431,2
248184,2
232679,3
717292,2
451207,2
1040256,1
379216,3
677389,1
512088,3
114845,2
625461,2
376105,2
488873,3
941031,1
256398,2
973282,2
108960,2
919668,3
87020,1
187367,3
917325,2
528013,2
170397,2
36358,3
908987,3
577929,3
73246,3
402903,3
981009,2
671287,2
394995,1
978794,2
456073,2
249434,3
941359,3
951574,3
826686,3
722672,3
919306,3
88087,2
567233,1
294719,2
984084,2
699240,2
620555,1
17407,3
585192,3
1048674,2
54529,3
698493,2
197236,1
20706,3
856552,3
128936,3
214658,1
1052346,1
176766,2
699993,3
195739,2
214031,2
375426,1
994891,3
437758,2
152745,2
832012,3
883993,1
249986,3
459072,2
877437,1
179018,3
57930,3
80298,1
936024,1
991097,2
402778,3
800381,3
794238,2
806005,3
921045,2
956451,3
351369,2
985693,1
364977,2
58132,3
335201,3
220370,2
188206,2
747726,3
967190,1
252681,2
150824,1
244249,3
334693,3
1028598,2
1045218,1
512217,3
95990,3
913109,3
946471,1
532534,3
419237,2
249233,3
738180,1
437134,2
677914,2
122565,2
130292,2
60236,3
738522,1
428019,2
952257,3
454595,2
22711,2
684069,3
717787,2
469340,2
594240,3
692065,1
799467,2
670566,1
469472,3
469196,1
418963,3
155465,1
510390,2
167420,3
793312,3
815465,2
802048,2
598636,2
533976,2
415031,2
279386,2
380625,2
356798,2
462961,1
65572,3
411835,1
398117,3
555852,1
472012,3
639631,2
17517,1
929556,3
998410,2
96652,3
281877,3
231575,2
851901,2
861322,2
168023,2
351127,2
483127,2
167114,3
446804,2
563622,3
825476,2
469154,3
873012,2
694055,3
508220,3
323248,1
3395,3
1023501,2
58686,3
635401,3
217248,2
28507,3
712474,1
283038,1
590253,3
858959,3
123587,3
73454,3
794488,2
631788,3
814669,3
781332,1
157665,1
15943,1
808273,2
394904,2
974928,3
86464,3
941195,1
1000048,3
490730,3
710903,2
350801,2
4990,3
741761,3
1021659,2
830634,3
701673,2
1030588,3
607672,3
18708,2
449008,2
181041,3
821216,3
590407,1
248935,3
354900,3
823340,1
509541,2
220580,1
896468,2
678408,1
456419,1
1011618,3
460261,3
197621,3
55497,3
250590,3
13349,1
254993,3
433155,3
121854,3
177733,2
490744,3
817125,2
198947,2
943564,2
837903,3
529034,3
483914,2
562788,2
1034462,2
879449,2
962951,1
635760,2
546504,2
485922,2
442461,2
55342,1
444658,1
960328,3
628718,3
288660,1
584502,1
626782,3
708881,3
356522,2
332802,2
381173,3
486796,3
528753,3
423168,3
888991,1
38003,2
239909,2
304618,1
11604,3
522703,1
767681,2
1038428,1
354762,3
1027520,3
545605,3
562374,1
219413,2
801094,3
473648,2
939583,2
945613,3
601251,1
517403,3
546626,3
483375,3
210544,3
631763,2
932312,3
45179,3
789260,2
298241,3
340112,3
780468,3
371038,3
241782,2
41953,2
669387,3
213395,1
336577,2
979681,3
87779,2
326291,2
218002,1
801853,2
563427,1
670450,2
184507,3
1002467,2
587247,3
125595,2
304150,3
385245,3
200100,3
67506,2
227388,3
9989,2
259279,3
175755,2
177844,1
652207,2
593065,3
615055,2
660791,2
951108,1
149923,3
765231,2
417716,1
905528,2
228447,1
461695,2
886491,1
6270,2
182236,3
626304,3
106672,3
602800,3
82811,3
459951,2
638738,1
862519,2
338868,1
919382,3
910877,2
817122,3
1005879,2
302474,1
312049,3
640611,2
338124,2
627106,1
15814,2
686873,2
788582,2
831686,3
717180,2
1000390,2
519569,2
5152,3
839919,1
502270,3
1029551,3
541572,3
968270,1
286897,2
351915,3
93981,2
897925,1
236990,2
679365,2
769126,2
258303,2
915201,3
528269,3
714785,2
37196,2
34049,2
421996,1
377023,2
460246,3
1009497,2
820639,3
696220,2
358365,3
43769,1
972571,1
363672,3
139059,3
787525,2
319260,3
632455,3
391261,1
503393,2
78546,3
637827,3
452495,3
934037,2
956620,1
40019,2
140083,1
276050,3
65180,2
523686,2
735680,3
478913,3
356110,2
1739,3
148676,1
588408,2
1051152,2
913979,2
1013752,2
972771,3
120016,1
245940,2
653803,3
200594,3
829106,2
953642,3
303444,2
805770,3
417864,2
502513,2
365962,2
275582,2
543375,1
479044,3
578017,2
381348,3
610154,3
63124,2
623919,2
370751,3
396641,3
583728,1
60479,3
620308,1
628991,2
601520,2
266260,3
481291,1
63837,2
525325,2
997036,2
321895,1
201318,1
657023,2
591894,2
481525,3
905404,1
632679,2
1015659,2
321609,2
386008,2
453571,2
183603,3
129431,1
318512,3
334048,1
514084,3
244032,2
699305,2
278765,2
862740,1
759849,3
929095,2
151117,1
967553,3
990714,3
73716,1
917926,1
511131,2
633979,2
34207,2
463423,1
284218,3
219524,2
957049,3
549500,1
599728,3
106601,2
222391,2
740402,3
584101,1
956600,2
401234,3
109316,2
547383,1
461209,3
1012125,2
131610,1
7398,3
634872,1
445769,2
1048961,3
930987,3
1021264,2
682691,3
42710,3
287580,3
811380,1
804886,2
115479,2
622599,3
776758,3
894499,3
125558,3
549687,3
607798,3
11633,2
867638,2
74527,2
242826,2
1023330,1
965633,3
668918,2
380235,3
25762,2
650207,3
922575,1
42209,1
899059,2
239773,3
344225,2
1033494,3
125456,3
243428,3
676687,2
1041935,3
296948,2
640412,1
439793,3
291407,3
295408,2
541159,3
1022609,3
1034826,2
665070,3
365287,2
937598,2
1045778,3
486800,2
606144,3
393316,2
1043085,2
307670,2
579943,2
29517,2
384814,1
780032,3
581270,2
18704,3
784060,3
264680,2
518511,3
774089,2
740891,2
1010285,2
250388,2
12860,1
1052022,3
506518,2
975292,3
120031,3
535100,3
150565,2
95758,3
249473,1
181571,3
966144,3
230277,2
779672,3
107266,3
545272,2
598006,2
1028762,2
322357,3
999269,2
124989,2
972202,3
1003221,2
1037828,3
95759,3
446164,2
468657,3
902339,3
612774,3
1049425,1
243610,2
537439,1
443557,3
243416,3
751510,2
12930,3
159395,3
558602,2
412709,1
571111,1
10385,3
692537,3
878515,2
389112,3
502727,3
438566,3
752068,1
880224,3
827942,1
869489,1
817467,2
336066,3
85444,3
928811,1
493404,2
830040,2
836963,3
929019,2
472113,2
1034581,1
151331,1
715174,3
486477,1
1008009,2
25132,3
225550,1
698584,3
241748,2
698454,3
317346,3
629603,2
24942,1
581077,2
435574,1
807540,3
534546,1
93043,3
1041870,3
314258,2
112459,1
384176,3
63541,1
212336,3
833669,2
213724,1
151400,3
1045059,3
244008,2
296914,1
516672,1
156249,3
764697,3
482039,3
319678,2
244847,1
151848,2
129445,3
894175,3
958787,2
1010688,2
198603,3
918803,2
287300,2
149488,3
669304,3
44213,2
41072,2
850433,3
1052330,2
604400,1
63063,1
490200,3
919412,3
624726,2
425791,3
912065,3
726513,1
532956,3
537258,3
533233,2
348082,1
917598,3
609899,2
663361,3
585725,2
711741,2
516359,3
717727,2
397386,3
771478,2
755675,3
508062,3
908120,3
67421,1
1048906,3
691298,2
821607,2
462671,1
464896,3
440068,2
136260,3
544613,1
808726,3
937885,3
905264,2
94968,2
100669,1
962504,1
422788,2
695570,1
868471,1
346891,1
529755,3
445601,1
1043216,3
969690,2
1020383,3
932204,2
220987,3
149471,2
338498,3
81259,2
555198,1
316124,3
362445,2
596459,2
630320,2
749483,2
538921,2
573202,3
970002,3
926270,3
212936,2
434519,1
496662,2
743430,2
984331,3
1022060,1
698573,3
22342,2
675916,3
16373,3
200248,3
679706,2
625488,2
234488,2
501219,1
854355,2
102876,3
174850,2
996799,2
994840,2
433463,2
346826,3
535835,3
317796,2
536169,1
433804,3
21301,1
652201,2
494933,3
962937,2
721295,3
27568,2
1030142,2
468763,2
386321,3
802730,3
840960,2
312403,3
221482,1
385429,1
170297,3
1050732,1
483499,3
351055,1
475057,3
930287,3
685015,2
617905,3
414031,3
667614,2
16249,1
770563,2
707024,2
491307,2
151332,3
835486,3
531816,3
691648,2
771904,2
691925,3
438270,3
936541,3
993603,3
422636,2
323603,2
775546,1
115297,2
1024829,2
599572,3
19535,1
956473,2
970592,1
569339,3
1024252,1
186854,1
195482,1
338098,3
601079,1
947486,2
852821,2
789134,2
58521,3
402635,3
2537,1
361714,2
465274,2
725865,2
223498,2
580895,2
157953,2
1050321,2
209456,3
412511,2
175177,3
203555,2
728551,3
111742,2
847586,2
266042,3
570985,2
377942,2
34332,2
1049733,3
228309,3
442024,1
439727,3
490228,2
164403,1
180245,2
21383,2
931821,2
39265,3
718505,3
264001,3
225878,3
189903,3
300379,1
79796,3
686784,2
962286,2
572832,2
849613,2
460198,3
467146,1
276714,3
559005,1
121893,3
155313,3
430521,3
844271,2
102984,1
156624,2
569282,2
367420,1
348028,2
563761,2
607568,3
458984,2
260681,2
855783,3
641370,2
556739,3
921026,2
396220,2
548912,3
924432,2
977284,3
5939,3
574537,2
1038087,3
852822,1
653784,2
330508,2
712406,2
78509,2
1022624,3
600087,3
826314,2
538331,3
277667,3
305592,2
514947,2
544935,3
1049731,2
496416,3
114052,3
281532,1
1040049,2
907557,1
814879,1
672623,2
1020426,3
1024196,2
429075,3
654425,1
505758,1
566894,3
776717,3
270223,3
947522,1
933401,3
675965,2
634698,1
120899,3
220570,3
631108,2
60059,2
453807,2
643767,1
999591,3
800523,1
332311,3
987984,3
2081,2
271668,2
217497,3
328207,3
659739,3
859997,1
376092,3
883231,1
743831,3
898792,2
278667,2
255680,3
344526,1
303505,3
679233,2
109736,2
445298,2
457194,3
707128,3
694467,3
436902,2
1021262,1
861719,3
696935,2
445025,2
93561,2
442634,2
62646,1
19227,2
249288,3
61615,1
251097,3
214786,2
589801,3
295970,3
309868,3
604603,2
888036,2
232990,2
155452,1
30025,2
861879,3
195441,1
218546,3
1018750,3
812701,2
267823,2
8968,3
621522,2
753795,2
260643,3
1043195,1
494575,3
715738,3
860021,3
442807,3
518045,2
951215,3
351273,2
436467,1
311771,2
921750,1
728081,3
259030,2
168138,1
702070,3
970939,2
786634,2
644417,2
479307,2
327541,3
344967,2
99557,3
796393,2
188099,3
795970,3
87149,2
73149,2
133043,1
899729,1
940745,2
795294,3
1032017,1
20049,2
753438,2
749934,1
914944,3
854634,2
225637,1
838527,3
621618,2
385762,1
879103,3
201516,2
26436,1
660861,2
585964,1
423982,2
276780,3
651240,3
782377,2
63495,3
1019469,2
542254,3
701246,2
898491,3
970126,2
314804,3
545120,2
177485,3
798965,2
594275,2
703045,2
136229,3
795927,2
38187,2
1043263,3
750330,1
1019488,2
478616,2
754866,3
343685,2
190133,3
197377,3
33379,3
433797,2
516947,2
350127,3
234396,3
864896,3
741696,2
503475,2
307363,2
528636,3
976076,3
91248,3
490054,3
280853,2
418009,2
655010,3
250319,3
931488,3
466954,3
493443,3
843932,3
220676,2
967317,3
581255,1
912256,3
509258,3
622177,3
297174,1
188303,2
336312,3
227193,1
699117,2
309551,2
568406,1
722449,3
775265,2
448686,2
186828,3
569154,2
177510,3
861889,3
793929,2
1010242,3
745654,3
807212,3
228877,2
921244,1
677082,2
591642,3
614368,3
802485,2
1043388,3
631589,3
77114,2
437050,2
75262,2
392547,2
979138,2
276203,3
82593,3
617185,3
628314,2
700488,3
502535,2
732187,2
437054,2
117574,3
280545,3
353475,3
652114,3
509780,3
124980,3
967752,3
54120,3
491418,2
571307,1
128984,1
1023401,3
179266,3
1026872,3
366944,1
117168,1
285782,1
189892,2
621287,3
938776,2
939796,1
719097,3
946660,3
915714,2
832705,1
572044,2
45630,2
600210,3
295944,2
624014,1
306394,1
103449,1
81412,2
858862,2
858459,3
973395,1
676427,3
631141,1
1044394,2
887729,1
988053,2
157246,1
663220,1
140267,2
458973,1
241387,3
101595,3
674841,3
683370,3
847856,2
774247,3
20261,1
119523,3
647537,2
153459,1
575128,3
319268,2
142812,2
468937,3
297520,3
699109,2
5604,3
755026,2
11933,3
719213,3
421639,3
684108,1
911879,3
1025270,3
378927,1
957502,1
381814,2
574361,3
361946,2
908013,2
315380,2
337067,3
315362,2
733679,2
615934,2
1041640,3
125243,2
177124,2
71812,2
223721,3
380671,2
941745,2
1024719,2
980251,3
246361,3
642406,3
364713,2
680488,3
420672,2
49738,3
823604,2
429377,1
728541,3
536811,1
896507,3
995262,3
580344,2
960030,3
823859,2
174782,2
699114,2
90527,1
287352,3
239403,1
491352,1
488185,3
559552,3
409917,2
912918,2
103167,1
553090,2
152546,2
99226,3
466858,3
648126,3
134021,3
403882,2
784903,1
1034961,3
171634,3
391709,2
818508,3
296323,3
919753,3
759749,3
127234,2
517145,3
194393,3
413381,3
236737,1
626797,3
342364,3
552628,3
257265,3
248499,1
659689,3
552819,1
279179,2
1046092,2
973247,2
993680,3
43141,2
1021822,1
1027470,3
69272,1
6509,2
362020,3
312790,1
269992,2
207217,3
828672,3
643804,3
685564,3
824325,3
89992,3
170756,2
754979,1
91938,3
225242,3
289147,3
296143,3
777609,1
362822,3
524578,2
125830,3
25868,1
367471,2
755228,2
187791,3
46396,3
1030616,1
11544,1
892120,2
1034099,1
698509,3
768453,2
335499,3
279269,2
721126,1
847748,3
595014,3
463204,3
404422,3
680278,2
298250,2
583891,2
540435,3
420107,2
812007,1
738320,3
779653,2
442514,2
919540,2
844034,2
412419,3
89794,3
899461,2
185841,3
747302,1
456857,1
447005,2
289848,1
128103,3
889209,3
818932,3
450803,1
632273,1
369643,1
941237,3
209351,3
605608,3
315724,3
949226,3
96717,3
886452,3
6529,2
747795,2
738481,2
650254,1
659646,3
969407,3
600994,2
821715,2
406103,2
273702,3
732919,2
13003,2
1023773,2
163037,1
420830,2
905390,2
919968,3
16387,1
361769,3
470377,3
285323,2
905667,3
207296,2
530503,3
1026082,2
960517,2
838573,2
123965,2
378849,1
552433,2
873933,3
524316,1
675257,1
496622,3
666987,3
338785,3
414853,2
332574,3
723097,2
158499,3
337620,3
843696,2
910816,3
277893,2
284022,2
428455,3
531354,3
198956,3
119315,3
512763,3
421638,2
110740,2
982403,3
777911,1
507555,3
662951,1
137886,1
993300,2
830583,1
934574,3
381513,3
639705,2
516352,3
1004106,3
505484,2
229096,3
186913,2
226607,3
575724,1
546338,2
629162,2
935377,3
936296,3
659481,2
463040,2
955896,3
697788,2
570150,2
1048866,3
426310,1
1021452,2
763426,3
844471,2
84090,1
859918,2
220300,3
81512,2
806948,3
85348,1
954780,2
137284,2
272638,3
42523,2
857000,3
931769,3
554144,1
511712,2
386624,2
539177,3
236236,3
649238,3
588023,3
430267,3
678182,3
648600,1
207893,2
189116,3
998596,2
532418,2
279563,1
651771,3
1029728,2
1040860,1
229060,2
739235,2
56153,2
212181,3
104968,3
991258,3
549675,2
462409,3
487231,3
952144,3
676776,2
8490,2
113474,3
578657,3
590482,3
1014546,3
33323,3
207193,3
407770,2
2257,3
941856,3
617839,2
498418,2
499312,3
738314,3
862388,3
62136,3
695673,2
449899,2
871826,1
788533,1
404528,2
1030990,2
19629,2
718517,1
208246,2
986863,3
496844,3
301306,2
250152,1
916824,3
98047,3
260297,3
522024,3
916090,1
712894,2
1013888,2
239872,3
279288,3
422982,2
461999,1
845,1
129718,3
35392,3
503139,3
814328,1
28066,2
330856,1
596778,3
120566,1
700483,3
528604,2
495259,3
668036,2
266547,3
1022021,3
767008,2
454937,2
143406,3
212756,3
815664,2
395270,2
600553,3
544927,3
983945,3
329139,3
923312,3
1025166,2
738189,3
785806,1
891353,1
474966,1
606383,3
543784,3
81016,3
348572,1
411230,2
322842,3
335260,3
587968,2
724319,3
676212,2
752406,3
569607,2
420516,3
840592,2
809051,3
41137,2
201969,3
524564,2
951835,3
234482,2
565439,1
869224,2
368892,2
615923,3
458060,3
539413,3
901330,2
556419,3
697016,2
435995,1
760254,3
681549,3
278361,1
329447,2
38347,3
599127,2
336,1
1044701,1
626517,2
186970,3
584925,2
903803,3
135492,3
513332,3
9575,3
150698,2
554952,3
742910,3
742040,3
473398,1
64552,2
765881,1
358945,2
79348,2
57111,3
45041,1
858756,3
560456,2
954361,1
212618,2
1013961,2
728683,2
329615,3
299815,3
376356,3
690976,1
761934,2
25606,2
958993,2
386295,2
805219,3
136261,3
534819,2
694610,2
119493,3
374240,1
723281,2
422450,1
419853,2
742211,1
824989,3
189687,2
836747,3
844883,3
109476,3
76020,2
383233,1
30053,2
691005,2
236159,3
675021,1
72689,1
121268,1
121771,2
44329,3
314418,1
456263,3
88637,1
304404,2
251872,2
433436,2
217758,2
964821,3
716347,3
272990,1
498891,2
717145,2
804444,3
288897,2
209009,2
703647,2
993321,3
649190,3
916989,2
463249,2
346989,2
221899,3
701854,3
571517,2
972757,2
146503,3
919717,3
985551,3
995317,2
698678,1
561380,2
801495,2
248575,2
893297,3
428652,3
601373,1
230333,2
93996,3
163900,3
718109,2
436658,3
997204,2
587703,1
232434,2
664581,3
360675,3
694068,2
460126,2
216682,3
959719,2
213750,2
707075,1
311794,1
353696,2
291486,2
63615,2
871015,1
414014,2
145465,1
223444,3
221643,1
864407,2
459822,2
930483,1
122938,2
50400,2
978468,1
150973,3
823983,3
316305,3
47192,2
742092,1
84840,1
609541,3
1019119,3
83939,3
961507,1
184069,2
298944,3
596333,2
341890,2
310363,2
780400,3
251563,2
81559,1
470636,2
29772,2
975178,3
235982,3
993734,2
1004611,3
710012,1
983667,3
128824,2
547994,2
24487,2
294757,3
105350,2
878373,1
412826,2
1050210,3
1030885,3
627432,2
147520,2
664394,1
763929,2
720678,3
461682,2
716456,2
400123,3
553794,3
941660,1
774704,3
857671,2
646883,3
646341,1
857202,3
950969,2
631662,3
160379,2
750489,1
652208,1
829084,2
865701,1
929121,3
113835,2
716621,3
526729,2
1023795,2
697614,2
447760,3
76982,1
60221,2
836771,1
565593,3
407212,3
513148,2
634643,2
540389,3
803991,1
434120,3
911769,3
382939,2
925698,1
911006,3
230785,3
385178,3
34532,3
1099,3
558548,1
915257,3
501044,2
167728,1
1036490,1
848535,1
713287,2
833078,3
222775,2
728617,1
1013614,2
539431,1
592680,2
935136,3
124808,3
291205,2
960872,2
559423,3
432297,2
35379,1
1047383,1
283346,1
460264,3
585931,3
871073,1
847495,1
234382,2
611668,3
877635,3
15040,3
987543,3
897367,1
435319,2
11239,1
745090,3
848869,3
686781,1
757925,2
1025267,2
90907,3
250722,1
928885,2
482047,3
501428,2
655400,3
300427,3
852228,1
938953,3
18508,2
369071,3
994103,2
432271,2
603588,1
883279,2
612309,2
86280,1
894173,1
673986,3
481128,2
18737,3
268557,3
330391,1
970561,2
280496,2
133298,2
701747,2
170126,3
807675,2
391276,2
336373,1
1047582,2
384869,1
380879,2
229810,3
641226,1
429857,2
851487,1
256358,2
652796,2
386236,3
90683,1
242270,1
1046795,3
1010965,3
747510,3
81303,2
817645,3
1037295,2
633674,2
727496,1
1035800,3
635366,2
580206,3
559315,3
986699,3
271141,1
272089,3
993084,2
814809,3
18853,3
205604,3
451079,3
286466,3
622704,2
842791,3
733421,3
262818,3
994051,2
354098,3
22649,3
363877,1
985829,2
203689,2
125070,3
791080,3
733419,3
141690,3
882916,2
745653,3
598220,1
199558,3
644350,2
1021350,3
687239,3
568040,3
337008,1
931527,2
18097,3
613464,1
53890,3
590318,3
126553,3
666978,3
965521,2
351090,2
490459,1
588668,2
331045,2
970701,1
859115,3
17666,1
119844,1
296373,2
772177,3
652615,1
396152,2
312950,3
2030,2
552853,3
139440,2
568690,3
693434,2
183901,3
719188,2
935592,2
480650,3
339489,3
831767,3
3263,2
82746,3
815682,2
292190,1
226130,3
335233,3
297977,3
264945,3
695678,3
484087,1
283246,1
1016630,1
335550,2
845466,2
729325,3
206896,2
1047871,2
978657,3
336199,1
983987,2
134922,3
1049189,2
25640,2
885543,2
239510,3
352758,2
865612,2
188076,3
758505,3
591258,1
156915,1
95726,3
815808,1
325389,3
1044554,2
555393,3
1041352,1
987583,1
641666,2
52736,2
642457,3
335957,3
516329,3
971194,2
852846,2
815271,1
237098,2
813829,3
112796,3
260651,2
402809,2
821457,3
913549,1
483873,3
1024761,2
380845,2
963843,3
491715,2
39259,2
771760,3
174220,3
178674,3
267995,2
560253,3
374132,2
825464,3
555039,3
1045222,3
602288,2
39812,2
737799,3
989163,3
998607,2
626294,2
528850,2
482449,2
511251,2
878696,2
605118,3
404664,2
831502,3
126008,1
972467,1
638058,3
205227,3
111816,2
792625,2
881556,1
294147,2
1037455,1
226088,2
776349,1
764322,3
190132,3
259271,3
292662,3
974812,2
712852,2
219788,1
829203,2
328408,3
413203,3
64684,2
767105,1
331757,3
964210,2
678955,3
453893,2
649244,1
256110,3
389321,3
795736,3
363184,3
509682,2
410060,3
10762,3
522113,1
11100,3
865164,3
6852,2
867765,3
830281,2
155652,3
376611,3
712277,3
293210,2
694692,3
512183,2
779211,2
413277,3
469606,2
1025706,2
845919,3
352552,2
951526,3
930438,2
597420,2
490701,3
580579,3
451685,3
272470,3
461344,3
550730,1
873370,2
9427,2
744243,3
526686,2
494684,3
60461,3
628183,3
151771,3
599253,1
83360,2
846008,2
982023,3
937441,2
326331,2
834796,1
1044680,1
729615,1
708176,3
278878,3
421293,2
1004738,1
511032,1
601858,1
466805,2
756565,2
869258,2
1001466,2
249713,3
347182,3
652889,3
657375,3
608714,1
942687,2
231674,2
473390,2
166179,3
304790,3
258897,1
361413,2
663019,2
896881,3
1051831,2
820328,2
854645,3
190035,2
1029788,2
37418,2
735610,2
390091,2
842020,3
120370,3
878296,1
40073,2
72869,1
350402,3
733174,1
220603,3
108818,2
316557,3
103892,2
977446,2
955413,3
505199,3
135703,3
982091,2
735430,2
991427,2
480359,1
594,3
107089,2
643755,3
245422,3
939832,2
646426,1
146359,3
997801,2
912375,3
26597,2
34078,2
157478,2
1022114,1
171879,3
526581,2
192833,2
561981,2
992449,2
1024218,2
954385,2
277240,3
201296,2
505131,3
843685,3
129908,1
286656,3
948210,3
42841,3
988635,2
609900,2
361958,2
77515,2
785926,3
921107,1
68217,3
852961,2
189409,3
14543,2
218319,2
730312,2
792484,3
55713,2
796116,3
99943,2
62563,3
353662,3
648078,2
671090,2
740175,3
388912,2
752056,2
247407,2
961347,2
159077,1
362134,3
667328,1
407830,1
5277,3
438768,2
242083,3
948749,3
541423,2
68317,2
453685,3
409896,2
44113,1
497016,1
17571,2
932940,2
926925,2
626410,2
858492,3
694338,3
47160,2
874138,3
685415,2
744102,3
185739,1
109360,3
572938,1
502396,3
506677,3
317454,2
494170,1
1001459,2
609607,3
743503,2
278432,2
357646,2
1050773,2
692296,2
619013,3
964753,3
265502,3
788432,3
1015505,3
590236,3
1016567,2
813057,2
137816,3
835504,1
698357,3
635609,2
615889,2
884539,2
465717,1
308607,1
776601,3
888225,3
390053,1
937139,2
388136,3
519976,3
1016148,1
55467,3
880940,2
170383,1
792566,3
267136,3
44187,3
895091,2
271193,3
182796,3
1005378,3
201018,3
104929,3
547366,3
37499,3
1017729,3
927261,3
1041612,1
932331,1
798867,3
64931,3
271804,2
447066,2
231791,3
787490,2
383511,2
789594,2
812989,3
82066,2
1033243,3
930105,2
44878,2
516318,2
759346,2
601344,1
29906,2
886939,1
857165,3
1025824,3
394690,1
1002178,3
544117,2
1027921,1
1017875,3
911971,2
1040970,1
997704,2
707411,1
802128,3
267351,1
286417,3
275300,2
1035696,2
602228,2
5087,3
766805,1
381430,2
201769,2
352016,2
1023084,2
664776,3
607315,2
638762,2
557325,3
598428,3
385924,2
462145,3
785526,2
928476,1
1014444,2
112048,3
540777,3
444693,2
141163,2
237965,3
321493,3
266443,3
103919,1
651361,2
60650,3
170264,3
22187,3
447612,2
292677,2
96541,2
535219,2
75335,2
191162,3
353157,1
335146,2
861848,2
951261,1
750929,2
967807,3
974616,3
344880,1
130900,1
527458,3
585957,2
851710,2
173563,3
299695,2
518114,2
300015,1
46878,3
838739,2
522367,2
1030967,3
607967,2
153686,2
468336,2
675963,2
639719,3
952310,2
474520,2
709720,2
695598,2
377346,3
1036391,3
83147,3
275391,2
635239,2
401100,2
714675,3
881109,3
988753,3
361615,3
168488,2
21234,3
294116,1
724687,3
993521,3
176631,1
758629,2
557618,3
427116,3
973029,2
839603,2
524414,2
356033,2
747410,3
505569,3
202677,2
113336,3
213524,1
997304,2
679313,2
635620,3
485684,2
915354,3
800497,3
696850,3
451275,3
577374,3
439045,3
713832,3
675864,2
159220,2
641142,3
998540,2
837572,2
998723,2
504590,3
356780,2
1032769,2
829453,3
561952,3
929918,3
994688,3
530743,2
369802,3
955179,3
204624,3
635210,3
921248,2
148429,1
169830,2
259910,3
501681,2
44688,3
648586,1
738991,3
249715,3
380820,3
257876,2
731324,2
870781,2
859491,1
770063,1
101471,3
161243,1
983582,2
361968,3
23003,2
892245,1
601634,2
1025782,2
403420,1
430258,3
364968,1
472032,1
1042330,3
870240,3
808533,3
697298,3
1006116,2
995624,2
216652,1
410774,1
139915,3
1010769,2
63035,2
843363,3
210279,2
664590,2
714262,1
485952,2
945125,3
877479,3
308204,3
247000,2
1017821,2
228864,1
298997,1
255853,2
243889,1
329094,2
646839,2
998575,3
712647,2
1002300,3
964627,3
943051,3
356800,3
397417,3
515895,2
713116,2
534307,2
464732,2
709491,1
79256,3
928107,2
435741,2
675244,3
983217,3
640457,2
856748,2
1003861,3
373022,2
598481,2
548592,3
635915,2
306327,3
391546,1
291485,1
469438,2
335,3
316756,2
821539,3
216661,3
100363,3
584674,1
144622,1
193377,3
1031758,3
175519,3
739779,2
670269,2
460859,3
75437,3
22520,2
178391,3
444503,2
101460,2
666508,1
652179,2
1023902,2
10421,2
395924,2
491379,2
29569,2
595424,3
386890,3
668584,3
980258,3
1025140,3
1034074,2
799159,3
745312,3
164112,3
249639,2
1037562,3
266787,2
448923,3
52518,1
151835,2
598438,2
786697,2
61673,3
844423,3
470913,1
548481,1
335841,3
337448,2
432750,3
935267,2
319526,3
842063,3
298525,2
778905,2
254034,1
457096,3
987679,2
692718,3
98848,2
818408,2
660983,3
155616,2
916827,3
516916,3
740067,2
424401,3
208569,3
800064,2
949459,1
512830,3
757440,1
187170,3
168098,1
282807,2
587595,2
362421,3
79755,2
890998,2
1031657,3
83321,3
802798,2
484957,3
273295,2
511378,2
195481,2
974231,3
367019,3
947846,3
920903,2
8793,2
426015,2
857910,1
690839,3
247911,3
830090,2
575973,3
846842,1
577457,1
613535,3
1038379,3
316031,1
171458,3
912317,2
853099,1
281874,2
505414,3
488752,3
856619,3
264417,3
758634,1
864483,2
709945,2
459757,3
25950,3
337940,2
270601,3
730427,3
112389,2
653243,3
814243,3
996100,1
158747,1
851056,3
272262,2
190267,3
442324,2
486417,2
318847,3
635211,2
311510,3
527662,3
954879,2
348665,1
141454,3
176306,1
948978,3
328678,2
867382,3
959332,3
693145,3
915665,3
176767,3
292222,2
453547,3
916593,3
456725,3
763296,2
233701,3
97990,2
272448,3
745501,3
989374,2
398165,3
777409,2
860189,2
112830,2
16503,2
17773,3
394976,1
130192,3
499448,1
1046148,3
20774,1
610188,3
186031,2
116295,1
18021,3
1031100,3
626477,2
124538,2
989961,1
967922,2
1040935,3
304758,3
191789,1
918145,3
599638,3
686203,3
483872,3
789548,2
649526,3
1015303,3
338224,2
612677,3
590860,2
628085,2
21455,2
599318,2
420068,2
633603,2
419681,1
577033,2
844934,3
109883,3
756132,3
630391,1
445335,3
846722,1
71760,3
802606,3
16909,3
180160,1
135097,2
827610,3
237391,2
704074,3
557793,2
751976,1
125557,1
195620,1
962482,2
946302,3
196141,3
495929,1
451859,2
1043750,3
103342,2
304768,2
892354,1
980958,2
1033615,2
334466,2
690851,2
467024,3
403869,2
459913,2
795780,3
18619,3
150886,3
67551,3
855233,2
716029,2
331656,2
659588,3
842388,3
252638,1
398208,2
404255,2
312718,2
880291,1
584870,3
938941,2
592116,3
739101,1
443705,3
922741,2
908442,2
742227,2
417572,2
602062,1
652396,3
1046546,3
580081,2
249539,3
601992,1
958693,3
513555,2
340609,2
42918,1
525888,1
32934,1
659574,2
583191,3
939225,3
440772,3
16350,1
702988,2
957073,1
23351,1
891946,3
84442,2
885879,1
824456,1
540362,2
480824,3
708973,3
711076,2
45891,1
983718,2
961103,2
603239,2
40766,3
922597,3
71721,2
596654,3
795598,3
493084,3
343832,2
486897,2
104771,1
1044159,2
845041,2
950412,2
762816,3
957749,2
51123,1
61670,3
1030672,3
44405,1
92275,3
416891,1
74706,3
498021,2
781357,2
897412,2
997417,3
997958,2
542003,3
442616,2
29720,2
417327,2
214449,3
108691,2
521965,1
529781,1
669751,3
136282,3
192019,1
615915,3
522789,3
466687,3
518921,3
798453,3
533298,3
230031,3
87355,2
166354,3
634774,1
63383,2
219555,3
213341,3
79864,2
59522,2
636357,3
536841,3
814030,3
153916,1
493575,2
893672,3
724845,3
255799,1
1016934,2
428696,2
795378,2
534550,2
919588,1
826431,3
415496,2
572953,1
24313,3
330337,2
649960,2
680710,3
297196,1
820174,3
50672,1
681275,2
156324,3
1039538,3
625846,1
970741,3
895315,3
629041,2
845114,3
100604,2
5963,3
72846,2
322231,2
560400,2
749614,3
942841,3
614061,2
969452,2
439676,1
844682,3
97478,2
971015,3
695934,2
364090,1
844246,1
705361,3
568557,2
938337,1
571150,2
173324,3
15651,3
113198,2
53039,2
436113,1
440326,1
311867,3
61932,2
741725,2
368045,3
650646,2
278211,1
721982,1
379044,2
863742,3
251588,2
390494,2
457671,1
103643,3
1000383,2
264063,1
232590,3
231293,2
619556,3
1004002,1
881983,3
121903,1
244379,2
288223,2
672603,2
763513,3
308612,2
287442,1
435986,2
684585,3
746961,1
970428,3
391039,3
81938,3
825973,2
80179,2
817961,3
816582,2
862454,1
387611,1
269219,2
155109,2
270592,3
69317,3
150492,3
100798,2
176630,1
139849,3
210043,3
393690,1
385323,3
980181,1
295632,1
972854,2
665140,3
1038362,3
4454,3
686951,2
584275,2
929384,2
595835,1
848898,3
882786,1
735841,3
528546,1
183548,2
38088,2
678111,1
928624,3
177212,1
285907,2
426298,2
538131,2
276767,3
186263,2
114127,2
852593,1
68753,2
164637,2
649230,2
406830,1
787637,1
564553,1
551764,2
385788,2
358533,2
1005677,2
1015354,3
899331,3
109049,3
490367,3
567659,1
50255,2
155440,3
149730,1
350595,3
539927,3
388253,2
428321,2
74019,1
77006,2
242679,2
525569,3
56514,2
380512,2
969738,2
88180,3
686130,1
820194,2
123489,1
639980,3
869221,3
962021,2
72614,1
905084,3
248000,3
75410,3
623311,3
24689,3
389597,1
353596,2
635167,3
782560,2
510453,2
825191,2
675049,2
472763,3
791261,2
66725,3
1037374,1
1047508,3
588727,3
218299,2
769090,3
271308,2
452615,3
589570,3
576197,2
238703,1
512381,2
742953,2
889764,3
3588,2
711115,3
73120,2
46682,2
578822,2
798870,3
562533,2
383641,2
1044222,3
459057,1
706755,3
658977,2
341587,2
475498,3
142318,3
340708,2
544256,3
927725,3
275242,2
447345,3
719668,1
367647,3
511486,3
635715,2
69507,3
94534,3
720973,3
1022461,1
1052848,2
101646,3
241666,2
239544,2
663843,1
497634,2
773145,3
205205,2
245493,2
282475,2
379121,2
1048524,2
581134,3
550879,2
256689,3
971895,1
159827,3
758866,2
422347,3
829322,2
11231,3
416850,2
16000,2
790160,3
702855,3
960222,3
984632,2
9879,2
1003672,3
281704,2
579967,3
768708,2
324645,3
228510,2
240941,1
19721,3
643514,2
796685,2
210813,2
372357,2
936708,2
98224,2
797640,1
893554,2
995034,3
320799,3
112834,1
732003,2
819785,3
944734,1
572462,3
353062,2
144053,2
285944,3
158750,3
614947,2
408351,1
21142,1
600741,2
66409,3
506880,3
801382,3
914217,3
164704,2
1039467,3
667357,3
1023763,1
876365,2
848838,2
713325,2
280507,2
214651,3
568754,3
903462,2
265808,3
1005031,2
868482,2
442308,1
907465,1
964739,3
814688,1
449241,3
858058,2
181694,3
448219,3
514982,3
30920,2
286866,3
869406,2
56134,2
979215,3
909242,2
259139,2
418454,3
426400,2
405336,1
203276,1
780474,3
802616,2
852640,2
824419,1
745138,2
331490,2
596088,2
289094,2
346750,3
349832,3
621176,3
536377,3
1048310,3
299243,2
141682,2
111025,1
878669,1
932112,2
175580,3
470991,2
165089,3
709080,2
879326,2
350699,3
697144,2
885542,2
709600,3
300043,2
616379,1
979119,2
1001576,3
338314,2
260287,3
185260,2
575609,2
158350,1
429298,2
384476,2
47738,3
248864,3
10436,3
1044098,3
143018,3
614955,3
788813,2
994651,3
318903,2
635379,2
748303,2
95805,1
816284,3
180432,1
1039515,1
986002,1
57296,2
223185,3
1020583,2
602473,1
97279,3
1021966,2
998414,2
408585,2
456959,2
85541,2
689583,3
969660,3
731165,3
31701,3
991223,3
214850,3
725127,1
853478,1
973283,3
835790,3
255043,3
447061,3
861286,3
434117,2
371834,1
560197,3
532593,2
220705,3
150433,3
343104,2
619012,3
1043051,3
9783,2
478614,3
684963,3
589351,2
675540,3
273942,3
41434,3
111261,3
543255,2
104368,1
537748,3
681074,2
225864,2
874498,3
907547,3
212307,3
616920,2
8781,2
705755,2
515564,2
240626,3
503101,3
916185,1
662068,2
454909,3
894030,1
446375,3
829492,1
433966,3
126873,1
851973,2
662472,1
483488,3
865965,2
471934,2
33082,3
431624,2
376931,3
658654,3
824706,1
472478,2
719604,3
822291,1
614666,1
757760,1
940380,2
99642,1
127326,3
292628,1
483184,1
153286,3
839375,2
705402,3
543006,3
86087,2
47725,2
920644,2
647179,1
777260,3
366596,2
388185,2
9177,1
276492,3
888232,1
548571,3
745028,3
604607,2
590453,3
455749,2
944169,2
88290,2
138257,3
905085,2
590674,2
750144,2
448904,3
331683,3
157650,3
335564,2
938597,2
593151,3
61742,3
944851,2
995196,1
240969,2
389844,3
370327,3
533692,2
187754,3
737512,3
310274,2
1050257,2
758771,2
61383,3
877682,3
487494,3
930581,3
648779,3
614023,3
599225,3
916194,3
130070,1
64820,2
675220,2
76535,2
3474,3
1018241,1
494951,2
846773,2
502752,3
1007073,2
155922,3
814015,3
7222,2
882841,3
889653,1
341609,2
816630,3
220028,2
97997,3
747010,3
996144,2
180878,1
899783,3
244082,1
36462,1
1033322,2
965561,3
739586,2
985152,3
141092,3
1037300,3
856088,2
1045707,3
201793,3
337544,3
191837,2
726989,2
764606,3
142970,3
636542,3
608759,2
1007071,3
745897,1
400363,3
53855,3
732727,3
735743,1
377634,1
647472,2
984608,2
88768,2
830920,3
41429,2
696463,1
413759,3
680535,2
633750,2
492725,3
328966,3
105269,3
166381,1
738334,2
660626,2
613608,1
969863,3
19039,3
684130,2
421114,3
821883,3
334424,2
627252,3
619098,2
261447,3
355396,2
460239,1
521972,2
248629,3
70776,1
614305,3
704728,3
55187,2
348485,2
463756,2
197968,2
621479,2
872045,3
476671,3
671519,1
250788,2
899240,2
616932,3
523782,2
838985,2
509890,1
610621,3
1019336,2
763385,2
104060,1
1014984,2
404480,3
53756,2
1007898,1
43653,2
102077,3
114386,1
933015,2
974855,1
544687,2
263462,2
327186,3
789910,2
346538,2
993855,2
7884,2
741110,2
1038349,1
581857,3
552862,2
789342,3
990090,3
17164,1
997,1
412579,1
611173,2
1022272,2
300054,1
695900,3
602234,3
516491,3
334960,3
214426,3
560221,3
305568,1
694220,2
919261,3
144229,3
684674,2
851048,3
681175,3
378569,3
670379,2
96725,2
166925,2
188704,3
412092,3
163915,3
566813,3
1004751,1
759344,1
369898,1
945144,3
681158,2
688902,3
658692,2
1052612,3
974792,2
1007407,2
528026,3
755602,2
102555,1
662664,2
902259,2
667358,3
582115,3
904336,2
8470,2
868730,2
651775,2
345985,2
571904,2
473592,3
319843,3
799372,2
58000,1
295287,3
96618,3
859930,3
611957,2
3318,2
706014,3
825067,2
724431,2
802780,3
117041,3
65531,2
1019688,3
334437,3
198741,3
664450,1
744824,3
13067,3
606701,1
627000,1
852856,3
970860,2
846032,2
542729,3
857362,3
44348,2
39604,2
419133,3
771582,1
179900,2
615152,2
738919,1
958263,3
643886,3
413145,2
440020,2
777548,3
905760,2
90502,2
899290,1
1001778,1
788428,2
268505,1
616626,1
284087,3
715462,3
338861,2
244568,2
43742,1
836631,2
329876,3
821051,1
385358,3
292528,3
94432,3
118646,3
682671,2
265198,3
41176,2
704203,1
101969,2
777389,3
629109,2
979552,3
457561,3
525407,2
842223,3
983843,2
687361,3
518925,3
95028,3
123645,2
101701,2
107237,3
320612,3
491614,2
1030947,2
743728,1
404868,1
1045105,3
47325,1
203356,3
785605,2
754783,1
830086,2
156871,3
829905,3
252651,2
871362,3
622920,3
175827,2
187812,2
213353,3
363979,3
438886,3
109475,3
280486,1
808627,3
583181,3
725058,3
333228,2
1035019,3
181631,1
891562,3
851376,3
768936,3
614270,3
746861,2
256149,1
636200,2
757295,1
565804,3
1050556,1
139958,2
502522,3
323385,3
185172,2
620180,1
901432,2
144464,3
93051,3
771846,2
478015,3
270848,2
833434,3
231258,3
191927,3
550395,2
397195,2
195840,3
926923,1
456270,2
1047123,1
329044,3
33889,2
712541,1
873255,2
914116,2
724230,2
167193,2
74070,2
774210,3
958149,1
957891,2
126967,3
645010,3
19930,1
701780,1
793960,2
638528,1
726594,3
1014225,3
257461,3
1015791,3
285391,1
44456,2
875884,1
451790,3
973930,3
737843,3
632420,2
934002,3
699073,1
560548,3
263075,2
890494,1
1020439,3
240315,2
1050006,3
328227,3
839020,2
729765,1
324498,2
318429,2
714103,3
1021837,2
815699,3
160217,3
436026,1
422986,3
624919,3
901729,3
806725,3
767903,1
768025,2
668702,2
818069,3
798047,3
331687,3
527757,3
560847,2
867624,2
1037045,3
440300,3
1052631,1
249493,2
364944,2
28089,1
464259,3
510198,3
278863,3
108725,2
478175,1
656809,2
866478,3
503150,2
3309,2
335600,3
754663,2
995067,3
429708,3
846151,3
136541,3
570372,3
747126,2
562625,3
314474,2
295403,1
79656,3
246545,3
941072,3
143446,2
247639,3
690470,2
653659,2
697346,2
192918,1
71793,3
62133,3
1010173,2
995256,2
466675,3
629055,1
440447,3
909985,3
418892,2
946945,2
17198,1
910513,2
326195,2
24287,3
574369,2
682451,2
883937,3
461355,2
697823,3
87359,2
497972,3
436268,1
367160,3
597455,1
875726,3
703229,2
274684,3
602431,2
928176,1
717579,2
954812,2
853890,2
605036,3
727640,3
947535,1
622687,3
893810,2
322383,3
21268,2
279684,3
960617,2
904373,3
532074,1
832204,2
173733,3
34034,2
40152,3
725436,2
482034,2
461331,3
1049058,2
380349,3
969257,2
422202,3
540866,2
20030,2
1002431,3
622486,3
535391,1
687879,3
48854,3
354954,1
750086,2
810890,2
163864,3
727163,2
444687,3
137397,2
799210,3
918932,2
345369,2
808284,2
550001,3
143396,2
723313,3
1002859,2
729426,2
1016442,2
122327,1
277539,3
971363,2
434532,1
523436,3
489291,2
228474,3
22781,3
23530,2
479099,3
455956,3
533806,2
891916,2
369375,2
539049,3
898343,3
1291,2
192064,3
255345,2
583550,3
77192,3
363428,2
597822,3
502036,3
24585,1
14949,2
179113,1
665088,3
1017716,3
433686,3
691282,3
83894,2
1021562,3
796882,1
104617,3
305936,2
364951,3
855369,2
290433,2
537527,3
286012,2
736817,2
140384,3
636431,3
485575,1
709582,3
417806,2
940671,3
422633,1
261259,3
100232,3
658790,2
79464,1
579009,1
537027,3
204192,2
938218,3
581802,3
122969,3
195663,3
717168,1
494126,1
222736,1
820388,2
945017,2
558576,1
527430,2
344118,3
396402,3
58275,3
352860,3
158089,3
865781,2
336306,2
247173,3
641331,2
964524,3
440457,3
705889,3
577246,2
58798,3
245695,2
944076,3
859388,3
321523,2
753113,3
1034583,3
878528,1
359671,1
988713,3
547464,2
528861,3
83620,3
978944,3
390633,2
455382,3
160512,3
121636,2
73559,2
37111,3
557215,2
609437,3
379413,2
185819,2
405750,2
469545,1
759110,2
502078,2
357788,1
324056,2
484664,3
417512,2
406630,2
949714,1
796713,3
261545,1
1042873,3
871681,2
851192,3
203072,2
544675,1
533010,2
762241,2
643691,3
552609,1
693959,2
186867,3
383158,2
836206,1
420807,3
585963,3
68890,2
976916,2
154447,3
899531,3
853638,2
887425,1
585461,3
855292,3
569153,3
813098,3
174397,1
60326,2
905658,2
180014,3
478498,2
30617,3
760445,3
258355,3
750315,3
29263,2
417052,2
152854,1
75735,3
66807,2
71372,3
557883,3
246546,2
1039309,1
661502,3
428438,2
726222,2
346693,2
419910,2
736919,2
153468,1
81760,3
356112,1
552519,3
120395,3
764409,1
93544,3
524169,1
15904,2
542863,2
523853,3
387104,2
625697,2
142648,3
1008734,1
195516,3
363524,3
918882,1
904007,2
368207,3
558262,2
236023,3
467062,1
4396,2
141100,1
958450,2
1000410,2
309486,3
1045528,3
919191,3
389376,3
52075,3
809274,3
367826,2
631455,3
790875,2
262169,3
563557,2
398417,3
261780,3
193436,2
486223,1
510114,2
437518,3
1025402,2
471510,1
370895,3
228595,2
530561,2
93429,2
498862,3
694446,3
847639,3
788787,2
544889,2
804127,2
175555,2
576782,3
242285,2
747758,3
724691,2
1001653,3
334924,2
80928,2
993889,2
834753,1
714013,2
99163,3
79462,3
813296,2
949842,3
568756,1
940468,3
499705,2
741060,2
323271,3
762162,2
966361,2
415295,1
508854,3
682680,2
150440,1
567971,2
547779,2
366136,3
617411,3
505660,2
694427,1
554220,2
718887,2
1697,2
203326,3
207150,2
534607,2
466441,2
729346,3
284821,3
909265,2
15248,3
610361,1
645738,2
222054,2
50138,1
44600,1
917538,2
584629,2
341321,1
554310,3
280058,1
958297,2
10709,2
245036,2
248591,3
591529,3
547294,1
76442,3
69606,3
984552,2
106075,2
82114,2
1018832,2
372184,3
996070,3
19391,3
186946,3
165092,2
777526,3
916020,3
904380,3
679709,2
702305,3
751408,1
952588,3
569870,3
308111,3
189288,3
165809,2
618624,3
898848,3
682324,3
229174,2
30836,3
519722,3
332537,3
273977,3
462301,2
657863,3
662539,2
85421,2
350041,1
550191,2
793812,3
46166,2
787693,3
886484,2
29619,2
950727,2
814162,2
888580,1
734046,3
247658,2
388161,2
781053,1
78206,2
843949,2
217856,3
422561,3
461325,1
677468,2
246004,3
553040,1
820046,2
655055,3
879277,3
292343,2
741190,2
317415,2
954326,3
287858,2
934760,2
985854,3
907376,3
405121,3
326696,1
64672,3
619810,2
779388,3
909613,2
558351,3
927588,3
994511,2
329081,2
435579,3
511916,1
765896,3
120279,3
478714,2
961240,2
406086,2
521206,3
147992,2
858548,1
129902,2
591059,2
408473,1
898119,3
680859,3
318695,1
47275,3
799364,3
104842,3
246961,3
63631,2
579565,3
652954,1
501867,3
646348,1
131835,3
403725,3
537436,3
697872,1
560368,1
1030796,2
131113,3
304528,3
483815,3
369357,2
606752,3
65494,3
140628,3
62578,1
869599,3
263768,3
131638,3
519881,1
621458,3
44537,2
291760,3
1017522,2
886245,1
554486,2
972298,2
529139,1
602210,3
224699,2
66245,2
64510,2
863568,3
497810,3
10732,3
769059,3
482484,2
860764,1
499888,2
785037,3
788601,3
504081,3
1043288,1
707294,2
1004998,2
810753,2
838374,2
186336,2
876495,2
422021,2
609559,3
811509,3
75189,1
650988,2
307497,3
71366,3
574755,1
12819,2
546921,2
755607,3
164933,3
682442,3
329834,3
750412,1
955112,3
764399,2
662707,1
250321,2
1028201,1
590870,3
870938,3
498554,2
211276,3
235436,1
507183,2
486018,2
334442,3
991586,3
523977,3
699233,3
392257,2
160539,3
319440,3
702957,1
686006,3
183160,2
808587,3
957487,3
730042,2
701884,3
69025,3
799662,2
463871,1
639486,2
339367,2
576329,2
239001,2
506027,1
598214,3
265622,2
167622,2
935601,1
724263,3
701676,2
678482,3
959057,2
293516,2
713463,3
337545,2
870044,3
440563,2
195707,2
738879,3
61399,1
88687,1
326153,2
452690,3
895384,3
375866,3
909258,3
428245,2
528840,2
761461,3
802714,1
696564,3
81219,2
1004490,3
113308,2
691525,2
342396,2
240894,1
649139,3
497696,3
70898,2
693650,3
189021,3
735233,3
525700,1
469586,2
381719,3
910566,1
395605,2
596513,2
832938,1
405443,3
283369,3
992320,3
619446,2
1010772,3
72763,2
774566,1
561170,2
703223,2
251004,1
584392,3
38983,1
4149,3
313726,2
1045072,2
863038,2
177501,2
359161,2
167210,3
377260,2
15344,2
679912,2
1048959,2
700419,2
339529,3
469130,3
803344,3
788795,3
218204,3
620314,3
1002815,1
893563,2
192517,2
900097,2
667930,3
252202,2
841756,2
753166,3
274629,2
526077,3
525187,3
711334,2
208506,2
262460,2
1024735,2
791609,1
879930,2
530394,3
493202,2
188399,2
120801,2
450740,3
771250,3
411490,1
347403,2
410417,3
809423,2
944124,1
817436,3
705492,3
742136,3
457266,2
256546,2
650405,3
905501,2
407583,2
261352,1
365119,1
145455,3
1024211,2
747525,3
982993,1
832588,2
965181,2
978239,3
184389,2
284391,2
1036332,3
579081,3
403511,2
942654,2
491908,3
569648,3
64563,2
136151,3
368621,2
734444,2
541593,2
488815,2
1016925,2
754626,2
364570,3
201765,2
149660,2
80598,3
894576,3
217305,3
692366,3
686666,3
771308,3
832196,2
510395,3
53888,1
163260,3
492540,2
961983,3
23664,2
888400,2
348105,2
492595,3
452113,3
60199,3
955383,2
467196,3
140625,1
77075,2
136370,2
289398,3
840556,2
378953,2
549808,2
902884,3
1020493,1
242509,2
272080,1
599454,1
230462,3
684434,1
511935,3
649718,3
701195,2
1033203,2
605487,3
33745,3
520274,2
605149,1
743086,1
269329,2
766434,1
246167,2
880457,2
339731,2
322026,3
27998,3
947790,3
673655,2
695760,3
374934,1
1026640,3
543839,2
458419,2
990064,2
302943,3
350094,1
934692,3
777665,1
24302,3
10256,2
261892,2
583045,3
828117,3
963752,3
715256,2
664836,1
1029344,1
466148,3
350523,2
583458,2
78939,2
700332,2
986840,1
914369,3
572726,2
263725,2
444729,3
679143,2
977457,3
211380,3
778157,3
645129,1
1001137,1
848291,2
55262,2
648401,3
474944,1
440191,1
903522,3
1043776,1
836520,2
366428,2
632236,2
303772,2
739093,1
216167,1
774820,2
255523,2
308874,2
809458,3
657185,2
725076,1
515784,3
469182,2
736246,2
514703,1
329693,2
545471,1
30757,3
132749,3
311793,2
567462,3
367648,2
407171,2
1026782,1
973561,3
701472,2
1031395,2
8568,3
837235,3
1031323,3
261453,2
668238,3
1050849,2
964670,2
953679,3
740324,3
1040980,3
513123,3
122786,2
328217,3
96927,3
905479,3
372658,3
819610,2
6732,3
765380,3
179105,3
476464,3
178655,1
102027,2
159399,2
518973,1
332878,2
410325,1
340439,2
332766,2
451290,1
985758,3
151401,2
278148,1
1027888,2
797383,3
217126,2
194129,1
286936,2
447147,1
34326,2
484094,3
575043,2
1007679,3
528304,3
963483,2
823250,2
497990,2
762304,3
820578,2
780008,2
298232,3
274279,3
208203,3
512834,1
703071,2
931973,2
399889,2
626066,3
201572,3
286658,2
487801,3
728915,2
230130,2
471594,2
927992,3
131188,3
709096,2
788658,3
282508,1
956749,1
346410,2
320714,3
779173,2
961852,3
202182,3
271214,3
787000,3
969037,2
989768,3
661567,2
495520,3
295298,3
236227,2
21048,3
1008132,3
60706,3
596090,1
98354,3
52212,3
701942,2
31018,3
526722,2
632970,3
149743,2
565078,3
1039023,2
551798,3
926457,3
1010866,2
436066,2
703156,3
891243,3
518397,3
810233,3
335752,1
497072,3
521839,2
492563,2
758653,2
649043,3
270177,2
1035166,3
570851,2
828834,2
426709,2
74415,3
874898,2
1028272,3
342484,2
552080,2
614085,1
396270,3
320620,3
718274,3
845904,3
817736,2
374536,2
994198,1
217558,1
460702,3
408276,2
610911,2
422840,2
919969,2
822395,3
867193,1
351712,3
870626,3
707635,3
264771,2
746348,1
1014183,2
349806,1
59109,2
939967,3
31402,2
360680,3
177451,2
746505,3
59338,3
245739,2
686526,2
145576,2
74906,1
214197,3
672316,2
17910,2
756306,2
528350,1
949660,2
201792,3
331068,3
264957,2
343498,3
968568,3
403968,2
194497,2
641435,3
195992,2
64742,2
584827,3
708205,2
737777,3
234726,2
920713,3
6016,2
136044,2
881831,3
102750,2
834967,1
127392,2
800200,2
756979,2
627076,2
567087,3
956765,2
1008391,3
211540,1
427124,1
367285,2
334030,2
875474,3
1000910,3
102571,3
875177,1
1017899,1
1040727,2
686157,3
370154,3
249060,1
859,2
902650,1
356264,3
797211,2
31210,3
935434,2
973180,3
31923,3
522164,3
766459,2
711517,2
212984,3
834081,2
602625,2
562630,2
286546,2
899264,3
1041111,3
195413,2
822505,2
116193,1
246888,2
531104,1
568840,3
947482,2
267085,1
820779,2
861854,3
317211,3
313493,3
185320,3
702936,3
407325,2
280408,3
870081,1
456251,2
214676,2
938965,2
866364,1
318032,2
203995,3
786078,2
269993,2
91206,1
398171,3
332254,3
301535,1
595178,3
7392,1
609350,3
1042889,2
481398,3
781653,2
51230,3
493348,2
949380,3
730024,1
121578,2
1051810,2
485687,2
588379,3
674273,3
462623,3
985816,1
565316,3
820169,1
289406,2
221928,3
554694,3
651456,3
214523,2
75274,3
802307,3
200511,2
498828,3
19153,2
128380,1
415072,1
922010,3
264951,2
9357,3
295987,2
873155,3
607822,1
553095,2
673708,3
486497,3
948720,3
681389,3
272018,2
590538,1
179492,3
44262,3
454827,2
586333,3
377357,2
593449,1
590074,1
549117,3
295166,2
375405,3
207182,2
998725,2
875934,3
1018177,3
723010,2
984942,2
334417,2
932764,3
149090,2
819025,2
28866,2
67784,2
358928,3
610641,1
435218,3
277301,2
940900,1
295175,3
629690,1
124069,3
971558,2
440929,2
858425,2
487061,3
820845,3
621357,2
449043,2
642098,2
1026010,3
86385,2
341205,3
669286,3
627416,3
1020271,3
567086,3
930635,3
758104,3
570177,2
223967,3
509105,1
2461,2
1028105,2
812516,3
610105,3
1026057,3
632292,2
909847,1
689652,3
925941,3
230602,3
359830,2
555861,2
219699,3
714685,2
577762,3
835641,2
687862,3
260580,1
782705,2
411323,1
184828,1
333450,2
461955,3
515009,1
207965,1
349224,2
719189,1
463603,1
891060,2
230848,1
353022,3
517763,1
356795,3
1044996,2
847494,1
893303,3
396653,3
262812,3
575191,3
872705,2
130819,3
79358,3
944148,2
406542,3
853327,3
198227,3
537769,3
438770,3
719568,3
1041439,1
428237,3
265591,3
920586,3
1044964,3
942759,3
248396,2
124210,3
798347,3
139008,2
86663,2
388092,2
439813,2
49944,3
791089,1
11931,2
1006430,3
392582,3
382385,2
60173,3
796218,3
985429,3
495236,2
790713,2
503245,2
348147,3
292042,1
217325,2
626079,1
920790,1
133088,2
969307,3
66092,2
730734,3
1052266,3
731203,3
529555,2
715590,1
760475,2
362756,3
707469,3
196783,3
491291,2
419094,2
259063,1
608034,1
40886,3
83126,2
360246,3
483894,3
504398,1
583734,3
853007,2
540574,2
675790,1
584133,2
826016,1
102434,2
125300,3
634212,1
1021051,2
672723,2
246018,1
178326,2
921529,3
205403,3
12968,1
744180,1
1004439,1
468138,3
640433,2
727088,3
1036689,3
422595,2
256885,3
855288,2
284807,3
731013,1
654447,1
691329,2
382318,3
977905,1
1039662,2
688174,3
807205,1
528352,2
53819,3
233289,2
450608,2
1037139,3
332666,3
232925,2
824934,3
393610,1
144792,3
41740,3
843037,3
888433,2
18677,2
619780,2
484277,1
246119,2
791376,2
912733,2
1039129,3
69072,1
420901,2
124125,2
523048,3
486661,2
605658,1
984904,3
570791,1
527672,2
6591,2
387306,2
794745,1
714942,3
829585,3
599731,2
138410,3
170627,1
659426,2
509521,1
819444,2
670062,2
143692,3
537605,2
106476,2
262813,2
565624,3
671112,2
551673,2
578418,3
574234,3
133234,2
764423,1
911067,1
555988,1
989148,3
926442,3
680816,3
716728,3
334022,2
144762,2
355883,3
1043594,3
897869,1
721001,1
635126,2
44910,2
42246,3
1041395,2
943864,3
653492,3
874665,2
534319,2
627382,2
906061,3
787032,3
519309,3
74208,3
582232,3
667647,3
597856,2
22526,1
193283,3
92122,1
303692,3
423970,3
922450,3
155636,3
466506,2
980728,3
392570,3
201069,2
978165,2
164225,2
335763,3
670329,2
512463,1
148920,2
1025840,1
562218,3
828557,2
358657,2
250949,3
585360,3
233922,3
644689,2
153775,3
844188,2
87431,1
854617,3
40543,3
642286,3
952675,3
33478,2
136940,3
625468,1
264732,1
896991,3
805453,3
459143,1
390315,3
782314,2
1009327,2
720241,2
744301,3
447220,3
360952,2
411129,3
12664,3
145533,3
49081,3
602582,2
462879,1
571125,1
478086,3
463481,3
658912,3
562885,3
923934,2
991833,2
185898,2
582182,3
293295,3
15436,3
964719,2
29367,2
853759,2
796569,2
301742,3
659900,2
52352,3
584449,3
910164,2
250510,2
833154,3
568849,2
16652,3
218390,2
966914,2
458119,2
772944,3
475188,2
20143,3
463885,1
1016499,3
888038,3
863505,2
762115,3
258572,2
529226,1
944578,1
882127,2
47796,2
901027,3
503435,3
761763,1
547361,3
708928,3
97746,3
906154,2
261939,1
894761,1
616496,3
951318,3
851297,1
1052754,1
641471,2
13424,3
234859,2
572002,3
384864,2
479943,3
39111,3
401737,2
699133,2
601593,3
257654,2
783576,1
825678,1
821309,1
335208,3
638580,2
334686,3
210420,3
482360,3
37961,2
295559,1
922012,3
186671,1
205094,3
243719,3
433978,1
999200,1
794717,2
697355,2
423749,3
604772,2
714859,1
530466,1
304589,3
914860,2
370432,2
553726,1
1046450,3
496389,1
918506,3
563593,3
1049175,2
152551,3
51930,3
443630,1
985008,3
282146,3
225873,3
816040,2
701392,2
445940,2
662370,1
311192,2
584956,1
1000236,2
307843,3
930959,3
74139,3
1025961,2
624910,1
598449,3
926272,3
465902,1
681055,2
983523,2
636244,3
49469,3
183610,2
212974,3
60286,3
786872,2
489178,2
622087,2
828462,2
372228,3
1027434,2
796230,3
728783,3
1025632,2
46186,1
600887,3
310507,2
961223,3
857921,3
162636,2
520673,2
845091,2
591873,3
249961,3
518405,1
950769,2
542278,2
611146,3
438618,2
698002,3
606095,3
68974,2
418006,2
573275,3
818984,1
865009,2
346285,3
396496,3
988782,1
809699,3
850354,3
154336,2
381976,3
204853,1
60313,2
796395,3
92069,2
630649,1
29117,2
405250,2
1051093,2
766443,3
939458,3
527503,3
485471,1
291979,3
791862,2
569569,2
828017,3
295012,3
16659,2
240837,2
677450,1
650540,1
626248,3
223404,1
160223,3
71596,3
94075,3
515038,3
173833,3
961846,3
18495,1
826478,3
236028,3
176855,2
883617,3
301611,2
861087,3
492877,1
422328,2
723252,3
424776,2
1048630,3
949173,3
472987,1
644877,1
615201,2
715152,3
701159,1
590979,2
439608,3
709616,2
43026,1
349599,3
554070,3
627097,3
76543,3
358501,1
763964,2
881372,3
657965,2
674397,1
825176,2
910230,2
127112,2
203907,1
794685,1
619319,3
911464,2
718006,3
896498,1
175546,2
1015763,3
602599,3
143522,3
180633,3
57494,3
232323,3
155230,1
441103,3
199003,3
59674,2
408449,1
508876,3
223320,3
356955,3
897801,2
625928,2
846945,3
1016121,3
450957,2
853635,3
820033,2
997678,3
51926,2
547193,1
762247,3
962154,2
804976,3
834902,3
48201,3
426935,3
637805,3
959415,2
998964,3
924785,3
916696,2
406544,3
370427,3
482990,1
64271,2
676945,3
839460,3
394209,2
67406,3
104584,2
226251,3
1016796,3
406047,3
262719,3
579665,2
904415,2
334297,1
159633,3
736120,1
802025,3
592253,3
158393,1
1515,2
761114,2
608665,1
96669,3
216767,2
829154,2
1038157,1
178439,3
940101,3
746260,3
576086,3
881407,2
176461,2
795327,2
499667,2
228231,2
456493,2
751493,3
630650,2
726014,2
69553,2
72262,3
276439,2
755236,2
816276,3
643855,3
987852,1
194110,2
470836,2
548576,2
820857,3
205700,1
450680,1
424129,2
412436,2
357089,3
133610,1
957540,3
111667,3
352597,3
510487,1
881655,3
711617,2
69156,3
976592,2
811479,3
313418,2
650162,3
995363,3
946494,3
878125,3
976391,2
796037,3
1037390,2
859303,2
529494,3
619912,1
516992,1
244879,1
134733,3
779023,2
353951,3
133598,3
51154,3
926461,2
904468,2
602246,2
300208,3
696612,1
338388,2
924244,2
370561,3
1005791,3
944552,2
550608,3
536618,3
574236,2
782319,1
274565,3
712167,2
4398,3
42322,3
942861,2
54972,1
16695,1
159492,2
120277,3
962121,2
545423,1
519898,3
908823,3
410844,2
219804,2
949690,2
805518,3
356801,3
785210,2
315726,2
564195,3
550920,2
895668,2
939784,2
286864,1
989018,1
489199,3
525128,3
600490,1
650730,3
579750,1
250953,2
187453,2
652896,2
34393,2
241810,2
781373,3
719518,1
396101,3
597291,2
767301,3
832955,2
42042,2
787598,2
831850,2
147132,2
582207,3
364940,3
685589,2
262503,1
539030,2
842054,2
936953,3
360359,3
377434,2
687331,2
30790,2
684781,3
201153,2
486763,2
682003,3
772809,3
107379,2
771606,3
817879,3
532333,3
735547,2
552176,2
628062,2
39777,3
299654,2
450520,3
771541,3
191381,2
578773,2
1009392,2
964268,2
546312,2
361789,2
533016,1
103954,2
400438,1
68618,3
236328,2
238404,2
620436,3
862436,3
725031,1
298034,2
107355,3
80641,3
234809,1
1016016,2
635805,2
333448,3
161052,2
495791,1
393635,3
120455,2
564836,1
538231,1
278978,3
534299,1
579978,3
808367,2
596502,1
99429,1
134253,3
217352,2
357357,3
578419,3
149555,1
577965,3
794947,1
609515,3
37751,1
736923,3
775553,1
977083,2
638312,2
251627,3
764924,1
655213,3
393933,1
180123,2
108939,2
477704,3
684594,2
165815,2
552611,3
313346,2
952416,1
436077,3
442596,3
852451,2
754708,3
443806,2
967339,2
635478,3
57077,2
284348,3
67192,1
792253,3
354706,2
288328,3
202987,2
767398,3
690951,2
374520,3
586659,1
926496,3
272504,3
1016324,2
296142,2
150759,2
840874,2
273912,2
979774,2
718687,3
271715,3
456882,2
132294,1
110128,2
851790,3
393042,3
773271,1
828545,2
549326,3
720878,1
245919,2
150207,3
911670,1
40433,2
462946,3
677380,2
553879,1
916096,3
241275,2
184864,3
45092,3
119830,1
711201,3
151563,3
794764,3
370508,3
219545,2
42505,1
3196,1
14712,3
61453,2
499707,3
170324,2
936278,1
783426,2
557102,2
163558,3
852091,2
36663,2
265352,3
1026059,2
221543,2
25433,2
923669,2
215406,1
600610,2
50489,2
580690,1
266645,1
224086,1
996316,2
725722,3
884901,3
990984,1
674324,2
169818,3
190790,1
225062,2
495019,3
62934,2
545243,2
482230,2
963094,1
208604,1
1051318,3
15114,3
830280,3
447716,2
522241,2
359634,1
958940,1
792670,3
705000,2
333804,2
806493,2
634853,2
916607,3
433949,2
696628,2
338173,2
281897,3
458309,3
667364,2
272261,3
960166,3
380056,2
387377,1
235634,2
816544,2
1046193,3
979354,2
861405,1
978398,3
78144,2
964108,3
88207,3
468876,3
1005512,2
1045144,1
989359,3
711454,3
786535,2
42338,2
172347,3
973478,1
538966,3
183335,3
1035645,1
871913,1
841269,3
798369,1
400817,2
163928,1
196701,1
409907,3
318408,2
405672,2
174673,3
193486,2
926825,3
781541,3
765046,3
345652,3
666967,3
146766,3
134679,3
60973,3
559270,2
788207,1
477186,2
993019,3
852782,3
599938,3
998939,2
505238,2
367150,1
1035501,2
447398,2
284422,3
963352,2
718790,3
475490,3
1596,1
156304,2
829945,2
324015,1
114871,2
112180,2
584939,1
760219,2
761127,3
104716,2
1046620,2
948864,1
728495,3
130331,2
945445,3
566275,3
809155,3
224164,2
515715,2
393084,2
66476,1
29657,3
153113,1
10889,3
952848,2
209689,1
481763,3
223208,2
982227,3
975202,3
211781,3
10299,3
891586,2
527939,3
683557,3
99744,3
652860,3
194736,2
103928,1
234729,2
68895,3
391627,2
1002577,2
62423,2
946551,2
14111,2
541931,2
140409,3
327519,3
318367,1
536707,3
555890,2
721899,3
922002,2
303417,3
121830,3
548795,1
80701,1
214360,3
549554,2
897057,2
252238,2
560578,1
731369,3
379461,2
990127,2
766413,2
502707,2
345004,3
922903,3
955820,2
1027385,1
928056,3
164884,3
416705,3
446647,1
407145,1
591741,3
166469,2
868429,1
977138,2
564377,2
596252,3
906370,3
701546,3
588236,1
123021,2
481797,3
835756,2
193107,2
90774,3
730757,3
776738,1
315925,3
218955,2
412357,1
9969,1
666084,3
630353,3
621092,1
857439,3
706398,3
419823,2
55670,3
973402,3
110459,1
245460,1
448731,2
418304,2
522766,3
942360,1
895049,2
214964,2
1005340,3
928197,3
155150,1
341599,3
828497,3
207866,1
658505,3
892021,1
324906,2
951691,2
225248,3
21097,3
935085,2
898164,2
503403,2
407962,2
346166,1
297317,1
794817,1
436511,2
562153,2
610758,3
714198,2
986188,1
443170,3
204152,1
862884,2
8574,3
904320,2
36506,2
409797,2
466908,3
745513,2
219947,3
114296,2
752563,2
50737,3
708134,1
349753,1
81226,2
393427,1
244377,2
323204,2
458463,3
752072,3
543677,2
453390,3
994895,3
524914,2
736860,1
875799,1
230347,3
684256,1
103102,3
19162,2
497481,2
499307,3
890436,2
631841,3
368920,3
1005842,3
98683,2
978434,2
510104,3
390586,1
1039177,3
534263,1
995456,3
953141,3
973140,3
817777,1
962898,1
282032,3
37305,3
51042,1
929245,2
443593,2
17623,2
373625,3
913770,1
375280,2
890375,2
126530,1
370655,3
380957,1
14062,3
293273,2
955644,2
532002,3
468762,2
912532,3
333337,2
587775,3
654119,3
1017279,1
686235,3
224438,2
386552,2
656822,2
651637,1
365722,3
499661,3
195962,2
60347,3
348360,2
322795,2
1041805,2
456574,3
148886,3
876094,1
1036774,3
215123,1
497185,2
465482,3
717622,2
173546,3
240249,2
916065,3
26734,2
414033,2
104146,3
507079,1
627921,1
314947,3
87744,3
438224,2
329857,2
1037681,3
672476,2
836821,1
499153,3
882235,2
967145,3
999662,2
515827,1
688988,2
809640,1
1011980,2
1036242,1
524831,3
536027,1
509882,2
827427,1
207070,1
858281,3
670137,1
780557,2
681679,2
646362,2
217115,1
693312,2
600559,3
987908,3
827537,1
940866,2
894475,2
765886,3
423784,3
820897,3
626828,3
797032,2
352898,2
410481,3
609304,2
465694,3
870013,1
902989,3
748777,2
918510,3
435898,3
261091,2
144079,2
738433,2
628318,3
407419,2
385581,3
647352,1
376784,3
847488,3
398319,3
123212,2
17368,3
1014493,2
9756,2
557454,3
133809,3
412221,3
402821,2
360697,2
34252,2
742357,2
575595,3
118416,2
226942,2
316400,3
385389,1
855260,3
613459,3
496874,2
157484,3
1020117,2
1036652,2
843446,3
684291,2
257525,3
778428,2
783725,2
593751,3
223343,1
900858,2
435231,3
444423,2
462463,2
220255,3
310214,3
812288,2
958815,3
410030,2
926377,2
253213,2
885222,3
173725,3
381115,2
162437,1
1018316,3
918189,2
184028,1
118374,3
576774,2
335338,3
829321,3
644495,1
529016,3
170538,3
426710,1
857849,3
854015,3
903984,2
10667,3
391704,1
527208,2
141964,2
36582,3
862287,3
65938,3
372792,2
923881,3
1021828,2
252766,1
703196,2
694530,2
98779,1
229793,3
337451,3
511358,2
703255,2
145407,2
746920,2
511152,3
658968,3
1011742,3
95750,2
588972,1
107276,2
325754,3
739271,2
1044183,2
357058,3
475496,3
455617,2
140842,3
404472,3
357076,2
234773,3
918554,1
169200,1
394750,2
209263,3
884208,3
992534,2
384768,2
25441,2
1039923,2
265162,3
637419,1
715777,1
918525,2
683331,2
54433,3
548224,1
238790,2
1000125,3
438003,2
978621,1
1007647,2
710697,2
26668,1
640980,1
950482,3
651570,2
305551,3
113596,1
867132,1
346994,3
412931,2
350612,3
1050009,3
175722,3
974377,3
372056,3
379546,2
549850,3
169446,2
433879,1
216763,1
343956,3
719862,3
956717,2
538916,2
819308,3
446720,2
110861,1
994580,3
317949,3
439142,1
971891,2
772038,1
532178,2
36684,2
922656,3
548313,2
873388,2
363923,1
82416,1
467702,3
35352,1
29664,1
321303,1
1023235,2
793864,3
475539,3
487484,2
766654,2
900833,2
656879,2
214110,3
734534,2
359611,1
23666,3
811804,2
41235,3
497507,3
940530,3
980645,2
493692,3
345101,3
625623,3
578700,2
3319,3
529210,3
533144,2
794125,3
53317,1
391088,2
734828,3
913214,3
396212,3
232631,3
456985,1
751363,2
1038438,2
41948,3
702344,3
820213,3
489948,3
750260,1
507401,2
7311,3
302347,2
15088,2
956266,3
18825,2
367133,3
929931,3
595664,1
33203,2
748325,2
945329,3
3931,3
353545,1
524794,2
319412,2
484454,2
536280,2
836202,3
643004,3
630897,2
67865,1
791048,2
147595,1
946697,2
768606,3
870717,3
731498,1
534746,3
99393,3
113278,3
42088,1
64150,2
1045308,2
508050,3
457510,1
287076,2
933980,3
831549,1
709303,2
184422,3
782770,1
553539,2
313123,3
925599,3
82836,1
750802,3
797021,2
408562,2
728699,3
658284,3
899714,1
671762,3
428079,3
500006,2
287448,2
254205,3
637013,2
384098,3
894079,2
1009467,3
368681,3
1010303,2
849858,2
374495,3
691253,2
1040254,3
919539,3
405552,1
590054,3
433064,3
387362,2
399928,2
439979,2
66451,2
427145,2
476988,1
36667,3
891840,1
888144,3
463062,1
463763,3
231324,2
427565,3
313109,3
510051,3
846106,1
631996,2
459259,1
551719,3
1008215,2
66530,1
951248,2
422379,2
385860,2
174626,2
220927,3
965167,3
825264,3
814285,2
274058,2
1033893,3
966005,2
370358,3
579523,1
188596,3
586846,2
43030,2
158704,2
651474,3
587943,2
609730,2
543403,2
916075,2
131181,1
726448,2
494161,1
64667,2
338842,1
82432,1
5482,3
730350,3
786901,2
814233,2
689291,3
42349,3
586735,2
183062,2
380720,3
725114,3
217096,1
881749,1
456247,2
977640,2
37721,2
637343,2
236055,1
1046226,1
438408,3
34047,3
676363,1
582089,3
504763,1
1022346,2
667821,1
12453,1
162274,2
282123,2
969139,2
821472,3
561687,3
71127,2
108270,3
884460,3
128480,2
303552,2
1001318,3
333518,3
750061,2
927730,3
599149,2
547622,1
839378,3
370900,3
872471,2
1051694,3
394066,2
828054,3
172615,3
395324,3
326587,2
780347,3
974114,1
150882,3
220212,2
904781,2
559524,3
281016,2
343748,2
412676,3
291077,2
1014118,2
911265,2
611786,3
1023538,3
832088,3
60208,2
176658,1
793419,3
353186,2
604998,2
986733,2
839450,3
401506,3
963551,2
683030,2
528876,1
256806,2
810163,2
604387,2
672483,3
565638,1
509401,3
926526,3
365093,2
244994,2
806565,1
261933,1
361039,2
709366,3
827904,3
435311,2
737010,1
204974,3
346874,1
20691,2
135754,3
488950,1
80688,1
468004,3
317781,2
539026,2
766632,3
876316,3
211519,3
672035,3
253011,3
92829,1
309882,3
234821,2
780385,2
541200,2
364574,2
674333,1
130176,3
918671,3
640028,2
180841,3
275807,1
812185,1
101380,2
902581,3
359180,3
763069,2
396863,1
158445,2
314984,2
948849,3
1030713,1
163932,1
504285,1
892958,3
1051024,2
187802,2
934456,3
910384,3
65134,3
618075,1
965489,3
709713,3
979506,3
923447,2
1041893,1
1037788,1
189584,2
437532,3
1040468,2
806776,1
125871,1
409054,3
224394,3
51826,1
1038937,3
276691,1
1050098,1
107837,2
678081,2
902421,3
363471,3
666475,3
864970,1
213422,2
510866,3
963817,2
316214,1
272660,3
45760,2
468251,1
90622,1
1005082,3
240522,2
608364,2
482848,2
15438,3
798755,3
1035899,3
971618,3
514116,1
582705,2
190457,3
13681,1
880424,2
272954,3
1014079,2
713537,3
67217,3
712328,3
208341,3
9777,3
995904,3
446605,2
202360,3
1039392,3
684400,2
133140,2
124654,2
204930,3
602756,2
886249,3
231828,3
383632,3
302352,3
165508,3
409730,2
884521,3
380003,1
258969,2
515466,2
526789,2
476244,3
516154,2
873055,2
767853,2
949297,2
69312,3
677037,2
653416,3
610674,1
821638,2
338316,3
316520,3
117838,2
988132,3
508483,2
788846,3
908003,2
895087,1
580664,3
283962,3
864081,2
695231,2
956123,3
299219,1
938774,2
476931,3
183681,2
657973,2
692973,3
792808,2
580891,2
521474,2
1032102,1
93797,3
785305,3
937773,1
651477,3
962406,3
302437,2
695959,2
185024,1
677792,3
995263,2
652506,3
89408,3
217784,3
849095,3
657756,3
383329,2
889126,2
105394,2
1017108,2
199110,3
953299,3
806140,2
155471,3
442776,2
9162,3
929358,3
897919,3
217673,1
773864,2
962883,1
377192,3
909227,3
241205,3
991318,3
519010,3
880871,2
735228,2
218031,3
1025200,3
465464,2
542141,3
56364,2
800481,3
572121,2
750058,1
110568,2
328876,1
372136,2
1005003,2
432507,3
672778,2
236107,1
42751,3
173729,3
715618,1
391639,1
845837,3
568672,3
311337,2
30817,1
483901,3
537837,2
818422,3
977849,2
850555,3
808251,3
2438,1
844079,2
151751,1
995084,2
173584,1
214557,1
639212,3
268367,3
1012941,2
462109,2
643295,2
248625,1
149239,3
801100,3
442298,3
197460,3
690042,3
301112,1
945127,3
288673,2
37062,3
907690,2
451485,3
949093,3
1041165,1
76475,1
808150,3
599527,2
882670,2
467812,2
680095,2
11975,1
51797,3
613342,3
937444,3
887738,1
591540,3
1040949,1
241439,2
965058,3
240366,1
444039,3
773940,3
665672,1
1014,1
55225,3
599908,3
469648,3
96020,3
478136,2
975464,3
915245,3
164950,3
422909,2
955622,3
962974,2
393960,1
889794,2
1029386,3
477748,1
803330,1
53287,3
341294,1
662392,3
787091,3
806138,3
575158,2
381280,1
459404,3
328479,2
954464,3
354272,3
1004502,3
577091,3
180664,1
746157,3
812881,3
27677,3
79885,1
667503,1
576749,2
324432,2
385538,1
756799,1
122662,2
515245,2
1006385,2
814483,3
467195,1
157255,1
954259,3
317073,3
1048000,3
1045128,2
468527,3
997190,3
890685,3
596895,3
12165,3
204350,2
468929,3
319950,3
627430,2
706071,1
249903,2
61139,3
927268,3
663248,2
689795,2
851955,3
100630,3
969627,3
870986,2
338584,2
569901,3
725452,2
1041763,1
967108,2
352343,1
529428,3
532989,3
137100,1
379356,3
55126,2
892268,2
777724,3
437471,2
56229,3
629435,3
84365,1
473837,2
409957,2
307106,2
739521,2
833406,3
393612,3
910922,3
515299,1
122200,2
547872,2
477483,2
242046,3
1019283,1
212677,3
343402,2
1043469,2
460350,1
759792,1
583702,2
715031,2
380206,1
109817,3
67223,2
815157,3
170599,2
194538,2
542238,1
488993,3
399286,2
819274,3
975130,2
473561,3
518088,3
809116,3
844170,2
1051463,1
834940,3
868810,2
684543,3
734452,2
72818,2
544177,3
628395,1
890086,1
406378,3
544821,3
27455,2
134478,2
407835,2
804607,3
961128,2
996760,1
1049057,3
551928,3
517351,3
111797,2
294645,2
891843,3
160900,1
1047498,3
234176,3
715602,3
474597,2
663172,2
879104,2
378551,2
866800,2
19926,3
900660,2
183714,3
979161,3
65367,3
511648,3
195683,2
230915,2
244188,3
720616,3
202403,2
370870,3
630031,2
897426,3
710296,3
839477,3
737937,3
979447,3
634381,1
197630,3
37490,3
911985,2
16644,3
792741,1
361187,2
560857,1
20565,2
697949,3
524964,1
730096,3
944323,2
362490,2
548304,2
231194,3
946220,2
797779,2
551077,1
689349,3
840456,2
460644,3
351595,3
506249,2
299724,3
697149,3
856708,1
362144,3
53603,3
308172,2
664856,3
516075,2
761249,2
261626,3
282056,3
100717,2
210699,2
851088,2
891030,1
920607,2
766121,2
517553,2
514874,3
428757,3
830228,3
401448,3
840734,3
729468,2
959612,2
767137,2
766794,3
1044311,2
631373,3
681080,3
510969,1
1007620,3
496199,2
786407,3
920916,1
173860,3
319077,3
221857,2
262913,2
311398,3
935931,3
532192,1
940968,2
297410,1
979914,2
370972,1
792412,3
491884,3
432745,3
790500,2
475960,2
669632,2
872666,1
598239,2
79194,3
372270,3
354581,2
250224,3
657091,3
873510,2
436642,2
906368,1
380910,2
600143,2
407785,3
770407,1
627742,1
137957,1
678618,3
623978,3
14160,3
219401,2
17804,3
787840,2
943893,2
345618,2
286925,2
743426,3
454631,3
465118,2
601297,2
613012,1
209245,2
129946,3
61994,3
612195,2
184835,2
101955,3
511042,3
626630,3
929108,2
22519,2
836956,2
550635,1
575668,3
73098,3
938404,3
512022,3
383422,2
801978,3
35396,3
308373,1
564132,3
856909,3
109669,1
254965,2
721592,3
107825,3
114653,2
343975,3
47348,3
145366,3
742491,1
134831,3
1002845,1
408270,2
323263,1
833089,1
1036190,2
44658,3
758521,2
647965,2
890871,3
723193,2
129943,2
815213,2
798049,3
352423,3
554889,2
891870,3
937943,1
813127,1
981332,2
897860,3
850284,2
543680,3
47810,2
437935,3
827592,1
446266,1
499034,2
72380,1
749156,3
323498,2
833006,3
631772,2
810069,3
263438,2
608626,2
555885,3
257718,2
237182,2
295004,3
836080,3
1035296,3
972049,2
406908,2
853223,3
994981,2
793372,1
538791,2
938059,2
856000,1
851254,2
54519,3
484391,3
883062,2
258842,1
883313,3
362833,1
491485,2
601695,3
789480,1
380717,2
19951,2
800915,3
406240,2
574558,2
192430,3
241633,3
359013,3
973607,2
696895,2
173611,3
664216,3
521333,3
781882,2
1047194,2
353012,3
153672,3
1020933,1
91005,1
566974,1
338796,2
166224,3
411724,3
270949,3
85870,2
70421,3
618619,2
978243,3
570697,2
94792,3
640899,2
773990,2
367515,3
427542,1
932177,1
662743,2
1043749,1
305730,2
680947,2
45414,2
569399,3
203324,3
261151,1
796596,2
273363,2
255018,3
455527,3
333065,2
535804,2
251992,2
667400,2
875202,1
969947,2
473810,1
804271,2
813100,3
40286,3
94070,2
241374,3
698404,3
655020,2
597531,2
274259,2
724050,3
151176,2
550649,2
574668,1
680889,2
194631,3
955133,2
498731,3
115313,3
283340,2
621759,2
843316,2
294509,3
958226,3
176542,1
957398,3
571876,3
455768,2
961611,3
560328,1
1020730,2
664419,3
440647,2
257225,3
261765,3
225057,3
591848,2
464581,3
495278,3
443328,3
409870,3
596785,2
1042555,3
997257,3
620993,1
850942,3
844709,2
175671,2
256335,3
81781,1
412917,2
203023,2
738115,3
478416,3
751282,2
76121,2
246265,1
884254,3
387042,2
782850,2
731865,3
697856,3
928720,2
1026321,3
898887,3
297129,3
733776,1
991063,1
1036903,3
730128,3
16628,1
168701,3
443788,2
79512,2
127344,3
892479,3
623628,3
408679,2
693645,2
856411,2
945656,2
1043834,3
1028926,2
747944,2
434417,3
747690,3
523314,3
711913,3
881717,3
391746,3
781247,2
330892,3
1051846,2
720768,3
604159,1
681639,3
463101,3
362142,2
27958,2
328092,3
254571,3
240320,3
613716,2
720828,2
902661,2
527406,3
871829,3
50531,2
976361,2
1050909,2
277455,2
686845,3
921458,2
164970,2
843826,3
391781,2
989991,2
646729,2
913815,3
389938,1
409013,1
510814,2
791458,2
508430,3
494053,1
666701,1
62027,1
465594,2
786701,2
286173,3
992347,2
466567,2
211572,3
280999,1
505724,2
590179,1
795521,2
911023,3
567656,2
845624,1
563088,3
293542,3
1009125,2
9323,3
930044,3
548095,2
421391,2
557803,3
33736,2
91148,1
24473,3
433105,3
293589,1
166072,1
819981,2
595770,3
382916,1
857563,3
592940,2
764975,2
1046315,1
963996,2
710636,3
315799,1
264582,1
599587,2
12666,3
22575,3
1021304,1
1008040,2
1032041,2
611967,3
968397,2
804035,1
522539,2
380441,1
704273,2
189772,2
1031412,3
778359,2
320899,2
177084,2
265899,3
388021,2
269388,2
857394,3
173196,3
936478,2
782035,2
60845,3
668926,1
1040210,3
411035,1
131897,2
179355,3
876137,1
680542,3
889421,2
787456,3
893067,2
260547,3
132524,2
605269,3
865345,2
826593,2
968744,3
106738,3
291429,1
612243,3
173788,1
969082,2
475363,1
521906,2
1036277,3
1024479,2
711538,2
853806,1
124832,3
769692,3
922958,3
492099,3
265517,3
86216,3
413049,2
631444,3
287234,2
270017,3
678256,1
614790,3
271303,3
836120,1
679268,1
952764,3
701721,3
372253,2
527047,1
580457,2
691738,3
919031,3
828158,1
473719,2
102809,2
985820,1
586212,3
167332,1
827651,2
357822,3
593415,2
265125,3
260193,2
623331,2
944950,3
304701,1
694481,1
469535,1
310505,3
303649,3
682658,3
902497,3
669584,3
837283,1
97197,3
627472,1
383348,3
609492,2
625907,2
882165,3
617005,3
341471,2
572206,2
622332,2
543231,1
813822,2
91387,3
509023,3
866229,2
226475,2
806799,3
1022619,2
903779,3
565131,2
149835,3
353281,2
111133,3
53511,2
175759,2
199643,3
567320,3
654301,3
397851,2
372851,2
116986,1
700060,3
129478,3
636617,2
791471,2
628912,2
769044,2
699224,2
361462,2
947691,2
527057,2
1036129,3
477080,1
233077,1
326036,3
1030374,3
307023,2
135652,2
268846,3
844772,2
636193,2
718316,1
131406,1
534809,1
346621,3
811280,3
517555,1
320595,2
375484,2
659864,1
63232,2
802112,3
644032,2
481193,3
288289,3
672900,2
232300,3
718580,3
612289,2
421834,2
959586,3
732839,2
600878,2
277993,2
166012,3
143898,2
755998,2
275662,3
156280,2
602532,2
254755,2
304454,3
856559,2
518862,3
932126,2
662833,2
352424,2
1037342,3
939477,2
425804,2
492511,3
996782,3
296910,2
85123,3
626966,3
780266,3
406387,2
570969,3
54629,2
404809,3
352148,3
934957,1
297161,1
877429,3
973725,3
361142,3
384326,3
252942,1
775630,2
978822,2
681563,2
409136,3
516765,2
325143,3
971009,2
23883,3
894527,3
442952,3
314318,2
380529,2
746515,3
379300,2
812103,3
53577,1
609126,3
843119,2
23657,2
593562,2
915970,3
906416,1
309982,3
588911,2
184721,2
541325,2
542416,2
560641,2
560138,3
593126,1
1004761,1
774932,2
516945,1
1037787,2
785416,3
434423,3
857663,2
276385,2
20474,3
184893,2
79988,3
260943,3
787298,3
362563,3
41726,3
596763,2
527559,2
679231,3
66649,3
710439,1
737329,3
957617,2
542557,2
812095,3
248870,2
414054,3
350638,1
360840,3
862367,1
493960,3
637842,3
951682,3
65082,2
420314,3
940428,3
940658,2
451282,2
876662,1
457380,3
588041,3
826736,3
568215,1
321023,1
74463,1
630827,1
852589,1
21548,2
900168,1
580458,3
262206,3
530543,2
982906,1
836275,2
288578,3
841014,3
512626,2
370350,3
257564,3
421295,2
148305,3
355337,2
1022031,3
351569,3
68232,3
308896,3
284542,3
825206,2
602943,3
268662,2
821269,1
32153,3
762666,3
722827,3
772998,2
804379,2
818851,3
380094,1
191615,1
682998,2
337302,3
78891,2
405840,3
859777,3
653489,1
9404,1
401996,2
991733,2
1032039,2
265504,3
803125,2
413668,3
450859,1
618011,3
961886,3
543471,3
20339,2
706577,2
232207,3
243812,3
465546,2
339872,1
431356,3
466587,1
666013,1
323671,2
708755,2
13135,1
1031278,3
418772,2
457264,3
621847,3
978580,2
411413,3
36652,2
996396,3
708237,3
196151,2
439670,2
69154,3
784656,3
473383,2
684662,3
347247,1
187002,1
355225,2
561030,2
504896,2
803482,3
680703,3
785,3
526023,2
579837,3
326369,1
802120,2
761738,3
667799,3
262722,3
66907,2
813128,3
912079,3
483677,1
286592,1
24892,2
179503,1
143640,1
1039994,2
420606,1
280431,3
107442,1
755038,2
47257,2
172254,3
54211,2
62946,2
305853,3
995656,2
13136,2
163979,2
75411,1
104153,2
812606,3
258804,2
549229,2
712324,1
707117,1
374288,2
614341,3
167775,2
103051,3
521655,3
135271,3
269344,2
1022937,3
385817,2
47891,2
517441,2
915494,3
451714,3
455290,1
770746,3
841435,3
282370,3
883328,3
801548,2
957773,3
763534,3
464984,3
21925,2
444196,3
868491,3
627703,3
278338,2
863543,1
653098,3
867355,2
939393,2
602585,3
2137,3
306282,3
946370,1
94880,2
186018,1
474308,3
969750,1
704137,1
235775,3
876499,2
278013,2
802642,2
480114,3
967868,1
878060,3
455901,3
932259,2
1004798,2
884827,1
620388,2
447440,2
522866,2
421425,2
466701,2
609525,1
737222,3
1017639,3
378039,2
44749,3
520840,1
282699,2
255995,3
1045442,2
630428,2
877889,3
390805,2
178235,3
264757,3
324359,3
78249,2
72652,1
988350,3
482807,1
988732,1
820364,3
948994,1
533396,1
130517,3
261598,2
1001598,3
261769,1
215616,1
584890,1
318335,1
83277,3
815821,3
270052,1
633944,3
670463,3
263097,3
154682,2
46055,3
291027,2
276885,2
66013,3
564471,1
9613,3
615130,1
182462,3
189740,3
98966,2
806755,3
707970,3
273545,2
1045636,3
827349,3
147821,3
669643,2
279105,1
362635,1
704427,2
785218,3
165078,2
596041,2
587216,2
650495,3
691054,3
524031,2
300393,3
534658,3
994106,2
312239,1
836967,3
12798,3
300037,1
837073,2
741428,1
542586,3
863178,3
578242,2
39071,2
813753,3
528054,2
853449,3
707940,3
1002805,3
698604,3
331914,1
160562,3
286762,1
488786,3
203275,1
494546,3
394340,2
520688,2
746671,3
475239,1
99403,1
976242,3
103668,3
53321,1
120654,2
1042183,2
94604,3
932361,2
975101,3
772937,2
261522,2
570712,3
693871,3
250960,1
630421,2
986458,2
56644,2
59574,3
547953,2
724509,3
653743,3
720076,1
156095,2
312031,2
628860,3
167626,3
390463,1
134976,2
661587,2
516605,2
1536,1
179161,3
955530,2
785840,1
245703,3
863885,3
160507,3
261847,2
144231,3
779885,2
102508,1
376844,3
320782,3
853094,2
870104,3
4569,1
948763,3
393846,2
188956,2
339572,2
525953,2
413383,1
210171,2
957673,3
761671,2
506523,3
533791,2
507250,1
453906,2
932753,2
756737,3
855900,2
836389,1
194776,2
362462,3
974771,1
1041430,2
443399,1
63452,3
540160,2
719883,1
463810,3
484031,2
506451,2
499693,2
1024776,1
682639,1
483121,2
545391,2
124790,3
1015868,2
220308,2
1051016,2
850923,2
165442,3
455158,1
246198,2
88141,2
586017,2
635816,3
978851,3
793699,3
727331,2
922056,3
260508,3
984926,2
462557,3
955693,3
464096,1
143240,3
389405,3
192563,3
717581,2
37100,2
387112,1
53951,3
394307,3
804312,2
750080,3
622772,1
451233,3
350018,3
688697,2
265412,3
678661,1
555901,2
258891,2
1012611,3
39315,3
676426,2
659503,1
391743,3
965795,2
749235,3
600117,2
492372,3
620541,3
879977,3
461037,3
561680,1
668578,3
484556,2
37673,1
189090,3
273278,3
373371,2
669950,2
263982,2
418868,1
515296,2
917015,2
147624,3
525171,2
799395,2
545264,1
572061,3
676110,1
880867,3
283051,2
457626,2
231647,3
528225,2
412133,3
81723,3
109149,2
733869,2
725095,2
681631,2
631506,1
814673,1
614038,3
191962,1
91024,2
733771,1
12404,2
945961,3
713259,2
436477,3
882214,2
747290,3
494352,2
858359,3
47495,1
953526,2
185047,3
981647,3
954863,2
142433,2
948965,1
492589,3
7139,2
691170,2
352713,2
1009157,1
929767,3
461348,1
560261,2
988449,3
859524,2
441248,2
556557,2
637647,3
125571,3
416204,3
630941,2
145711,3
22704,2
871817,2
760176,2
463098,2
896629,2
545954,2
620747,3
692915,2
296426,1
721201,2
140818,3
472472,3
811688,2
31849,2
950975,2
916738,3
597629,2
641737,3
629709,2
294850,1
442350,2
640306,2
402009,2
968760,2
803634,2
424158,2
319768,1
207547,3
345059,2
405564,1
204916,3
429392,3
126379,2
56824,3
481334,3
381326,3
1044055,1
602299,3
763815,2
133715,1
508561,3
838062,1
71426,3
294910,1
301927,3
712623,3
558642,3
127246,3
300475,1
590189,3
109645,3
382857,3
172878,3
450861,2
627667,3
661362,3
132717,2
12764,2
852009,1
692233,3
197465,3
27317,1
212802,2
474200,2
297502,3
683216,2
168162,1
226734,3
56283,2
849849,3
560645,3
638671,2
979912,2
508471,1
464454,2
680446,3
949482,3
159934,2
40904,1
439840,3
1017085,1
341347,3
1016312,2
961303,2
196816,3
552367,2
364029,3
902438,1
64423,3
970494,3
275355,3
607733,1
451066,3
1025065,3
600430,3
136906,1
896186,3
359404,3
529223,2
165148,2
368710,3
540264,3
463802,3
11856,3
1041725,2
784132,3
421454,3
913303,3
512603,1
243403,2
472094,3
596787,2
839595,2
220609,3
308705,2
554230,3
797331,2
783959,2
670367,1
442227,1
385381,1
289293,3
390142,2
926562,3
758341,2
335364,3
336877,3
593226,3
961857,1
991691,3
997773,1
766457,2
674943,2
190618,1
822384,3
806660,2
30390,2
127274,3
211889,1
331024,2
439080,3
791069,3
840860,3
86673,2
887279,1
294613,2
609563,2
173355,3
616431,2
395250,1
301048,3
843493,2
321242,3
802980,1
583379,1
1026858,2
432793,1
507544,2
146117,2
386509,3
896197,1
256421,3
238107,1
641363,1
354688,2
655681,2
149699,2
846969,2
965025,3
80061,2
619191,2
320154,3
932718,3
61567,1
451508,3
316273,3
89223,2
230763,2
144885,2
510998,3
465535,2
120378,2
306162,3
853807,2
637283,1
103506,2
676843,3
425011,3
483378,3
1027708,2
508043,1
171860,3
7607,3
124848,3
709387,3
659720,3
439294,3
120915,1
279392,2
98650,2
996299,3
600881,3
275493,2
962396,2
488551,1
758739,3
117757,3
745853,1
4383,3
728431,2
79094,1
662831,2
511767,3
809200,3
893460,1
339219,3
216664,3
96364,3
606869,3
949895,3
397253,2
314460,3
514183,2
936247,2
1008542,1
1039407,3
773877,2
228324,2
588054,3
484296,1
550794,2
704703,2
613142,2
1021767,1
134614,2
978132,1
994493,2
162627,2
1022976,2
537903,3
627950,3
891396,1
760973,2
428011,1
823761,3
270722,3
945221,3
809503,2
894019,1
418625,3
897713,3
30835,1
333293,3
526883,2
572543,3
109878,3
101825,2
928212,3
766281,3
100244,2
850950,2
851248,2
219945,2
990664,2
924118,3
784106,2
5895,3
721794,2
558119,3
63735,3
1000635,3
223778,1
258405,3
572184,3
564187,3
814028,3
679893,1
725499,2
466951,3
260235,1
1008695,3
328939,3
288123,1
82231,1
944574,1
105117,3
758991,1
782258,3
975162,3
77536,2
25259,3
944156,2
808155,3
95698,3
523370,3
512280,2
665362,3
288964,3
594867,2
338904,1
812810,3
296659,3
926799,3
794537,1
242879,3
424996,2
252041,2
626369,2
1042359,1
970616,3
733849,2
274299,2
504006,3
437234,1
4831,2
83247,3
162391,3
945746,1
310160,3
984259,3
530568,1
492701,2
1017837,2
834365,3
299012,2
956216,3
361390,2
951425,2
325507,3
463959,3
848120,2
186730,1
109395,2
1032343,3
201806,2
76208,3
170214,2
430046,2
437303,1
585990,1
340537,3
436886,1
289731,1
348478,2
517142,3
682610,2
232408,3
896444,3
176040,1
768306,3
184447,3
744722,2
218330,1
904522,2
436023,2
562385,3
535340,3
487030,3
807894,3
1051751,1
874852,2
424046,2
224373,2
574545,2
136669,1
606961,2
974762,1
950299,3
1011955,2
805677,3
162309,3
72331,2
67462,2
594698,3
196649,2
836054,2
936787,3
162606,3
418738,3
540646,2
48278,2
28410,1
1003716,2
267564,2
932998,1
762876,2
996325,2
711533,3
793347,3
617727,2
447725,2
574346,2
645419,2
674053,3
863610,2
824587,1
630627,1
413591,1
548022,3
876093,3
97428,2
74724,2
998813,2
594593,3
730756,3
103578,3
767365,1
835856,3
741867,1
568634,2
351161,1
747289,3
650686,3
412405,3
848721,3
83469,2
1001964,3
602552,1
871403,3
1033259,2
195118,2
217718,2
977402,2
629130,3
938432,2
709295,1
977203,2
93192,2
576322,2
220653,3
102289,2
1047954,2
630849,3
597441,3
1021275,2
651576,2
442382,1
386897,2
992053,2
633447,2
675727,2
1041642,2
1036680,3
584986,2
82436,1
230439,3
602037,2
830288,2
612037,3
257521,3
388284,1
252069,3
580420,2
312232,2
922794,3
539798,3
534374,1
769129,3
39030,3
37622,1
612964,3
606321,2
117265,3
642579,3
392395,2
300332,2
424150,1
547246,3
964502,3
463310,3
593657,3
679078,3
831841,3
1010740,3
317172,2
603189,2
909305,2
64904,2
189601,3
926204,2
607531,1
294599,3
775296,2
525893,2
46505,3
620254,3
156174,2
728499,3
246750,3
475930,3
393116,3
135414,1
191860,2
310207,1
471396,3
389252,3
664769,2
299217,2
557832,3
127711,2
316721,1
866827,1
914303,3
231795,2
361340,1
173415,3
737609,2
364355,2
260179,2
1024885,3
702455,3
245699,3
563994,3
892391,3
689608,3
910220,2
808132,2
136497,1
695287,3
384785,2
888558,2
521792,1
973089,2
875416,2
263697,3
402144,2
387452,1
86703,3
831457,1
810926,2
407385,2
934310,2
204415,3
889957,2
449067,3
447825,1
360464,3
594020,3
957261,2
982327,3
669272,3
441549,3
478869,1
116935,2
888896,2
238909,3
643254,1
182026,2
848414,3
175638,2
42672,2
792385,1
817117,3
850307,2
342148,2
459036,2
212666,3
465497,3
284937,2
550441,2
568233,3
329674,3
500675,2
593136,1
700831,3
904311,3
333705,3
141522,3
550308,2
135054,2
147642,3
10747,2
755753,2
751109,3
553868,2
684610,2
355471,3
916718,3
580051,1
283345,3
538259,3
106928,2
911029,3
237180,3
606844,1
1042965,3
1008471,2
940415,1
296662,2
508060,2
215282,3
871912,3
800325,1
13789,1
1048396,3
213993,3
804098,2
503877,2
149292,3
461846,3
786836,2
852795,3
18355,2
345113,2
189912,3
17423,2
741,1
991186,3
492395,3
378200,3
77465,2
185593,3
323868,1
630165,3
861172,3
995922,1
578213,2
910228,3
994505,1
157203,2
153283,3
702401,3
493233,2
90985,2
660390,3
803325,2
158027,1
176526,3
679560,1
1039880,2
178548,3
1018596,2
529429,2
639729,3
309563,3
531322,3
747752,1
1011006,1
982432,3
1015565,3
113387,3
740651,3
887332,1
83239,3
434785,3
429619,3
87636,1
924623,3
897420,3
342030,2
165884,1
161177,3
615688,2
305269,1
509899,2
600674,3
488229,1
13630,3
26888,3
674724,3
289001,1
418509,2
231650,1
325491,1
471222,1
501539,2
432780,1
139072,1
931540,1
733063,3
304596,1
157869,3
41820,1
729049,3
759425,2
285546,3
599567,1
525230,2
96888,2
774258,2
212364,2
283081,2
996320,3
975108,2
456199,2
827174,2
398987,3
154235,3
377462,2
828198,1
343389,3
211343,3
817746,3
2720,3
16590,1
154684,2
17717,2
163054,2
254522,2
781282,2
190617,2
284591,3
866261,3
738859,3
885070,1
1000036,2
802698,1
81613,1
16502,3
674782,3
432762,1
457455,3
352251,3
603918,3
313534,2
354091,3
916816,3
615562,2
361549,3
58509,3
830826,2
915279,3
385170,2
541518,3
898759,1
608123,3
650929,1
836844,3
1027866,2
265143,2
855673,2
396455,3
536568,1
51912,2
167433,3
973743,2
732940,1
967234,1
881957,2
756010,2
656431,3
351648,2
511055,3
682690,3
728681,2
405349,2
402949,3
716391,2
1000580,3
155805,2
894405,1
122386,3
455834,3
156255,2
529492,3
808153,2
104897,2
553358,2
725204,3
253130,2
711747,1
877583,3
1043475,1
741491,3
628327,3
48289,3
1038537,1
175374,1
284606,1
215715,1
888752,3
406247,1
604195,3
44839,2
688498,2
282469,2
268583,2
605053,1
266750,3
993933,3
985043,3
415369,2
277115,3
311109,3
443676,2
617120,2
1000530,1
326565,2
755145,1
44737,2
126292,3
763582,2
248365,2
814628,2
613648,3
524138,3
684303,1
396706,2
767231,2
646625,2
976576,3
983752,3
477387,2
949304,2
326304,2
100579,3
635050,1
479993,1
877319,2
27311,2
112643,2
497462,2
419334,3
72610,1
498373,3
97255,3
859982,3
350495,3
80525,2
734745,2
1018775,3
1024711,2
318936,2
939122,2
894116,3
385411,3
958275,3
655508,3
415022,1
472553,2
822969,2
190425,2
216960,3
13753,2
680473,2
220069,3
147768,2
190737,1
814979,3
651466,3
540197,1
280817,3
145353,3
611559,2
554509,1
845846,3
929312,3
910783,3
893131,3
261427,2
992904,2
463383,2
92945,3
276614,2
167445,3
191277,1
113053,3
641186,3
149825,1
667907,1
100972,3
442619,1
704364,2
708683,3
497624,3
279059,1
576994,3
813791,2
114231,3
580701,2
444132,2
54577,3
521040,2
13746,3
866198,1
300657,3
866529,1
590033,3
405516,3
726875,3
52490,2
319171,1
44307,3
111097,3
1052470,2
934396,3
628144,2
891495,3
336620,3
919920,2
792301,3
763521,3
824387,3
66066,3
87819,2
408960,3
789793,3
926903,2
339899,2
495316,3
721874,3
496947,1
641949,2
286557,3
466688,3
702010,3
291274,3
466659,3
492096,3
749354,1
873660,3
581060,2
966812,3
972086,3
762629,2
434782,3
166292,3
947762,3
178743,2
945542,2
398988,3
819455,3
29103,2
735529,3
533150,3
225342,1
1038078,2
127574,3
625126,2
495680,3
92489,2
975789,3
843396,1
223130,2
24927,3
443408,3
769749,3
716448,3
126793,2
338072,1
991511,3
17085,2
673064,2
159937,2
769288,1
329692,1
508253,3
656098,3
608775,3
1030892,2
662564,3
535079,1
169739,1
52662,3
692489,2
507131,2
675280,2
527747,3
260030,3
458362,2
480557,1
445687,3
237080,3
262186,3
801816,3
673611,3
86286,3
256812,3
270568,2
199450,1
842261,3
1019726,2
317773,2
886003,3
20375,2
523641,3
277234,2
311811,3
809357,2
499384,3
343567,2
740309,2
824371,1
832739,3
438888,3
273070,2
769568,3
417079,3
756531,2
512567,1
797813,1
905906,3
908552,1
533957,3
1021590,2
488675,2
297976,2
39274,3
441132,3
255209,1
29833,2
337596,2
768355,2
99761,2
43081,3
303494,3
108842,3
33288,3
356318,2
664544,2
801681,2
1034979,2
649486,3
786664,3
1006634,3
703373,3
1051717,2
1029132,2
664704,2
409456,1
699939,2
425061,2
329979,3
151879,3
322896,1
698650,2
762385,3
1024131,3
25117,3
195851,2
764827,3
765162,2
392542,2
36567,3
445104,1
442944,3
664,2
802524,3
882772,2
358663,1
412039,2
478856,2
1046198,3
865682,3
475013,1
787925,2
251821,3
814651,3
210685,3
1044948,1
836116,3
909361,1
705098,2
31628,3
174410,3
73105,1
45227,3
384280,1
381664,3
389161,2
923839,3
227401,3
304750,2
685751,2
297662,2
557095,3
111844,1
875568,3
422724,1
449575,1
1000061,3
385488,1
386761,1
900014,3
455662,2
859671,3
960603,3
1005187,1
326344,2
35454,2
267175,1
219334,3
137039,1
93866,3
454398,3
468785,3
889684,3
686193,2
569536,2
129134,2
999207,2
974752,2
766735,2
52770,2
511037,2
429193,3
416081,1
224159,3
987221,3
978568,3
178386,2
237553,3
938205,2
844784,3
106825,3
25494,3
53815,2
832777,2
928218,3
936636,1
1001471,1
729128,3
945145,2
739388,1
43104,3
845735,1
875273,1
433617,2
955899,2
787053,3
539366,2
1024611,2
436758,1
884371,1
375745,3
449587,3
983807,3
956739,2
93443,3
88537,3
128753,2
994564,3
580390,2
892533,2
623853,3
704988,2
169196,2
190782,2
267677,3
492789,3
76342,3
908354,2
294193,2
791172,2
105589,2
72176,3
745295,2
452391,3
43099,1
242502,3
116229,3
935917,3
932179,3
64581,2
544090,1
718122,2
894537,2
49867,2
198527,2
342657,2
505057,3
792157,2
84191,3
247571,2
973202,1
635606,1
172964,1
971760,3
635611,2
103369,2
501716,3
243307,2
700042,3
585640,3
1027431,3
879235,1
306495,3
643089,3
752811,2
132609,3
907532,2
120916,3
549306,2
943833,3
603098,2
170740,3
693287,3
605229,2
136463,3
642307,2
634409,3
246731,3
778300,3
324332,3
743696,2
907796,2
1036734,1
190802,3
976170,2
677623,3
554881,2
213314,2
442081,3
283899,1
54593,2
432419,2
409702,3
959484,1
108215,2
630103,3
888623,3
465320,1
552399,3
329342,3
218810,2
556494,3
744803,3
443495,1
47346,1
886690,3
836762,2
32194,1
361827,3
1006999,2
914708,3
562335,1
619396,2
493287,1
223637,2
32157,2
384496,3
636556,3
651452,3
124128,2
64485,1
1021230,1
529357,2
117579,2
428425,2
71842,3
894471,3
715422,2
186105,2
1007960,3
38809,3
553966,1
985611,2
260684,3
13498,3
828479,2
353670,1
299782,2
109623,2
421752,3
211084,1
167269,2
690929,3
1019614,1
672087,3
243296,3
521735,2
431559,3
953151,1
246782,3
454033,1
128905,2
1042166,3
584522,2
450577,3
615221,3
428170,2
645120,3
577984,1
146917,3
553201,3
522001,2
789520,2
412935,3
399025,3
829146,2
707410,2
749640,1
191238,2
322019,2
969469,2
477762,3
27681,3
479903,2
329999,2
877158,2
698707,3
446070,2
471486,3
462404,2
382515,3
126867,3
386534,1
541403,2
777385,3
276031,2
678668,2
382187,1
889120,1
209477,2
500966,2
764254,2
447456,3
277044,1
318123,3
736958,1
665816,2
820931,3
38453,2
497623,2
1014581,3
744174,3
813378,2
708942,2
599915,1
29089,3
220301,1
441631,2
936148,3
989252,2
948489,3
671850,2
128725,3
1033438,2
817667,3
617700,1
769385,3
34104,2
436444,2
362518,2
188408,3
932777,3
176070,3
184582,1
370440,3
432110,3
700240,3
427252,1
454411,3
835515,2
777706,3
342114,2
42754,2
151010,3
874953,3
818397,1
304188,2
744701,1
391775,1
905009,3
306434,3
956708,3
770708,2
188113,2
275692,2
320048,3
29450,1
878439,3
189672,2
211751,2
488152,3
510591,3
170581,2
1011269,2
583279,2
555587,2
964080,1
1043389,3
837451,1
59151,1
208498,3
496912,3
915050,2
1016736,2
908466,3
6934,3
862859,1
393275,1
363973,1
825892,3
870916,3
962795,3
172955,2
118599,2
982092,2
715553,1
399707,2
701405,3
381189,3
341408,2
1031335,1
577938,3
169276,3
900376,1
504524,3
406026,1
146880,3
146134,1
204446,1
191868,3
595561,2
249118,2
480479,1
620785,3
706382,1
253629,2
216719,3
668016,3
17992,2
34995,3
508968,2
497625,1
80762,2
281216,2
908774,2
472735,3
778587,2
706894,3
1007476,1
698625,1
259482,2
487331,3
574126,3
510657,2
490504,1
71660,2
437130,3
452968,3
12118,1
507694,1
1044802,3
155393,1
1013995,2
993752,2
224145,2
472177,2
260719,2
610006,3
396005,3
518536,3
329148,3
499772,1
341665,2
853472,1
192213,3
363691,3
1040797,1
564339,3
389837,3
576011,1
960190,2
1048942,3
489657,3
919247,2
394571,3
406577,3
898211,3
663622,3
163317,2
315763,2
44207,2
931842,3
691363,3
176569,3
89222,2
677149,2
304602,2
314029,1
896515,2
1028037,3
206283,2
463133,2
37416,3
546092,3
996173,3
719796,3
613426,3
639775,3
493907,2
186017,2
362249,3
245677,3
697024,2
423029,3
749431,1
89040,2
425777,3
535434,1
35187,1
676143,1
608236,2
787929,2
498127,1
946222,2
300018,2
110987,2
1050011,2
335472,3
1014804,1
71925,3
541337,2
366221,1
32476,2
152087,3
414,2
959521,2
1009906,2
956436,3
257126,3
363467,1
78052,3
596601,3
837877,3
955439,2
488063,2
596497,2
630722,3
400593,2
991929,2
344894,1
307889,2
1044514,1
860830,3
740800,2
57461,2
736912,3
154837,2
88436,3
759430,2
724969,1
315324,2
60198,2
382936,3
648232,3
910179,3
1000896,1
691561,3
4603,2
252463,2
450950,1
925219,1
135760,3
632099,1
23904,3
859056,3
1035277,2
657098,2
555263,1
586087,2
711827,2
477928,3
391258,2
125462,1
600974,3
901153,3
836814,2
966667,2
601232,2
408754,3
534987,2
768767,2
199083,3
314762,3
632340,2
58538,2
485310,3
348596,3
191517,1
1041871,1
854866,1
969145,3
283176,3
996189,1
1047961,2
359318,1
834370,3
145137,1
235552,1
243658,3
580120,3
374599,3
199911,1
754684,2
138943,2
925707,2
885803,2
598512,3
984924,2
311170,2
649105,3
915238,1
925928,2
439723,2
674195,2
74212,3
601909,1
743298,2
210148,2
85396,2
282378,3
446828,2
955281,2
575472,2
957838,2
182032,2
272791,3
26072,1
538621,1
650136,2
382483,3
631583,2
1021810,3
194439,3
937119,3
263522,2
459588,2
713600,3
904244,2
695096,3
1041537,2
64949,2
912964,2
457485,3
391056,2
453627,2
367832,3
197419,2
97309,1
851969,2
589225,2
401389,1
1042222,2
348999,3
159873,1
371951,3
726592,3
528176,2
552782,3
977952,1
621366,2
558870,3
361631,3
1007537,2
559989,1
177818,3
483856,3
1042252,2
309770,2
231020,3
68081,3
208039,1
123549,3
1006103,2
518963,2
193814,3
256343,1
279519,3
1020888,3
152587,3
114391,3
949902,1
903161,2
297391,3
40386,1
660425,3
367362,2
421084,3
948741,2
753606,2
95146,1
414302,1
54400,2
391711,1
792701,1
539329,2
791701,2
451386,1
94029,1
325440,2
664570,2
957834,3
550780,3
569932,3
611581,3
104889,3
417609,1
449234,1
30658,2
713720,2
315294,2
1003020,2
354477,3
679625,3
70712,1
477511,2
622679,3
850922,3
494451,3
298604,2
633616,2
777584,3
995103,3
233269,2
1042783,2
447667,3
327071,3
932351,3
530785,2
159754,3
246970,2
1001765,3
491929,1
286429,3
36243,2
110567,1
342831,3
2579,1
695805,3
113848,2
18752,3
458173,3
954609,2
754993,3
721172,2
994227,2
39644,2
187602,1
292982,3
716784,2
476031,1
177419,3
127502,2
837262,3
207719,2
601961,2
696730,1
815704,3
1025342,2
45393,3
896658,3
669546,2
60972,3
613810,1
1005878,2
394653,3
115577,3
347319,3
558891,3
724369,2
539114,3
58075,1
75019,3
896681,3
1029307,2
149050,3
564899,2
708098,2
779782,3
961756,3
281167,3
641839,2
976800,2
758821,2
558993,3
659140,1
53550,2
774573,3
705634,3
806395,3
204846,3
295107,3
360899,3
813767,1
244448,3
490209,1
404140,2
326060,2
845682,1
1014617,1
1031425,1
282639,3
737714,2
88328,2
147988,3
486705,2
517722,2
876000,2
1029871,2
571744,1
355788,3
15897,1
959784,2
512061,3
551117,3
271808,1
946899,2
274456,3
497046,1
321257,2
999174,3
614390,2
61757,1
734348,1
379031,2
771643,3
848283,3
44533,2
513510,3
904988,3
601758,3
984872,2
659722,3
926996,2
807282,2
304664,3
527258,1
942594,2
393649,2
1035178,3
373308,3
429089,3
524496,1
567776,3
282202,2
612224,3
429789,2
533975,1
574367,3
511915,3
344261,2
567327,1
651409,2
50783,2
547484,3
4440,2
278014,2
819137,3
855401,2
800122,3
156890,1
120869,3
437975,2
383100,2
1028094,1
76033,2
48456,3
537374,3
927159,2
567569,3
563235,2
799643,1
795622,1
640960,2
22569,2
696942,1
731344,2
602578,2
320138,1
58723,3
597720,3
1024936,3
50840,2
749388,2
432181,3
561697,3
824900,3
198748,2
947031,2
903179,2
664403,3
934493,1
177557,3
888990,2
1027215,1
178253,1
355429,2
656282,3
808766,1
512928,2
218122,3
711314,2
811030,2
1001260,3
525668,2
261317,3
253227,3
180527,3
603429,1
943793,3
340928,3
677768,2
146350,2
521705,2
377880,3
489440,2
371273,3
819363,2
50491,1
166325,3
928292,2
1007362,2
434835,2
444329,2
767464,2
656142,3
20361,3
776414,2
953781,3
843120,2
721709,1
630710,3
600554,1
1015041,3
373986,2
684295,2
948443,2
390705,3
508947,2
381848,1
567386,3
871953,2
398927,3
327026,3
239387,3
566379,3
380020,1
829240,2
82496,3
913013,2
291517,3
18341,3
536211,1
308781,1
637457,3
189829,3
296547,1
873707,1
774061,2
554079,3
184300,2
480881,3
148264,1
572859,1
285602,1
54763,2
775591,1
98358,3
162952,3
988856,2
521087,1
808567,3
115792,3
159254,3
163099,2
607369,1
657317,3
722881,2
532807,3
216226,2
622982,3
405848,2
401637,3
905314,1
369638,1
737189,2
144912,1
497707,3
782015,2
997820,2
179572,3
39194,3
251684,3
272351,3
915653,2
756932,3
462263,3
390035,2
251008,3
457577,2
504575,2
402951,2
55320,2
86633,2
63866,2
431554,2
607771,2
704999,2
258702,1
286297,3
948811,3
814812,3
341391,3
544637,2
137834,1
874817,3
153646,3
594651,3
881376,2
114061,2
961334,1
788259,3
136505,2
646144,2
194429,3
432965,2
387623,3
93662,2
1025136,3
941387,1
635943,1
255358,3
268167,2
326853,3
160023,3
852240,3
315626,2
1009371,2
112097,2
537567,2
89578,1
913730,3
2433,3
740930,1
199386,2
968800,2
336442,1
78555,3
309621,2
215430,1
41689,3
285772,2
436463,3
322963,3
826609,2
912673,1
600628,1
771339,3
320486,2
1045717,2
826048,3
978988,3
668962,3
449872,1
504415,1
337879,2
618211,2
771229,3
195804,3
59750,3
349021,2
926698,2
919847,3
31025,3
496486,1
244316,1
152407,3
883226,2
186526,2
575,3
706621,2
317706,1
181541,3
3941,2
455189,1
636273,3
736848,3
361758,2
114280,3
558593,1
970105,3
152932,3
812024,3
952806,3
123410,3
343128,2
671708,3
792316,2
78460,1
671357,3
271814,1
785873,3
353063,2
563540,3
173968,3
426607,3
562760,2
133603,2
83010,2
254342,2
302071,2
195129,2
182164,3
936527,3
176030,3
769544,2
1226,3
284203,2
289311,2
33564,3
76847,3
497279,3
171968,2
147359,2
275942,1
855542,3
1039586,1
91713,3
377876,2
817322,1
85695,2
681361,3
582367,1
153708,2
56268,2
999915,2
456495,1
494215,2
625597,3
922768,1
862834,2
588823,1
290909,1
1043893,3
800089,3
1031168,3
1017794,3
545091,2
251524,3
936883,3
901395,2
239000,3
1037043,3
261230,3
674668,3
756382,3
558970,2
496471,2
603115,2
83580,2
224921,2
536663,2
896372,3
426680,3
25016,2
758942,1
972406,2
156698,3
1021389,3
262636,2
622780,3
722555,2
497498,2
55031,2
65037,2
548430,3
239603,2
138303,2
1005278,2
126901,3
481716,3
798846,1
149033,2
200615,2
566222,2
254185,2
1010805,1
257331,3
828293,2
952496,2
476489,3
60982,3
414502,3
321532,3
207949,3
963792,3
715999,1
997891,2
914379,2
507016,2
354793,1
422625,2
237174,2
894232,1
535395,2
193972,3
278682,2
1032027,3
724344,2
82267,2
718859,1
771912,3
681686,2
423644,2
680381,2
499580,3
546574,3
224280,2
65517,2
467770,1
230309,3
947520,1
175227,2
739107,3
209334,3
46589,2
54648,3
359241,1
763454,3
404146,3
528676,1
46216,3
617847,2
299416,3
338684,3
933790,3
103754,3
994934,2
398494,3
670857,3
812337,3
562190,1
961452,3
213415,3
666949,3
30948,3
521623,3
710808,2
330516,2
6522,3
616946,1
402115,1
981066,3
1027717,3
417277,2
259921,1
7613,2
489726,3
877544,2
840507,1
823021,2
48698,3
45983,1
469152,1
472946,2
1016322,2
932023,3
941188,2
126086,1
616535,2
861623,2
689804,3
195037,3
708201,2
609672,2
247184,2
689755,2
890130,2
285897,3
709232,1
647848,2
11365,2
338198,3
137764,3
849164,1
515133,2
133902,1
975497,2
348920,2
571452,2
1015378,2
696065,2
211229,2
46058,2
310490,3
64613,2
941872,3
270179,1
517550,1
861263,2
451818,3
477291,1
744427,3
15906,2
810632,3
278650,3
450386,3
468671,1
671436,1
1022980,2
560403,2
893299,3
568505,3
300860,1
465577,2
227124,3
141502,1
1026548,3
88905,2
630567,3
413024,3
584415,2
215727,3
1022009,3
84959,2
66158,2
760727,1
953735,2
190949,3
365867,2
721855,2
78199,2
690946,3
563595,3
1045855,2
364688,1
268249,2
529590,3
644640,2
785905,2
860069,3
610291,3
919567,1
362295,3
598960,3
1026066,2
974394,3
667472,3
507075,3
486750,1
695747,1
661051,3
387702,3
358784,2
809745,1
1041696,2
561458,3
1007232,2
589584,3
689493,3
467443,3
237317,1
283903,2
124252,1
813022,2
864001,3
729190,3
911884,2
91961,3
92842,2
752779,1
710027,2
418513,1
808123,3
381099,1
243945,2
861968,2
723220,1
23330,2
727857,3
515601,1
490601,3
730789,3
757105,2
335999,3
1024581,2
1022092,3
142151,3
627347,3
748736,2
511976,1
573932,3
729117,3
544272,2
438882,1
878210,3
313902,3
963322,1
494528,1
15131,3
802030,3
45429,3
605844,2
1003332,3
337888,3
793691,1
112538,3
534029,3
508642,2
825033,2
958788,1
594814,2
867822,1
362039,2
727794,3
255521,3
345664,2
412300,3
511256,2
63586,3
864293,3
152125,3
434269,2
64301,2
22046,2
495166,2
1003543,3
894975,3
776849,3
613321,2
403118,2
302662,3
183213,3
577024,1
63101,1
214408,2
928625,3
108875,1
407414,1
842394,2
628385,3
362281,2
42883,2
515420,1
349686,3
687597,2
540322,2
792500,1
1041713,1
574549,3
13899,3
460746,3
579193,3
250187,1
76692,2
914442,2
216764,2
432964,3
216268,1
500402,3
591960,3
176769,3
54583,3
629145,3
1000796,3
703100,2
601931,3
874926,2
927302,2
856477,1
484598,2
17660,2
330468,3
953253,2
345617,3
639126,2
27308,1
276506,3
1040632,1
880090,2
82784,3
516295,1
1043082,2
612729,2
681550,3
568405,2
85211,2
397783,3
280940,3
1023782,3
876987,2
491986,2
153831,1
251494,2
673153,2
647114,2
678161,3
342683,2
396917,2
151628,3
809472,3
322671,3
343203,3
482310,2
3426,2
568526,2
1036722,2
815165,3
80427,3
771974,3
1034716,1
799579,1
482951,3
946031,3
171229,3
423759,2
233574,3
936236,3
448469,2
1012135,3
512223,2
64254,2
366199,3
831661,3
18716,2
254182,1
156309,2
563294,3
49866,3
964567,2
893590,2
622429,2
775659,3
315877,3
694402,3
880670,2
992421,2
702477,2
997953,3
699015,2
636545,3
81068,3
765773,3
335808,3
671069,2
271081,1
488794,2
340233,2
917694,3
845243,3
722182,2
1038543,3
55727,3
567832,2
656672,1
514928,3
664001,2
409048,2
4147,2
171519,3
75683,2
141728,3
958276,2
200763,3
578265,3
872295,2
955816,2
985390,3
938845,3
920106,3
10276,2
741302,3
809856,2
812890,3
197498,2
769556,2
584067,3
535726,3
556148,3
767723,2
479491,3
623212,1
802585,2
653157,1
63294,3
267702,3
187587,2
881327,2
383232,2
670224,2
875698,3
140827,3
763758,2
619381,3
639280,3
1019232,1
961530,2
584244,1
302428,3
172985,3
638370,2
976220,2
967203,2
76502,3
593078,3
362509,3
381608,3
769218,3
143830,2
586935,2
27920,2
573693,1
543402,1
686604,2
124008,3
436166,3
562078,3
713797,3
389455,1
1021737,3
412898,2
307814,2
713521,1
261488,2
760155,3
133356,2
113418,1
591226,3
888649,3
252287,3
516828,2
279604,2
733183,3
889219,2
895653,2
52313,1
625046,3
314298,3
501587,2
316463,2
961405,2
483535,3
723681,3
613574,3
818797,2
907045,2
304174,3
1015581,2
980486,2
930442,2
17134,3
743200,2
655223,2
210460,2
64370,2
135009,3
201099,1
326589,2
99382,2
207707,1
268611,2
251196,2
863310,2
187422,2
989178,3
908963,3
973389,1
60563,2
769649,2
534517,1
632463,3
513764,2
544498,3
90518,1
618632,2
706367,3
180188,2
531223,1
593810,3
725492,3
793225,3
914449,1
377551,1
436522,3
923682,2
825832,3
242549,2
370185,2
433853,1
34225,3
987964,3
867320,2
892959,2
278661,1
60310,2
13316,2
80066,3
635699,2
274752,2
233071,2
613003,2
687872,3
909648,2
811219,3
662041,2
785014,3
646873,3
797119,2
649749,1
1042686,1
555268,1
629550,2
497628,3
258153,3
260560,2
943582,3
46016,2
656821,3
445209,2
195543,2
190345,3
584408,1
398811,3
970463,1
236481,3
930895,1
812372,3
931453,3
147578,3
954112,2
651507,1
890612,2
494131,3
910567,1
342378,2
766408,2
313632,2
876731,2
693064,3
946468,2
72088,3
625910,3
1034017,3
865618,2
116031,3
627617,3
698769,2
404554,2
42865,1
573579,1
531443,3
347345,3
743073,2
764467,1
265438,2
727488,3
782500,3
471516,2
478167,3
867471,3
61353,2
424789,2
406107,1
392506,3
39074,3
82427,2
762612,1
692916,3
484413,3
835056,2
441467,2
538025,1
679913,3
94830,3
377476,3
102600,3
963711,1
415301,1
210958,2
1045769,3
791971,2
356260,3
212005,2
245576,2
119231,3
722759,3
1013028,1
647220,3
665839,1
34216,3
859044,3
272557,2
463305,2
365423,1
921189,3
658982,2
159461,1
354983,2
1032640,2
366024,3
133963,2
693907,1
647382,1
570031,2
379669,3
73585,2
21261,2
839121,2
38050,3
227291,3
321143,2
978653,2
2898,3
814501,2
660369,2
608238,2
4161,1
915894,3
175917,1
1036521,2
636863,2
624611,3
681526,3
637803,1
382641,2
479573,1
948182,1
249998,2
175618,2
940226,1
664969,2
544442,2
181627,2
195410,3
688838,2
945178,3
875834,3
354911,1
777183,2
84071,2
993423,3
1048988,3
422961,3
714956,3
798860,3
755830,2
998692,1
519520,2
205200,2
1041503,3
142058,2
866770,2
730400,3
203765,2
734571,1
12245,2
1036094,3
14894,2
719249,3
742900,3
650139,3
755256,2
29030,3
895276,2
156282,2
294626,3
270821,3
145117,1
27612,2
286927,3
809917,2
403309,2
379149,2
641108,3
253091,1
192003,3
576485,2
211505,3
295590,2
428090,3
507155,3
951211,2
492401,2
32320,3
865144,2
948671,3
569598,3
729789,2
984192,2
576395,3
279087,3
102071,1
61234,2
220518,2
291213,2
299352,2
849075,1
1036555,2
370278,2
635267,1
725721,1
582583,2
728278,3
434205,1
285516,2
493256,3
721556,3
42811,2
24673,1
926524,3
392955,1
124345,1
1023818,3
953837,2
540982,3
1029064,2
221655,3
1009843,2
982054,3
501522,2
746089,2
858845,2
64426,2
188937,3
620431,2
82638,3
881515,3
105612,3
54095,3
469058,2
996698,3
102072,3
945304,3
599841,2
980358,3
879337,3
256808,3
396012,3
654966,3
303140,3
478743,2
540653,3
1018532,2
218284,3
764134,2
385560,2
409911,3
538755,2
175476,2
79195,3
142571,1
393750,3
605668,2
258700,1
487463,2
623190,3
744282,2
569826,3
685893,3
977043,1
32521,3
1017830,2
285816,3
537509,2
784730,3
691555,3
440632,3
588717,3
868710,3
791728,3
891734,3
549428,3
794486,2
450255,2
806495,2
425702,2
519988,3
887414,1
133794,3
861678,2
511292,1
300024,3
577828,3
518170,1
200319,2
511918,2
652556,2
331507,2
474681,1
595446,3
38032,3
863454,2
600022,2
153765,2
106829,1
437937,1
572277,3
316034,3
420121,3
646047,3
718679,1
933359,3
20644,2
662641,1
582352,2
547652,2
973298,3
978327,2
635579,3
185185,3
369554,2
466269,2
82905,2
446444,1
861510,3
221703,2
344653,1
711432,1
512135,2
241902,1
812645,3
1045983,1
193907,3
54507,3
33927,2
300901,2
990051,2
42504,3
666918,2
293854,3
1015613,3
160747,3
262293,3
514972,2
807254,3
875247,2
789833,1
661522,1
89421,3
306554,3
48576,3
763339,3
125652,3
901162,3
494311,3
939857,2
855805,2
449785,3
921416,2
815578,3
762445,2
141674,3
39832,3
218475,3
120392,3
398152,3
242714,3
25005,1
276927,2
940834,3
828267,3
506209,1
173664,2
791608,3
67987,2
737134,3
340017,3
232154,3
476340,2
1002482,3
738769,3
630591,2
637685,2
913043,2
105132,1
1004805,1
727637,3
427392,3
264949,3
739993,3
431933,2
202472,3
380856,2
156528,2
953352,2
915492,2
942039,2
358489,2
539334,3
986780,3
990692,2
675009,3
998975,2
655900,1
999690,2
345846,3
911491,2
927773,2
700317,2
952038,3
123250,2
697120,2
1049038,1
913092,3
1022804,3
1029754,1
536465,2
723859,2
832405,3
766804,3
858352,2
879599,2
1033972,2
562245,2
304491,3
532018,3
941653,3
810992,2
207914,3
479915,3
917112,2
656376,3
831459,3
495069,2
535813,1
318604,3
130043,2
486017,3
245338,3
167337,2
50748,2
369236,2
275757,2
498539,1
391538,3
371603,2
820691,3
974627,2
678343,1
202594,2
311433,3
19129,2
128682,2
808907,2
351548,1
714236,3
396563,1
377933,1
777878,2
783817,3
228973,1
273881,2
685132,1
376858,2
328830,2
735840,2
643696,2
1010235,2
760329,1
813355,1
478144,3
544242,2
327333,3
386850,3
396156,2
851991,3
52570,1
211422,1
1047003,2
65897,2
627241,3
668905,1
707472,2
135472,1
869517,2
397877,2
428480,3
773517,1
823789,3
948863,2
968645,3
586125,3
578826,3
237581,2
740750,3
20566,2
669461,3
633461,3
1004229,2
87584,2
321717,2
990565,3
636768,2
256997,3
321705,2
902033,2
604834,3
789880,1
810823,3
593000,3
552859,3
427369,3
55414,2
229362,3
763390,1
321340,2
397506,2
387041,3
149244,2
462314,3
137983,3
50571,3
429086,3
172292,2
530349,3
116146,3
623251,3
573982,2
575980,3
99934,2
191161,2
17634,3
3156,3
24615,2
562974,2
174511,1
726963,1
549008,2
96390,3
1007756,3
492197,3
482582,2
5718,3
353844,3
155535,2
149366,3
122228,3
834765,1
271633,3
1027291,2
314784,2
899532,2
1042611,3
587081,3
270357,2
696397,2
130060,3
143013,2
641274,2
735309,3
708780,3
863518,3
274576,3
222306,2
149458,1
209205,3
708584,3
914929,2
320531,3
239597,2
272075,3
523620,3
726065,1
616576,1
490266,2
637902,3
676928,3
370641,2
620090,2
1048450,1
959267,3
470385,2
504130,3
1017219,1
1037285,3
682428,2
743178,1
784901,2
967610,2
131108,3
740788,1
1000400,3
456500,3
312948,2
19824,1
258892,3
766216,3
15370,2
591364,2
72865,3
909643,3
966319,3
661765,3
694803,2
224469,2
286502,1
240035,2
280746,1
761039,2
703201,2
51394,3
344003,3
610002,3
808008,3
1003240,2
384656,2
534853,3
449471,3
327928,2
895746,3
678807,2
118520,2
689976,3
517400,3
989327,1
92009,3
19316,2
196137,2
823919,3
39501,3
394839,2
8841,1
809646,2
853627,2
167272,2
25689,3
759880,3
508663,2
823730,2
829742,2
919531,1
73512,2
1016527,3
263039,3
89377,1
417459,3
783720,2
592993,2
366883,2
214988,2
252388,2
145035,3
880161,3
717107,3
554285,1
851847,2
685908,3
298657,2
868433,2
41857,3
648495,3
110644,2
40837,3
93921,1
574732,3
1027746,2
57019,1
34916,1
171372,3
937643,2
697290,3
391122,2
1001531,2
162270,3
581674,2
851319,1
341557,2
746291,1
217840,2
687729,2
704032,2
473827,3
382572,3
936219,3
339084,2
140653,2
42095,2
838517,2
152333,2
694210,3
1006233,2
615713,2
760976,3
696783,3
343216,2
300139,1
73215,2
372159,2
47084,2
938196,1
296019,2
209192,2
419598,2
899940,2
83222,2
1022269,2
701631,2
208006,2
683841,3
408956,2
537641,2
544333,2
789180,2
202136,2
290001,3
350813,3
888599,1
93010,3
721316,3
55600,1
1038928,2
209304,3
846559,3
944528,2
332464,2
436822,3
533866,2
676429,3
484256,3
914976,2
998404,2
325709,1
870175,2
170003,3
725801,2
688890,3
449133,2
344679,3
1001395,3
984520,1
676534,3
274557,2
73748,1
900973,3
247799,3
104021,1
545567,2
151020,2
344212,2
1028685,3
19323,2
476332,3
897627,3
630891,3
995776,2
677621,3
192219,1
379930,3
746565,2
964489,3
811264,3
1000185,3
382093,2
431536,3
710832,1
715153,1
560790,3
310963,3
487996,3
30776,2
474842,3
227704,2
1048902,3
780318,2
990780,2
1010604,1
286336,2
54515,2
1024324,3
382128,2
576306,3
460618,2
255428,3
720516,2
914854,3
67568,3
493025,2
15422,3
827928,3
671159,3
158738,3
137594,2
418528,1
595809,3
495919,2
2753,3
832190,2
789048,2
628090,3
171564,2
599288,3
70732,3
58206,2
1052185,2
673546,3
394021,3
1039691,1
27119,3
389354,3
899748,3
700930,2
414207,3
1007439,1
782690,2
780734,2
49638,2
996274,3
11179,3
343433,3
857511,3
312597,3
720668,3
933558,3
1027024,1
937909,3
69871,2
598969,2
511555,3
338320,1
590004,2
288878,2
397127,1
882216,2
368931,1
278289,2
907593,2
296303,2
486496,2
133548,2
696460,2
911408,3
823444,2
208503,1
450125,2
1042035,3
838237,2
636695,3
207082,2
963977,3
1050714,1
302610,1
507080,2
828940,3
24886,3
104278,3
1012344,1
534127,3
929850,2
240792,2
346601,3
1000584,2
922992,3
243364,3
98861,2
927363,3
153295,2
534615,2
168625,3
333051,3
676463,1
760152,3
254783,3
444598,1
601217,3
543911,2
184535,3
594159,1
218845,3
7622,2
972709,3
472907,3
301046,1
826311,2
183117,3
141601,3
722323,3
1044453,1
1265,3
45233,2
424485,2
522668,2
140982,3
520141,3
547753,2
392512,1
808512,3
883946,3
675037,1
262771,3
1043008,3
102891,2
594092,1
123154,3
531347,2
1044708,2
658141,3
778161,3
1028828,3
183967,2
456425,2
432998,2
166180,3
895733,3
848318,3
273161,3
332408,2
452577,2
36007,2
263272,2
201873,3
714868,2
806715,1
259661,2
517883,2
24453,2
444927,1
894153,3
223798,2
700265,3
330032,2
53899,3
1005029,2
718016,2
923781,1
955744,1
928435,3
104340,3
300063,3
890454,3
89531,2
1031834,3
512017,2
660885,1
744356,2
390588,2
454519,3
1051332,3
590265,2
235129,3
290842,3
330371,2
698612,1
445192,1
640115,1
310028,2
663567,3
1049160,2
442785,2
501372,1
